id	title	author	source	primaryCategory	tags	relativePath
d18203df004977b5	كتابة المصحف حسب قواعد الإملاء	اللجنة الدائمة للبحوث العلمية والإفتاء	أبحاث هيئة كبار العلماء (السعودية)	references	دراسات لغوية	أبحاث هيئة كبار العلماء (السعودية)/7/5 كتابة المصحف حسب قواعد الإملاء.pdf
977f5fbc7aa5340d	التناص الأسطوري في شعر محمد بن علي السنوسي	صالح بن هليل العسيري	المجلة العربية للدراسات الإسلامية والشرعية (مصر)	references	دراسات لغوية	المجلة العربية للدراسات الإسلامية والشرعية (مصر)/6/18/2 التناص الأسطوري في شعر محمد بن علي السنوسي.pdf
3f70a4d30f18bb3d	الشواهد الشعرية وأثرها في تفسير القرآن الكريم من خلال: (ديوان الحماسة): دراسةٌ نظريةٌ تطبيقيةٌ	هديل بنت حامد السحيمي، أ. د. هبة الله بنت صادق أبو عرب	المجلة العربية للدراسات الإسلامية والشرعية (مصر)	diwans	ديوان شعري | شعر وأدب	المجلة العربية للدراسات الإسلامية والشرعية (مصر)/8/29/13 الشواهد الشعرية وأثرها في تفسير القرآن ... خلال$ (ديوان الحماسة)$ دراسةٌ نظريةٌ تطبيقيةٌ.pdf
32c473f73ff4bac1	القيم الإسلامية التربوية في ديوان حسان بن ثابتٍ -رضي الله عنه	د. خاتمة بنت حسن حمود	المجلة العربية للدراسات الإسلامية والشرعية (مصر)	diwans	ديوان شعري | شعر وأدب	المجلة العربية للدراسات الإسلامية والشرعية (مصر)/2/4/4 القيم الإسلامية التربوية في ديوان حسان بن ثابتٍ -رضي الله عنه-.pdf
b2ba320593a292a0	تحديات ترجمة معاني القرآن الكريم في ضوء نظريات علم اللغة النصي والترجمة الحديثة (سورة يس أنموذجاً)	د. توفيق بن عبده الكناني، د. بلقيس السويدي، د. صادق المنبري	المجلة العربية للدراسات الإسلامية والشرعية (مصر)	references	دراسات لغوية	المجلة العربية للدراسات الإسلامية والشرعية (مصر)/4/10/4 تحديات ترجمة معاني القرآن الكريم في ... النصي والترجمة الحديثة (سورة يس أنموذجاً).pdf
12ef7b988d87c8b1	ضمير المتكلم المنفصل (نحن) واستعمالاته في اللغة العربية، والقرآن الكريم: دراسةٌ لغويةٌ دلاليةٌ	منال بنت هليل العطوي	المجلة العربية للدراسات الإسلامية والشرعية (مصر)	references	دراسات لغوية	المجلة العربية للدراسات الإسلامية والشرعية (مصر)/4/13/7 ضمير المتكلم المنفصل (نحن) واستعمالاته في ... العربية، والقرآن الكريم$ دراسةٌ لغويةٌ دلاليةٌ.pdf
730ab0f75de55fa5	منهج التبويب الصرفي بين القديم والحديث: دراسةٌ تقويميةٌ على كتاب: (ميزان الصرف)	محمد عبد المنان مياجي، د. ماجد بن هلال العصيمي	المجلة العربية للدراسات الإسلامية والشرعية (مصر)	references	صرف	المجلة العربية للدراسات الإسلامية والشرعية (مصر)/9/34/16 منهج التبويب الصرفي بين القديم والحديث$ دراسةٌ تقويميةٌ على كتاب$ (ميزان الصرف).pdf
392d1bcf1485c85f	ابن صابرٍ القائل بـ (الخالفة) في النحو العربي	د. علي بن خليفة عطوة	المجلة العلمية لجامعة الملك فيصل للعلوم الإنسانية والإدارية (السعودية)	references	نحو	المجلة العلمية لجامعة الملك فيصل للعلوم الإنسانية والإدارية (السعودية)/21/1/2 ابن صابرٍ القائل بـ (الخالفة) في النحو العربي.pdf
f87fc798e0ead2c2	أثر اللغة العربية في تعزيز النزاهة ومكافحة الفساد	أ. د. عبد العزيز بن عبد الرحمن الخثلان	المجلة العلمية لجامعة الملك فيصل للعلوم الإنسانية والإدارية (السعودية)	references	دراسات لغوية	المجلة العلمية لجامعة الملك فيصل للعلوم الإنسانية والإدارية (السعودية)/18/عدد خاص/2 أثر اللغة العربية في تعزيز النزاهة ومكافحة الفساد.pdf
0bdc75326a8e8ed3	اختيارات/ محمد بن نصيرٍ الميداني النحوية: جمعاً ودراسةً	أ. د. صلاح بن عبد الله بو جليع	المجلة العلمية لجامعة الملك فيصل للعلوم الإنسانية والإدارية (السعودية)	references	دراسات لغوية	المجلة العلمية لجامعة الملك فيصل للعلوم الإنسانية والإدارية (السعودية)/20/1/4 اختيارات& محمد بن نصيرٍ الميداني النحوية$ جمعاً ودراسةً.pdf
510e55d432c9e1d0	آراء ابن الحاج النحوية في: (المقاصد الشافية)، للشاطبي	د. سلوى بنت محمد عرب	المجلة العلمية لجامعة الملك فيصل للعلوم الإنسانية والإدارية (السعودية)	references	دراسات لغوية	المجلة العلمية لجامعة الملك فيصل للعلوم الإنسانية والإدارية (السعودية)/15/2/3 آراء ابن الحاج النحوية في$ (المقاصد الشافية)، للشاطبي.pdf
d89a65ac7346d94a	الاستخدام الشعري للغة: بين التطفل والإنجار (قصيدة: (فتح الأحساء)، لابن عثيمين أنموذجاً)	أ. د. مصطفى محمد تقي الله بن مايابا	المجلة العلمية لجامعة الملك فيصل للعلوم الإنسانية والإدارية (السعودية)	references	دراسات لغوية	المجلة العلمية لجامعة الملك فيصل للعلوم الإنسانية والإدارية (السعودية)/19/2/6 الاستخدام الشعري للغة$ بين التطفل والإنجار (قصيدة$ (فتح الأحساء)، لابن عثيمين أنموذجاً).pdf
6440a4350f8c4f54	البنية الوزنية في الفنون الشعرية المستحدثة: دراسةٌ عروضيةٌ رقميةٌ	أ. د. حسام بن محمد أيوب	المجلة العلمية لجامعة الملك فيصل للعلوم الإنسانية والإدارية (السعودية)	references	شعر وأدب	المجلة العلمية لجامعة الملك فيصل للعلوم الإنسانية والإدارية (السعودية)/22/1/17 البنية الوزنية في الفنون الشعرية المستحدثة$ دراسةٌ عروضيةٌ رقميةٌ.pdf
87f3296bb956b261	التصريف والاشتقاق في ضوء تطور مفهوم الصرف في اللسانيات: قراءةٌ لسانيةٌ جديدةٌ	د. إبراهيم بن سليمان اللاحم	المجلة العلمية لجامعة الملك فيصل للعلوم الإنسانية والإدارية (السعودية)	references	صرف	المجلة العلمية لجامعة الملك فيصل للعلوم الإنسانية والإدارية (السعودية)/25/2/5 التصريف والاشتقاق في ضوء تطور مفهوم الصرف في اللسانيات$ قراءةٌ لسانيةٌ جديدةٌ.pdf
c1f77ca40d631a7a	التيار الأيديولوجي في النقد العربي المعاصر: بين النظرية والممارسة	منى بنت بشير الجراح	المجلة العلمية لجامعة الملك فيصل للعلوم الإنسانية والإدارية (السعودية)	references	دراسات لغوية	المجلة العلمية لجامعة الملك فيصل للعلوم الإنسانية والإدارية (السعودية)/20/2/ملحق العدد/2 التيار الأيديولوجي في النقد العربي المعاصر$ بين النظرية والممارسة.pdf
c76c072deaa506b4	الحدث وأثره في البنية النحوية في النظريات اللسانية الحديثة	د. سعيد بن محمد آل موسى، د. عبد الغني بن شوقي الأدبعي	المجلة العلمية لجامعة الملك فيصل للعلوم الإنسانية والإدارية (السعودية)	references	دراسات لغوية	المجلة العلمية لجامعة الملك فيصل للعلوم الإنسانية والإدارية (السعودية)/22/1/53 الحدث وأثره في البنية النحوية في النظريات اللسانية الحديثة.pdf
3f4f3fed1c4eb113	السرد الروائي النسوي ومجال تشكيلاته الروائية ودلالاتها ((الفردوس اليباب)، لليلى الجهني أنموذجاً)	أ. د. حمدة بنت خلف العنزي	المجلة العلمية لجامعة الملك فيصل للعلوم الإنسانية والإدارية (السعودية)	references	دراسات لغوية	المجلة العلمية لجامعة الملك فيصل للعلوم الإنسانية والإدارية (السعودية)/17/1/5 السرد الروائي النسوي ومجال تشكيلاته الروائية ودلالاتها ((الفردوس اليباب)، لليلى الجهني أنموذجاً).pdf
84b190fe5c50858f	الشعر بين أبي بكرٍ وعائشة -رضي الله عنهما	د. ليلى بنت محمد الدخيل	المجلة العلمية لجامعة الملك فيصل للعلوم الإنسانية والإدارية (السعودية)	references	شعر وأدب	المجلة العلمية لجامعة الملك فيصل للعلوم الإنسانية والإدارية (السعودية)/20/1/2 الشعر بين أبي بكرٍ وعائشة -رضي الله عنهما-.pdf
dc990c01ecce8b94	العربية الفصحى: بين الازدواجية اللغوية والثنائية اللغوية	إبراهيم بن كايد محمود	المجلة العلمية لجامعة الملك فيصل للعلوم الإنسانية والإدارية (السعودية)	references	دراسات لغوية	المجلة العلمية لجامعة الملك فيصل للعلوم الإنسانية والإدارية (السعودية)/3/1/2 العربية الفصحى$ بين الازدواجية اللغوية والثنائية اللغوية.pdf
fd17061c8dc3dbd2	الفنون البلاغية في سورة: (هود)	د. ماجد بن محمد الماجد	المجلة العلمية لجامعة الملك فيصل للعلوم الإنسانية والإدارية (السعودية)	references	دراسات لغوية	المجلة العلمية لجامعة الملك فيصل للعلوم الإنسانية والإدارية (السعودية)/5/2/2 الفنون البلاغية في سورة$ (هود).pdf
2b745d8a3f220b8d	المعاني الاصطلاحية في المعاجم اللغوية (الحدود النحوية في محكم ابن سيده نموذجاً)	حاتم بن محمد مصطفى	المجلة العلمية لجامعة الملك فيصل للعلوم الإنسانية والإدارية (السعودية)	dictionaries	معجم لغوي	المجلة العلمية لجامعة الملك فيصل للعلوم الإنسانية والإدارية (السعودية)/21/2/25 المعاني الاصطلاحية في المعاجم اللغوية (الحدود النحوية في محكم ابن سيده نموذجاً).pdf
7b234fe8a479f8b8	المقاصد التداولية للتقديم والتأخير في كتاب: (نهاية الإيجاز في دراية الإعجاز)، للرازي	باديس لهويمل	المجلة العلمية لجامعة الملك فيصل للعلوم الإنسانية والإدارية (السعودية)	references	دراسات لغوية	المجلة العلمية لجامعة الملك فيصل للعلوم الإنسانية والإدارية (السعودية)/22/1/34 المقاصد التداولية للتقديم والتأخير في كتاب$ (نهاية الإيجاز في دراية الإعجاز)، للرازي.pdf
4d1e69548ac2b19c	بلاغة الإقناع في مقدمات كتب البلاغة العربية	أ. د. عبد الله بن عبد الرحمن بانقيب	المجلة العلمية لجامعة الملك فيصل للعلوم الإنسانية والإدارية (السعودية)	references	دراسات لغوية	المجلة العلمية لجامعة الملك فيصل للعلوم الإنسانية والإدارية (السعودية)/22/2/9 بلاغة الإقناع في مقدمات كتب البلاغة العربية.pdf
6bcb9723fb00c226	بواكير التجديد في الرواية السعودية من خلال رواية: (عذراء المنفى)	أ. د. حسن بن حجاب الحازمي	المجلة العلمية لجامعة الملك فيصل للعلوم الإنسانية والإدارية (السعودية)	references	دراسات لغوية	المجلة العلمية لجامعة الملك فيصل للعلوم الإنسانية والإدارية (السعودية)/13/1/7 بواكير التجديد في الرواية السعودية من خلال رواية$ (عذراء المنفى).pdf
32b97aed9378653c	تجربة الدرس النقدي في العصر الحديث مع قصيدة: (الحادرة)	عالي بن سرحان القرشي	المجلة العلمية لجامعة الملك فيصل للعلوم الإنسانية والإدارية (السعودية)	references	دراسات لغوية	المجلة العلمية لجامعة الملك فيصل للعلوم الإنسانية والإدارية (السعودية)/6/2/2 تجربة الدرس النقدي في العصر الحديث مع قصيدة$ (الحادرة).pdf
30dedaff59fd9611	تلقي التناص بين المنتج والمستهلك	أ. د. معجب بن سعيد العدواني	المجلة العلمية لجامعة الملك فيصل للعلوم الإنسانية والإدارية (السعودية)	references	دراسات لغوية	المجلة العلمية لجامعة الملك فيصل للعلوم الإنسانية والإدارية (السعودية)/14/2/5 تلقي التناص بين المنتج والمستهلك.pdf
58a73a2dcc06e53f	حوسبة دائرة الوحدة للمختار في أوزان الشعر العربي	زينب بنت علي خلف	المجلة العلمية لجامعة الملك فيصل للعلوم الإنسانية والإدارية (السعودية)	references	شعر وأدب	المجلة العلمية لجامعة الملك فيصل للعلوم الإنسانية والإدارية (السعودية)/12/2/6 حوسبة دائرة الوحدة للمختار في أوزان الشعر العربي.pdf
63f33a99da2f36e2	خطاب العنونة: دراسةٌ في بنية العنوان في الرواية السعودية: نماذج مختارةٌ	حسن بن محمد النعمي	المجلة العلمية لجامعة الملك فيصل للعلوم الإنسانية والإدارية (السعودية)	references	دراسات لغوية	المجلة العلمية لجامعة الملك فيصل للعلوم الإنسانية والإدارية (السعودية)/15/1/2 خطاب العنونة$ دراسةٌ في بنية العنوان في الرواية السعودية$ نماذج مختارةٌ.pdf
9cada222a7f346e5	دورة النفي في العربية: مثالاً في التغيرات التاريخية التي طرأت على اللغة العربية	محمد اللهيبي	المجلة العلمية لجامعة الملك فيصل للعلوم الإنسانية والإدارية (السعودية)	references	دراسات لغوية	المجلة العلمية لجامعة الملك فيصل للعلوم الإنسانية والإدارية (السعودية)/22/2/30 دورة النفي في العربية$ مثالاً في ... التاريخية التي طرأت على اللغة العربية.pdf
a0e7b2f71a66dcaa	رمزية المطر في الشعر السعودي المعاصر	محمد بن مشعل الطويرقي	المجلة العلمية لجامعة الملك فيصل للعلوم الإنسانية والإدارية (السعودية)	references	شعر وأدب	المجلة العلمية لجامعة الملك فيصل للعلوم الإنسانية والإدارية (السعودية)/12/2/7 رمزية المطر في الشعر السعودي المعاصر.pdf
3d180c37412f1a13	شرح قصيدة النابغة الذبياني، ت: علي بن أحمد الواحدي: دراسةً وتحقيقاً	علي بن ناصر جماح	المجلة العلمية لجامعة الملك فيصل للعلوم الإنسانية والإدارية (السعودية)	references	دراسات لغوية	المجلة العلمية لجامعة الملك فيصل للعلوم الإنسانية والإدارية (السعودية)/9/2/3 شرح قصيدة النابغة الذبياني، ت$ علي بن أحمد الواحدي$ دراسةً وتحقيقاً.pdf
a51733caf7ec4202	قصيدة: (صبر ينفد)، لسمو الأمير/ عبد الله الفيصل -رحمه الله-: دراسةٌ نحويةٌ دلاليةٌ	د. عيسى بن علي عسيري (لغة)	المجلة العلمية لجامعة الملك فيصل للعلوم الإنسانية والإدارية (السعودية)	references	دراسات لغوية	المجلة العلمية لجامعة الملك فيصل للعلوم الإنسانية والإدارية (السعودية)/16/1/2 قصيدة$ (صبر ينفد)، لسمو الأمير& عبد ... الفيصل -رحمه الله-$ دراسةٌ نحويةٌ دلاليةٌ.pdf
74d9e25389990458	قصيدة: (ما على ظني باس)، لابن زيدون: رؤيةٌ تداوليةٌ	أ. د. حمدة بنت خلف العنزي	المجلة العلمية لجامعة الملك فيصل للعلوم الإنسانية والإدارية (السعودية)	references	دراسات لغوية	المجلة العلمية لجامعة الملك فيصل للعلوم الإنسانية والإدارية (السعودية)/20/1/3 قصيدة$ (ما على ظني باس)، لابن زيدون$ رؤيةٌ تداوليةٌ.pdf
ec836c73fe1ebe68	ما صح في صناعة النحو ويأباه المعنى	د. عبد الفتاح بن محمد عبوش	المجلة العلمية لجامعة الملك فيصل للعلوم الإنسانية والإدارية (السعودية)	references	نحو	المجلة العلمية لجامعة الملك فيصل للعلوم الإنسانية والإدارية (السعودية)/22/1/37 ما صح في صناعة النحو ويأباه المعنى.pdf
dcd4bcdde22584d1	مقاييس جودة الشعر في النقد العربي القديم	عبد الله بن صالح العريني	المجلة العلمية لجامعة الملك فيصل للعلوم الإنسانية والإدارية (السعودية)	references	شعر وأدب	المجلة العلمية لجامعة الملك فيصل للعلوم الإنسانية والإدارية (السعودية)/4/2/2 مقاييس جودة الشعر في النقد العربي القديم.pdf
297b7134d457abde	من المظاهر الصوتية للهجات اليمانية في اللهجة العامية في جنوب الأردن	أ. د. سيف الدين الفقراء	المجلة العلمية لجامعة الملك فيصل للعلوم الإنسانية والإدارية (السعودية)	references	دراسات لغوية	المجلة العلمية لجامعة الملك فيصل للعلوم الإنسانية والإدارية (السعودية)/19/2/5 من المظاهر الصوتية للهجات اليمانية في اللهجة العامية في جنوب الأردن.pdf
02375c38c6a0e86b	من صور التلقي في النقد العربي القديم	ظافر بن عبد الله الشهري	المجلة العلمية لجامعة الملك فيصل للعلوم الإنسانية والإدارية (السعودية)	references	دراسات لغوية	المجلة العلمية لجامعة الملك فيصل للعلوم الإنسانية والإدارية (السعودية)/1/1/2 من صور التلقي في النقد العربي القديم.pdf
dac9ecbb4b973ee1	موقف المجمعيين من القياس كأداةٍ لتنمية اللغة العربية	نجاة بنت عبد الرحمن اليازجي	المجلة العلمية لجامعة الملك فيصل للعلوم الإنسانية والإدارية (السعودية)	references	دراسات لغوية	المجلة العلمية لجامعة الملك فيصل للعلوم الإنسانية والإدارية (السعودية)/11/2/3 موقف المجمعيين من القياس كأداةٍ لتنمية اللغة العربية.pdf
e295f0a24ac896d3	نظرة/ ابن جنيٍ للغة في ضوء الدرس اللساني	سميح بن أحمد مقدادي، محمد بن محمود المقبل	المجلة العلمية لجامعة الملك فيصل للعلوم الإنسانية والإدارية (السعودية)	references	دراسات لغوية	المجلة العلمية لجامعة الملك فيصل للعلوم الإنسانية والإدارية (السعودية)/20/2/2 نظرة& ابن جنيٍ للغة في ضوء الدرس اللساني.pdf
31429aa94d09f3cf	نظرية/ تشومسكي اللغوية: حقيقتها، وصلتها بالنحو العربي	أ. د. صلاح بن عبد الله بو جليع	المجلة العلمية لجامعة الملك فيصل للعلوم الإنسانية والإدارية (السعودية)	references	دراسات لغوية	المجلة العلمية لجامعة الملك فيصل للعلوم الإنسانية والإدارية (السعودية)/25/1/5 نظرية& تشومسكي اللغوية$ حقيقتها، وصلتها بالنحو العربي.pdf
96d6313f11ff018f	استثمار الأساليب البلاغية في تنمية القدرة التداولية من لدن الناطقين بغير العربية	ناصر بن حسن أبو غليون، أنس بن جمال الشعلان	مجلة الآداب - جامعة الملك سعود (السعودية)	references	دراسات لغوية	مجلة الآداب - جامعة الملك سعود (السعودية)/34/2/9 استثمار الأساليب البلاغية في تنمية القدرة التداولية من لدن الناطقين بغير العربية.pdf
735fe614956fd67e	استدعاء التاريخ في قصيدة: (النفير)، للشاعر/ أحمد الصالح: دراسةٌ تحليليةٌ	د. نوال بنت محمد الصيخان	مجلة الآداب - جامعة الملك سعود (السعودية)	references	دراسات لغوية	مجلة الآداب - جامعة الملك سعود (السعودية)/34/2/5 استدعاء التاريخ في قصيدة$ (النفير)، للشاعر& أحمد الصالح$ دراسةٌ تحليليةٌ.pdf
56ac7c733c3b0c41	أسس تحليل التصاحب اللفظي في المدونة اللغوية العربية	د. سلطان بن ناصر المجيول	مجلة الآداب - جامعة الملك سعود (السعودية)	references	دراسات لغوية	مجلة الآداب - جامعة الملك سعود (السعودية)/29/2/1 أسس تحليل التصاحب اللفظي في المدونة اللغوية العربية.pdf
aa4bafeeef0d4bcb	(آسف جداً يا صديقي): أساليب الاعتذار لدى متعلمي اللغة العربية	محمد بن ناصر الرياشي	مجلة الآداب - جامعة الملك سعود (السعودية)	references	دراسات لغوية	مجلة الآداب - جامعة الملك سعود (السعودية)/30/1/2 (آسف جداً يا صديقي)$ أساليب الاعتذار لدى متعلمي اللغة العربية.pdf
93f664a13fc79e04	إشكالية تدريس التفسيرات الصرفية القديمة للإعلال بمراحل التعليم العام والعالي في ظل نتائج الفونولوجيا الحديثة: دراسةٌ نقديةٌ	يوسف بن محمد المحميد، د. إيمان بنت توفيق الشرهان	مجلة الآداب - جامعة الملك سعود (السعودية)	references	دراسات لغوية	مجلة الآداب - جامعة الملك سعود (السعودية)/36/1/5 إشكالية تدريس التفسيرات الصرفية القديمة للإعلال ... ظل نتائج الفونولوجيا الحديثة$ دراسةٌ نقديةٌ.pdf
0cf258c9c142f011	الإبداع في الشعر العربي القديم: الإلهام، والارتجال	أ. د. فضل بن عمار العماري	مجلة الآداب - جامعة الملك سعود (السعودية)	references	شعر وأدب	مجلة الآداب - جامعة الملك سعود (السعودية)/9/1/1 الإبداع في الشعر العربي القديم$ الإلهام، والارتجال.pdf
c50e19f11df6ed2b	الأدبية في كتاب: (التشويق الطبي)، لصاعد بن الحسن	أ. د. محمد بن علي السنيدي	مجلة الآداب - جامعة الملك سعود (السعودية)	references	دراسات لغوية	مجلة الآداب - جامعة الملك سعود (السعودية)/34/4/1 الأدبية في كتاب$ (التشويق الطبي)، لصاعد بن الحسن.pdf
95e9fafe16c4cc5d	الإشاريات التداولية في ديوان: (مداي)، للشاعر/ ماهر الرحيلي	د. عائشة بنت صالح الشمري	مجلة الآداب - جامعة الملك سعود (السعودية)	diwans	ديوان شعري | شعر وأدب	مجلة الآداب - جامعة الملك سعود (السعودية)/36/1/2 الإشاريات التداولية في ديوان$ (مداي)، للشاعر& ماهر الرحيلي.pdf
a4f4515101cf0417	الأصالة والحداثة في الشعر العربي الحديث	د. إبراهيم بن عبد الرحيم السعافين	مجلة الآداب - جامعة الملك سعود (السعودية)	references	شعر وأدب	مجلة الآداب - جامعة الملك سعود (السعودية)/2/2/5 الأصالة والحداثة في الشعر العربي الحديث.pdf
8007cbcf2e5e08ee	الاغتراب في ديوان السيد/ هلال بن بدر البوسعيدي	د. إحسان بن صادق اللواتي	مجلة الآداب - جامعة الملك سعود (السعودية)	diwans	ديوان شعري | شعر وأدب	مجلة الآداب - جامعة الملك سعود (السعودية)/23/2/1 الاغتراب في ديوان السيد& هلال بن بدر البوسعيدي.pdf
27934843a3f9ff0d	البصمة الدينية في أدب ما بعد الجاهلية: مساهمةٌ في جدلية إضعاف الإسلام الشعرَ	أ. د. عبير بنت عبد الله العباسي	مجلة الآداب - جامعة الملك سعود (السعودية)	references	شعر وأدب	مجلة الآداب - جامعة الملك سعود (السعودية)/24/2/6 البصمة الدينية في أدب ما بعد ... مساهمةٌ في جدلية إضعاف الإسلام الشعرَ.pdf
6379e7ab57febdea	التحليل السيميائي للصورة البصرية في الخطاب الإعلامي لصحيفة الرياض الرقمية، وأوجه تعالقه مع العلامة اللغوية	د. أروى بنت محمد الملا	مجلة الآداب - جامعة الملك سعود (السعودية)	references	دراسات لغوية	مجلة الآداب - جامعة الملك سعود (السعودية)/36/4/1 التحليل السيميائي للصورة البصرية في الخطاب ... الرقمية، وأوجه تعالقه مع العلامة اللغوية.pdf
fde0885df19072b7	التدوير وبحور الشعر	د. أبو فراس النطافي	مجلة الآداب - جامعة الملك سعود (السعودية)	references	شعر وأدب	مجلة الآداب - جامعة الملك سعود (السعودية)/6/2/4 التدوير وبحور الشعر.pdf
b7df4cf9d29c44f6	الترتيب الأبجدي بين اللغة العربية واللغات الأوربية	د. حسان بن عبد الله الغنيمان	مجلة الآداب - جامعة الملك سعود (السعودية)	references	دراسات لغوية	مجلة الآداب - جامعة الملك سعود (السعودية)/30/2/2 الترتيب الأبجدي بين اللغة العربية واللغات الأوربية.pdf
59c0d99374c8b305	التشكيل اللساني للصورة الشعرية في ديوان/ ابن حمديس الصقلي	مليكة بوراوي	مجلة الآداب - جامعة الملك سعود (السعودية)	diwans	ديوان شعري | شعر وأدب	مجلة الآداب - جامعة الملك سعود (السعودية)/28/1/2 التشكيل اللساني للصورة الشعرية في ديوان& ابن حمديس الصقلي.pdf
b714e0d916d1a9ee	التصور الاستعاري (الحياة سفر) في ديوان: (عذاب السنين)، لحمد الحجي	د. معاذ بن سليمان الدخيل، د. محمد الناصر كحولي	مجلة الآداب - جامعة الملك سعود (السعودية)	diwans	ديوان شعري | شعر وأدب	مجلة الآداب - جامعة الملك سعود (السعودية)/33/1/4 التصور الاستعاري (الحياة سفر) في ديوان$ (عذاب السنين)، لحمد الحجي.pdf
315a06fab19762db	التضمين في النحو العربي	د. منيرة بنت محمود الحمد	مجلة الآداب - جامعة الملك سعود (السعودية)	references	نحو	مجلة الآداب - جامعة الملك سعود (السعودية)/5/2/3 التضمين في النحو العربي.pdf
63d92944d36227d0	التعارض بين تأويل المعنى وتقدير الإعراب في النحو العربي	أ. د. صاحب بن جعفر أبو جناح	مجلة الآداب - جامعة الملك سعود (السعودية)	references	نحو	مجلة الآداب - جامعة الملك سعود (السعودية)/8/1/3 التعارض بين تأويل المعنى وتقدير الإعراب في النحو العربي.pdf
b941e7f5999960a2	التقدير التجريدي في النظرية النحوية العربية (نماذج من: (كتاب سيبويه))	أمل بنت محمد الشقير	مجلة الآداب - جامعة الملك سعود (السعودية)	references	دراسات لغوية	مجلة الآداب - جامعة الملك سعود (السعودية)/35/4/1 التقدير التجريدي في النظرية النحوية العربية (نماذج من$ (كتاب سيبويه)).pdf
f36b1da3d1a5b1f0	التقنيات النصية التفاعلية، والأبعاد الجمالية في منصة: (تويتر): دراسةٌ تطبيقيةٌ عن تغريدات جائحة كورونا الشعرية (عائض القرني أنموذجاً)	د. منى بنت صالح الرشادة	مجلة الآداب - جامعة الملك سعود (السعودية)	references	شعر وأدب	مجلة الآداب - جامعة الملك سعود (السعودية)/34/2/8 التقنيات النصية التفاعلية، والأبعاد الجمالية في ... جائحة كورونا الشعرية (عائض القرني أنموذجاً).pdf
77d158278e883646	الثقافة التاريخية عند عرب الجاهلية: قراءةٌ في الشعر الجاهلي	د. عبد الرحمن بن إبراهيم الدباسي	مجلة الآداب - جامعة الملك سعود (السعودية)	references	شعر وأدب	مجلة الآداب - جامعة الملك سعود (السعودية)/9/1/3 الثقافة التاريخية عند عرب الجاهلية$ قراءةٌ في الشعر الجاهلي.pdf
bafde00aebb29099	الجارة في الشعر العربي القديم	أ. د. مرزوق بن صنيتان بن تنباك	مجلة الآداب - جامعة الملك سعود (السعودية)	references	شعر وأدب	مجلة الآداب - جامعة الملك سعود (السعودية)/3/2/2 الجارة في الشعر العربي القديم.pdf
1bf50968720e771f	الجريمة في الشعر العربي القديم: دراسةٌ وصفيةٌ تحليليةٌ	د. زكية بنت عوض الحارثي	مجلة الآداب - جامعة الملك سعود (السعودية)	references	شعر وأدب	مجلة الآداب - جامعة الملك سعود (السعودية)/35/3/10 الجريمة في الشعر العربي القديم$ دراسةٌ وصفيةٌ تحليليةٌ.pdf
4b583efbca415d96	الجمهور بين التراث البلاغي والدراسات البلاغية المعاصرة	أ. د. إبراهيم بن منصور التركي	مجلة الآداب - جامعة الملك سعود (السعودية)	references	دراسات لغوية	مجلة الآداب - جامعة الملك سعود (السعودية)/32/2/1 الجمهور بين التراث البلاغي والدراسات البلاغية المعاصرة.pdf
856167e6c5819197	الرمز في القصة القصيرة الحديثة بالسعودية	د. فاطمة الزهراء بنت محمد سعيد	مجلة الآداب - جامعة الملك سعود (السعودية)	references	دراسات لغوية	مجلة الآداب - جامعة الملك سعود (السعودية)/1/1 - 2/5 الرمز في القصة القصيرة الحديثة بالسعودية.pdf
017cbc5a159f5862	الرواية العربية الأنجلوفونية: صراع الهوية والخطاب	د. محمد بن عبد الرزاق عبد الغفار	مجلة الآداب - جامعة الملك سعود (السعودية)	references	دراسات لغوية	مجلة الآداب - جامعة الملك سعود (السعودية)/23/1/1 الرواية العربية الأنجلوفونية$ صراع الهوية والخطاب.pdf
280f2535264cf4e4	السرد المستحيل في الرواية السعودية المعاصرة ((جبل حالية)، و(حين تحكي الروح)، و(الأفق الأعلى) أنموذجاً)	د. منصور بن محمد البلوي	مجلة الآداب - جامعة الملك سعود (السعودية)	references	دراسات لغوية	مجلة الآداب - جامعة الملك سعود (السعودية)/37/1/3 السرد المستحيل في الرواية السعودية المعاصرة ... و(حين تحكي الروح)، و(الأفق الأعلى) أنموذجاً).pdf
5dd9cdfea9cb3b8c	الشعر القديم: نشأته، والموقف منه	أ. د. فضل بن عمار العماري	مجلة الآداب - جامعة الملك سعود (السعودية)	references	شعر وأدب	مجلة الآداب - جامعة الملك سعود (السعودية)/3/2/4 الشعر القديم$ نشأته، والموقف منه.pdf
f13d05f52c097e4a	الشعر والفنون البصرية: بحثٌ في المدونة المؤسسة شعراً ونقداً واصطلاحاً (قصيدة/ أبي نواسٍ أنموذجاً)	د. جابر بن محمد الأحمري	مجلة الآداب - جامعة الملك سعود (السعودية)	references	شعر وأدب	مجلة الآداب - جامعة الملك سعود (السعودية)/34/1/4 الشعر والفنون البصرية$ بحثٌ في المدونة ... ونقداً واصطلاحاً (قصيدة& أبي نواسٍ أنموذجاً).pdf
5a21a1f61b5063ad	الصرف والتصريف وتداخل المصطلح	أ. د. خالد بن عبد الكريم بسندي	مجلة الآداب - جامعة الملك سعود (السعودية)	references	صرف	مجلة الآداب - جامعة الملك سعود (السعودية)/20/2/3 الصرف والتصريف وتداخل المصطلح.pdf
2d0d17a0605d9edd	العتبات في ديوان: (في زورقي)، لعبد الله بن إدريس: مقاربةٌ سيميائيةٌ	د. فهد بن صالح الملحم	مجلة الآداب - جامعة الملك سعود (السعودية)	diwans	ديوان شعري | شعر وأدب	مجلة الآداب - جامعة الملك سعود (السعودية)/36/3/2 العتبات في ديوان$ (في زورقي)، لعبد الله بن إدريس$ مقاربةٌ سيميائيةٌ.pdf
383c7cd749f10ae2	الفصحى بين نظريتَين: (نظرية القدماء)، و(نظرية المحدثين): موازنةٌ ومناقشةٌ	د. حسن بن عيسى أبو ياسين	مجلة الآداب - جامعة الملك سعود (السعودية)	references	دراسات لغوية	مجلة الآداب - جامعة الملك سعود (السعودية)/3/1/1 الفصحى بين نظريتَين$ (نظرية القدماء)، و(نظرية المحدثين)$ موازنةٌ ومناقشةٌ.pdf
ed1f43500272d42d	(القبح) في اللغة العربية بوصفه نموذجاً أولياً: تحليلٌ دلاليٌ إدراكيٌ	د. نادية بنت سيد عبد الواحد عبد المجيد	مجلة الآداب - جامعة الملك سعود (السعودية)	references	دراسات لغوية	مجلة الآداب - جامعة الملك سعود (السعودية)/37/3/6 (القبح) في اللغة العربية بوصفه نموذجاً أولياً$ تحليلٌ دلاليٌ إدراكيٌ.pdf
79d27f37a63908da	الكتابة الأدبية عند/ ابن حبيبٍ الحلبي: قراءةٌ موضوعاتيةٌ في كتاب: (نسيم الصبا)	أ. د. طنف بن صقر العتيبي	مجلة الآداب - جامعة الملك سعود (السعودية)	references	دراسات لغوية	مجلة الآداب - جامعة الملك سعود (السعودية)/34/1/1 الكتابة الأدبية عند& ابن حبيبٍ الحلبي$ قراءةٌ موضوعاتيةٌ في كتاب$ (نسيم الصبا).pdf
18e32129f7fad4ad	المحتوى المفرغ والآلية المكتسبة: مقاربةٌ حواريةٌ نقديةٌ في منهجية نقد الشعر السعودي	د. عماد بن حسيب محمد	مجلة الآداب - جامعة الملك سعود (السعودية)	references	شعر وأدب	مجلة الآداب - جامعة الملك سعود (السعودية)/24/1/3 المحتوى المفرغ والآلية المكتسبة$ مقاربةٌ حواريةٌ نقديةٌ في منهجية نقد الشعر السعودي.pdf
10f0c278e0a8967e	المصادر الصريحة المميزة في العربية: دراسةٌ لغويةٌ حاسوبيةٌ	د. أفراح بنت علي الحميضي	مجلة الآداب - جامعة الملك سعود (السعودية)	references	دراسات لغوية	مجلة الآداب - جامعة الملك سعود (السعودية)/34/1/3 المصادر الصريحة المميزة في العربية$ دراسةٌ لغويةٌ حاسوبيةٌ.pdf
5371c7f21222bf1a	المصطلحات مشكلة علم اللغة العربي الحديث: دراسةٌ لمعجم مصطلحات علم اللغة الحديث لنخبةٍ من اللغويين العرب: دراسةٌ ومراجعةٌ	د. عبد العزيز بن إبراهيم السويل	مجلة الآداب - جامعة الملك سعود (السعودية)	references	دراسات لغوية	مجلة الآداب - جامعة الملك سعود (السعودية)/7/1/8 المصطلحات مشكلة علم اللغة العربي الحديث$ ... لنخبةٍ من اللغويين العرب$ دراسةٌ ومراجعةٌ.pdf
c5043612ec992285	المعارضات السردية في الأدب العربي	د. عبد الرحمن بن إسماعيل السماعيل	مجلة الآداب - جامعة الملك سعود (السعودية)	references	دراسات لغوية	مجلة الآداب - جامعة الملك سعود (السعودية)/16/1/1 المعارضات السردية في الأدب العربي.pdf
2e7c68af27ed6c0d	المكان الثقافي / ثقافة المكان وتمثيله في السرد الروائي السعودي	أ. د. هاجد بن دميثان الحربي	مجلة الآداب - جامعة الملك سعود (السعودية)	references	دراسات لغوية	مجلة الآداب - جامعة الملك سعود (السعودية)/24/2/7 المكان الثقافي & ثقافة المكان وتمثيله في السرد الروائي السعودي.pdf
bec3fd84143e8f51	الملامح التداولية في النحو العربي	أ. د. بلقاسم بن محمد حمام	مجلة الآداب - جامعة الملك سعود (السعودية)	references	نحو	مجلة الآداب - جامعة الملك سعود (السعودية)/26/2/5 الملامح التداولية في النحو العربي.pdf
f613c77ead6411c7	المنية والأمنية: فكرة الموت في الشعر الجاهلي	أ. د. فضل بن عمار العماري	مجلة الآداب - جامعة الملك سعود (السعودية)	references	شعر وأدب	مجلة الآداب - جامعة الملك سعود (السعودية)/6/1/1 المنية والأمنية$ فكرة الموت في الشعر الجاهلي.pdf
bd9152f83eb561b2	النحو العربي ومهارة الكتابة	د. سعيد بن بخيت بيت مبارك	مجلة الآداب - جامعة الملك سعود (السعودية)	references	نحو	مجلة الآداب - جامعة الملك سعود (السعودية)/32/2/3 النحو العربي ومهارة الكتابة.pdf
575e1de57388f2b6	النحو والنحاة عند/ ابن الأثير في كتابه: (المثل السائر)	د. أحمد بن سليمان ياقوت	مجلة الآداب - جامعة الملك سعود (السعودية)	references	نحو	مجلة الآداب - جامعة الملك سعود (السعودية)/1/1 - 2/6 النحو والنحاة عند& ابن الأثير في كتابه$ (المثل السائر).pdf
cb77af20db8c44d6	الهيرمينوطيقية الاستعارية والرمزية: تأويلية الرفض واليقين والهلامية في ديوان: (تفاصيل الفراغ)، للشاعر/ احمد قران الزهراني: دراسةٌ تأويليةٌ	د. أميرة بنت محارب العتيبي	مجلة الآداب - جامعة الملك سعود (السعودية)	diwans	ديوان شعري | شعر وأدب	مجلة الآداب - جامعة الملك سعود (السعودية)/34/1/5 الهيرمينوطيقية الاستعارية والرمزية$ تأويلية الرفض واليقين ... للشاعر& احمد قران الزهراني$ دراسةٌ تأويليةٌ.pdf
c28544ee75bbc268	الوطن-الذهب-الهوية: قراءةٌ في قصيدة: (دعني)، لغازي القصيبي	د. وئام محمد سيد أحمد	مجلة الآداب - جامعة الملك سعود (السعودية)	references	دراسات لغوية	مجلة الآداب - جامعة الملك سعود (السعودية)/33/1/7 الوطن-الذهب-الهوية$ قراءةٌ في قصيدة$ (دعني)، لغازي القصيبي.pdf
5b966d480c5d3588	آليات التصنيف اللغوي بين علم اللغة المعرفي والنحو العربي	د. لطيفة بنت إبراهيم النجار	مجلة الآداب - جامعة الملك سعود (السعودية)	references	دراسات لغوية	مجلة الآداب - جامعة الملك سعود (السعودية)/17/1/1 آليات التصنيف اللغوي بين علم اللغة المعرفي والنحو العربي.pdf
016b61c32f4af064	أمنية التحجر في الشعر العربي الحديث بين سطوتها التراثية وتحولاتها الدلالية	د. أحمد بن صالح الفراصي	مجلة الآداب - جامعة الملك سعود (السعودية)	references	شعر وأدب	مجلة الآداب - جامعة الملك سعود (السعودية)/36/3/3 أمنية التحجر في الشعر العربي الحديث بين سطوتها التراثية وتحولاتها الدلالية.pdf
bf42abecfcbdc854	أنظمة الكشف عن الانتحال العلمي: من اللغويات إلى الأخلاقيات	د. يحيى بن جابر الظلمي	مجلة الآداب - جامعة الملك سعود (السعودية)	references	دراسات لغوية	مجلة الآداب - جامعة الملك سعود (السعودية)/34/3/10 أنظمة الكشف عن الانتحال العلمي$ من اللغويات إلى الأخلاقيات.pdf
31e882a29b243949	أنواع التناص والخطاب الميتاسردي في رواية: (موت صغير)، لمحمد حسن علوان	د. طارق بن محمد المقيم	مجلة الآداب - جامعة الملك سعود (السعودية)	references	دراسات لغوية	مجلة الآداب - جامعة الملك سعود (السعودية)/32/1/3 أنواع التناص والخطاب الميتاسردي في رواية$ (موت صغير)، لمحمد حسن علوان.pdf
d2d75050f1029936	بنية التماسك في قصيدة: (كلمات إلى الحجر)، للشاعر/ عبد الوهاب البياتي	د. محمد بن سليمان السعودي	مجلة الآداب - جامعة الملك سعود (السعودية)	references	دراسات لغوية	مجلة الآداب - جامعة الملك سعود (السعودية)/22/2/3 بنية التماسك في قصيدة$ (كلمات إلى الحجر)، للشاعر& عبد الوهاب البياتي.pdf
892799d11eb4dd0e	بنية الحجاج في معلقة/ الحارث بن حلزة: مقاربةٌ تحليليةٌ في ضوء البلاغة الجديدة	د. عبد الله بن سليمان السعيد	مجلة الآداب - جامعة الملك سعود (السعودية)	references	دراسات لغوية	مجلة الآداب - جامعة الملك سعود (السعودية)/32/1/5 بنية الحجاج في معلقة& الحارث بن ... مقاربةٌ تحليليةٌ في ضوء البلاغة الجديدة.pdf
98f9090872b8a416	بين المثاقفة والتوظيف: الخطاب الاستغرابي في الشعر السعودي	د. سعد بن عبد الرحمن البازعي	مجلة الآداب - جامعة الملك سعود (السعودية)	references	شعر وأدب	مجلة الآداب - جامعة الملك سعود (السعودية)/9/2/3 بين المثاقفة والتوظيف$ الخطاب الاستغرابي في الشعر السعودي.pdf
8ba6d1b225f7a1ef	تأثير اللغة العربية في المكون الثقافي الإيراني: مقاربةٌ تحليليةٌ	أ. د. محمد بن صقر السلمي	مجلة الآداب - جامعة الملك سعود (السعودية)	references	دراسات لغوية	مجلة الآداب - جامعة الملك سعود (السعودية)/32/3/4 تأثير اللغة العربية في المكون الثقافي الإيراني$ مقاربةٌ تحليليةٌ.pdf
f1b255bac624e9bf	تجليات الاتساق والانسجام النصي: قراءةٌ في قصيدة/ أبي ذؤيبٍ الهذلي (القصيدة العينية)	د. محمود بن سليم هياجنة	مجلة الآداب - جامعة الملك سعود (السعودية)	references	دراسات لغوية	مجلة الآداب - جامعة الملك سعود (السعودية)/32/3/3 تجليات الاتساق والانسجام النصي$ قراءةٌ في قصيدة& أبي ذؤيبٍ الهذلي (القصيدة العينية).pdf
d2e59239ced94690	تجليات الشعر الفارسي في آثار/ الجواهري: دراسةٌ تحليليةٌ مقارنةٌ	د. نور محمد القضاة، د. بسام بن علي الربابعة	مجلة الآداب - جامعة الملك سعود (السعودية)	references	شعر وأدب	مجلة الآداب - جامعة الملك سعود (السعودية)/29/2/2 تجليات الشعر الفارسي في آثار& الجواهري$ دراسةٌ تحليليةٌ مقارنةٌ.pdf
60d5e1da8b5c497c	تجليات النزعة الخيامية في قصيدة: (الطلاسم)، لإيليا أبي ماضي	أ. د. أبو الحسن أمين مقدسي، صبري أحمديان، أبو بكر محمودي	مجلة الآداب - جامعة الملك سعود (السعودية)	references	دراسات لغوية	مجلة الآداب - جامعة الملك سعود (السعودية)/30/1/3 تجليات النزعة الخيامية في قصيدة$ (الطلاسم)، لإيليا أبي ماضي.pdf
9a84ed846101389b	تسكين السطر في الشعر التفعيلي: دراسةٌ نقديةٌ	د. وليد بن خالد الحازمي	مجلة الآداب - جامعة الملك سعود (السعودية)	references	شعر وأدب	مجلة الآداب - جامعة الملك سعود (السعودية)/34/3/6 تسكين السطر في الشعر التفعيلي$ دراسةٌ نقديةٌ.pdf
a85346c38f4138e0	تعدد الأصوات واستراتيجية البنية الإحالية في قصيدة/ ابن زريق البغدادي	د. ليلى بنت محمد بايزيد	مجلة الآداب - جامعة الملك سعود (السعودية)	references	دراسات لغوية	مجلة الآداب - جامعة الملك سعود (السعودية)/28/1/5 تعدد الأصوات واستراتيجية البنية الإحالية في قصيدة& ابن زريق البغدادي.pdf
ca8ca768859735ac	تقنيات السرد في تطبيقات الذكاء الاصطناعي (Chat GPT 3.5 أنموذجاً)	د. أروى بنت محمد الملا	مجلة الآداب - جامعة الملك سعود (السعودية)	references	دراسات لغوية	مجلة الآداب - جامعة الملك سعود (السعودية)/37/4/1 تقنيات السرد في تطبيقات الذكاء الاصطناعي (Chat GPT 3.5 أنموذجاً).pdf
5fdc466912d23618	توجيه المواضع في الشعر القديم: الطريقة، المنهج	أ. د. فضل بن عمار العماري	مجلة الآداب - جامعة الملك سعود (السعودية)	references	شعر وأدب	مجلة الآداب - جامعة الملك سعود (السعودية)/30/3/2 توجيه المواضع في الشعر القديم$ الطريقة، المنهج.pdf
579d9dcddc27c4ba	جانبٌ غائبٌ في دراسات الجملة في النحو العربي	أ. د. فالح بن شبيب العجمي	مجلة الآداب - جامعة الملك سعود (السعودية)	references	نحو	مجلة الآداب - جامعة الملك سعود (السعودية)/7/2/2 جانبٌ غائبٌ في دراسات الجملة في النحو العربي.pdf
97e80127cb8b745b	جماليات الشعر السعودي المعاصر من منظور الجهة البلاغية	د. نجلاء بنت علي مطري	مجلة الآداب - جامعة الملك سعود (السعودية)	references	شعر وأدب	مجلة الآداب - جامعة الملك سعود (السعودية)/34/1/6 جماليات الشعر السعودي المعاصر من منظور الجهة البلاغية.pdf
75e7822dc53c6260	حضور السرد الرحلي في قصيدة مشاهد رحلة/ ابن بطوطة المسماة: (تحفة النظار في غرائب الأمصار وعجائب الأسفار)، للشاعر/ فوزي عيسى	أ. د. أبو المعاطي خيري الرمادي	مجلة الآداب - جامعة الملك سعود (السعودية)	references	دراسات لغوية	مجلة الآداب - جامعة الملك سعود (السعودية)/31/1/3 حضور السرد الرحلي في قصيدة مشاهد ... الأمصار وعجائب الأسفار)، للشاعر& فوزي عيسى.pdf
076afd9249b814fd	خصائص الزمن الروائي في القصة الشعرية	أحلام الطويل	مجلة الآداب - جامعة الملك سعود (السعودية)	references	شعر وأدب	مجلة الآداب - جامعة الملك سعود (السعودية)/36/2/1 خصائص الزمن الروائي في القصة الشعرية.pdf
a821901e093ccadc	دراسة الظواهر النحوية في القراءات القرآنية الواردة في كتاب: (شرح القصائد السبع)، لأبي بكر بن الأنباري	د. صالح بن سليمان العمير	مجلة الآداب - جامعة الملك سعود (السعودية)	references	دراسات لغوية	مجلة الآداب - جامعة الملك سعود (السعودية)/2/1/5 دراسة الظواهر النحوية في القراءات القرآنية ... القصائد السبع)، لأبي بكر بن الأنباري.pdf
330e4f337ec412ff	دراسةٌ نقديةٌ لمؤلفاتٍ مختارةٍ في الصرف	د. فاتن بنت خليل محجازي	مجلة الآداب - جامعة الملك سعود (السعودية)	references	صرف	مجلة الآداب - جامعة الملك سعود (السعودية)/29/3/3 دراسةٌ نقديةٌ لمؤلفاتٍ مختارةٍ في الصرف.pdf
0fc24c82a75c3ef0	ركائز البنية السردية في القصة القصيرة جداً ((حروفٌ وسنابل)، لمحمد صوانة أنموذجاً)	أ. د. أبو المعاطي خيري الرمادي	مجلة الآداب - جامعة الملك سعود (السعودية)	references	دراسات لغوية	مجلة الآداب - جامعة الملك سعود (السعودية)/34/2/10 ركائز البنية السردية في القصة القصيرة جداً ((حروفٌ وسنابل)، لمحمد صوانة أنموذجاً).pdf
ce17f4428fee7655	رؤيةٌ جديدةٌ في تفسير التنوين في العربية	أ. د. سمير شريف استيتية	مجلة الآداب - جامعة الملك سعود (السعودية)	references	دراسات لغوية	مجلة الآداب - جامعة الملك سعود (السعودية)/5/1/4 رؤيةٌ جديدةٌ في تفسير التنوين في العربية.pdf
d609f727c3ebecfc	سردية المطلع في الشعر السعودي المعاصر: مقاربةٌ إنشائيةٌ في شعر/ سعود اليوسف	د. فهد بن إبراهيم البكر	مجلة الآداب - جامعة الملك سعود (السعودية)	references	شعر وأدب	مجلة الآداب - جامعة الملك سعود (السعودية)/36/3/6 سردية المطلع في الشعر السعودي المعاصر$ مقاربةٌ إنشائيةٌ في شعر& سعود اليوسف.pdf
997448e58122f223	سيميائية التركيب والتصوير في قصيدة: (الكوليرا)، لنازك الملائكة	د. فاتن بنت عبد اللطيف العامر	مجلة الآداب - جامعة الملك سعود (السعودية)	references	دراسات لغوية	مجلة الآداب - جامعة الملك سعود (السعودية)/37/2/1 سيميائية التركيب والتصوير في قصيدة$ (الكوليرا)، لنازك الملائكة.pdf
74499f6c6c087028	شظايا الذاكرة في قصيدة: (شهرزاد والليلة الثانية بعد الألف)، لعبد الحليم مخالفة	شادية شقروش	مجلة الآداب - جامعة الملك سعود (السعودية)	references	دراسات لغوية	مجلة الآداب - جامعة الملك سعود (السعودية)/29/1/4 شظايا الذاكرة في قصيدة$ (شهرزاد والليلة الثانية بعد الألف)، لعبد الحليم مخالفة.pdf
5d90a1d1fb46cb30	شعرية/ ابن رشدٍ: بين التنظير والتطبيق: دراسةٌ في شرح/ ابن رشدٍ لكتاب/ أرسطو وتطبيقاته على الشعر العربي	د. سعاد بنت عبد العزيز المانع	مجلة الآداب - جامعة الملك سعود (السعودية)	references	شعر وأدب	مجلة الآداب - جامعة الملك سعود (السعودية)/6/1/2 شعرية& ابن رشدٍ$ بين التنظير والتطبيق$ ... لكتاب& أرسطو وتطبيقاته على الشعر العربي.pdf
3059e9bacde0f83c	صورة الجن في الشعر العربي	د. ماجد بن محمد الماجد	مجلة الآداب - جامعة الملك سعود (السعودية)	references	شعر وأدب	مجلة الآداب - جامعة الملك سعود (السعودية)/21/2/1 صورة الجن في الشعر العربي.pdf
d3fbfdbb6a672e34	صورة النخلة في الشعر العباسي حتى نهاية القرن 4هـ	د. صالح بن علي الشتيوي	مجلة الآداب - جامعة الملك سعود (السعودية)	references	شعر وأدب	مجلة الآداب - جامعة الملك سعود (السعودية)/19/2/2 صورة النخلة في الشعر العباسي حتى نهاية القرن 4هـ.pdf
4d04c8a4dcf64ae8	صورة ذوي الإعاقة في الأدب العربي	د. فطيم أحمد دناور	مجلة الآداب - جامعة الملك سعود (السعودية)	references	دراسات لغوية	مجلة الآداب - جامعة الملك سعود (السعودية)/33/3/2 صورة ذوي الإعاقة في الأدب العربي.pdf
285bb3db28f91c74	ظاهرة الإلحاق في الصرف العربي	د. صالح بن سليمان الوهيبي	مجلة الآداب - جامعة الملك سعود (السعودية)	references	صرف	مجلة الآداب - جامعة الملك سعود (السعودية)/2/2/1 ظاهرة الإلحاق في الصرف العربي.pdf
79ad2a8e75780cba	فن المقالة في الأدب العربي النيجيري	لطيف أونيريتي إبراهيم	مجلة الآداب - جامعة الملك سعود (السعودية)	references	دراسات لغوية	مجلة الآداب - جامعة الملك سعود (السعودية)/23/2/3 فن المقالة في الأدب العربي النيجيري.pdf
90010bc0e1edbc51	في الخطاب اليومي والعادات الكلامية التداولية	أ. د. ذكرى بنت يحيى القبيلي	مجلة الآداب - جامعة الملك سعود (السعودية)	references	دراسات لغوية	مجلة الآداب - جامعة الملك سعود (السعودية)/37/3/9 في الخطاب اليومي والعادات الكلامية التداولية.pdf
534f5b8b96b7046b	قانون التخلص من حركة عين الكلمة بالتسكين في اللغة العربية وأثره في إنتاج الصيغ الاختيارية: دراسةٌ مقارنةٌ	د. مصطفى بن طاهر الحيادرة، أ. د. يحيى بن عطية عبابنة	مجلة الآداب - جامعة الملك سعود (السعودية)	references	دراسات لغوية	مجلة الآداب - جامعة الملك سعود (السعودية)/29/2/4 قانون التخلص من حركة عين الكلمة ... في إنتاج الصيغ الاختيارية$ دراسةٌ مقارنةٌ.pdf
ac723502f8cf1fb7	قصيدة/ حسان بن ثابتٍ اللامية: دراسةٌ في توثيق زمنها وتأويلها	د. فهد بن عبد العزيز العبده	مجلة الآداب - جامعة الملك سعود (السعودية)	references	دراسات لغوية	مجلة الآداب - جامعة الملك سعود (السعودية)/32/1/7 قصيدة& حسان بن ثابتٍ اللامية$ دراسةٌ في توثيق زمنها وتأويلها.pdf
d6c451314fb26e10	قضية الإبداع في النقد العربي القديم: بين نظريتَي: (التعبير) و(الخلق)	د. هدى بنت إبراهيم النبوي	مجلة الآداب - جامعة الملك سعود (السعودية)	references	دراسات لغوية	مجلة الآداب - جامعة الملك سعود (السعودية)/34/4/3 قضية الإبداع في النقد العربي القديم$ بين نظريتَي$ (التعبير) و(الخلق).pdf
4d0f542824a981fd	قضية الاغتراب في القصة القصيرة العربية	د. فاطمة الزهراء بنت محمد سعيد	مجلة الآداب - جامعة الملك سعود (السعودية)	references	دراسات لغوية	مجلة الآداب - جامعة الملك سعود (السعودية)/3/2/3 قضية الاغتراب في القصة القصيرة العربية.pdf
1d86b0db4aa19b5a	قضية الخيال في الشعر الجاهلي في دراسات بعض المستشرقين الألمان	د. موسى بن سامح ربابعة	مجلة الآداب - جامعة الملك سعود (السعودية)	references	شعر وأدب	مجلة الآداب - جامعة الملك سعود (السعودية)/6/2/5 قضية الخيال في الشعر الجاهلي في دراسات بعض المستشرقين الألمان.pdf
28a7b0c72014088d	قوانين حماية اللغة العربية في الأردن: بين التشريع والتطبيق	د. عيسى بن عودة برهومة	مجلة الآداب - جامعة الملك سعود (السعودية)	references	دراسات لغوية	مجلة الآداب - جامعة الملك سعود (السعودية)/29/2/5 قوانين حماية اللغة العربية في الأردن$ بين التشريع والتطبيق.pdf
d71d9a98d28b2a7b	كتابة الشعر الجاهلي	أ. د. فضل بن عمار العماري	مجلة الآداب - جامعة الملك سعود (السعودية)	references	شعر وأدب	مجلة الآداب - جامعة الملك سعود (السعودية)/4/1/2 كتابة الشعر الجاهلي.pdf
5773a26ccc052d33	لغة العلوم في ضوء النظرية اللغوية الوظيفية النظامية لهاليداي	د. ليلى بنت محمد قحل، د. إلهام بنت البرعي فرج	مجلة الآداب - جامعة الملك سعود (السعودية)	references	دراسات لغوية	مجلة الآداب - جامعة الملك سعود (السعودية)/37/3/7 لغة العلوم في ضوء النظرية اللغوية الوظيفية النظامية لهاليداي.pdf
9d1f17245c26c52f	ما خلف القاعدة النحوية في مسائل التنوين	د. صالح بن عبد الله العولقي، د. رشيد بن محمد الرهوي	مجلة الآداب - جامعة الملك سعود (السعودية)	references	دراسات لغوية	مجلة الآداب - جامعة الملك سعود (السعودية)/33/1/2 ما خلف القاعدة النحوية في مسائل التنوين.pdf
be444240e372a403	ما لم يرد في المصادر النحوية من الأفعال الناصبة لمفعولَين ليس أصلهما المبتدأ والخبر: دراسةٌ استقرائيةٌ دلاليةٌ	أ. د. خالد بن زويد السلمي	مجلة الآداب - جامعة الملك سعود (السعودية)	references	دراسات لغوية	مجلة الآداب - جامعة الملك سعود (السعودية)/34/2/2 ما لم يرد في المصادر النحوية ... أصلهما المبتدأ والخبر$ دراسةٌ استقرائيةٌ دلاليةٌ.pdf
af17a3ee0fa721b0	مبدأ الجهد الأقل في العربية: أنماطه، وأغراضه التداولية في: (كتاب سيبويه)	أ. د. البندري بنت عبد العزيز العجلان، أمل بنت محمد الشقير	مجلة الآداب - جامعة الملك سعود (السعودية)	references	دراسات لغوية	مجلة الآداب - جامعة الملك سعود (السعودية)/33/1/1 مبدأ الجهد الأقل في العربية$ أنماطه، وأغراضه التداولية في$ (كتاب سيبويه).pdf
7b93d7a06a2b7552	مراجعة الأصول النحوية المهجورة: دراسةٌ وصفيةٌ تحليليةٌ	أ. د. محمد بن ناصر الشهري	مجلة الآداب - جامعة الملك سعود (السعودية)	references	دراسات لغوية	مجلة الآداب - جامعة الملك سعود (السعودية)/29/2/6 مراجعة الأصول النحوية المهجورة$ دراسةٌ وصفيةٌ تحليليةٌ.pdf
5bcc1b2ec839ec34	مصطلح: (الوهن) في العربية: مفهومه، وأثره في تفسير بنية الكلمة	أ. د. سيف الدين الفقراء	مجلة الآداب - جامعة الملك سعود (السعودية)	references	دراسات لغوية	مجلة الآداب - جامعة الملك سعود (السعودية)/34/2/4 مصطلح$ (الوهن) في العربية$ مفهومه، وأثره في تفسير بنية الكلمة.pdf
e0ea95e6c4b59fe2	مكانة الإمام الشافعي اللغوية	د. ريم بنت فرحان المعايطة	مجلة الآداب - جامعة الملك سعود (السعودية)	references	دراسات لغوية	مجلة الآداب - جامعة الملك سعود (السعودية)/26/1/5 مكانة الإمام الشافعي اللغوية.pdf
11a5e4c65696520d	من إشكالات التداخل المعرفي بين النحو وأصول الفقه	أ. د. فريد بن عبد العزيز الزامل	مجلة الآداب - جامعة الملك سعود (السعودية)	references	نحو	مجلة الآداب - جامعة الملك سعود (السعودية)/36/2/3 من إشكالات التداخل المعرفي بين النحو وأصول الفقه.pdf
e5cf6b86567e59c9	من الخصائص اللغوية لقبيلة أسدٍ	د. وفاء بنت فهمي السنديوني	مجلة الآداب - جامعة الملك سعود (السعودية)	references	دراسات لغوية	مجلة الآداب - جامعة الملك سعود (السعودية)/1/1 - 2/3 من الخصائص اللغوية لقبيلة أسدٍ.pdf
489b8ff5d40eb8f8	منحى/ الكلاعي في نقد النثر	أ. د. صالح بن معيض الغامدي	مجلة الآداب - جامعة الملك سعود (السعودية)	references	دراسات لغوية	مجلة الآداب - جامعة الملك سعود (السعودية)/7/2/4 منحى& الكلاعي في نقد النثر.pdf
88bf57bc9b130a81	منزلة ابن العم عند العرب في ضوء الشعر (حتى آخر العصر الأموي)	أ. د. محمد بن سليمان السديس	مجلة الآداب - جامعة الملك سعود (السعودية)	references	شعر وأدب	مجلة الآداب - جامعة الملك سعود (السعودية)/8/1/1 منزلة ابن العم عند العرب في ضوء الشعر (حتى آخر العصر الأموي).pdf
d31728a3584745ae	موقع الفصحى من القدرة اللغوية للمتكلم-السامع العربي	د. صالح بن محمد الصعب	مجلة الآداب - جامعة الملك سعود (السعودية)	references	دراسات لغوية	مجلة الآداب - جامعة الملك سعود (السعودية)/36/3/5 موقع الفصحى من القدرة اللغوية للمتكلم-السامع العربي.pdf
b532f3ba03048375	موقف/ حازمٍ القرطاجني من قضية الغموض في الشعر مقارناً بمواقف النقاد السابقين	د. محمد بن عبد الرحمن الهدلق	مجلة الآداب - جامعة الملك سعود (السعودية)	references	شعر وأدب	مجلة الآداب - جامعة الملك سعود (السعودية)/4/2/1 موقف& حازمٍ القرطاجني من قضية الغموض في الشعر مقارناً بمواقف النقاد السابقين.pdf
4012469b20c685c0	نظام الصيغة في اللغة العربية	أ. د. فالح بن شبيب العجمي	مجلة الآداب - جامعة الملك سعود (السعودية)	references	دراسات لغوية	مجلة الآداب - جامعة الملك سعود (السعودية)/5/1/3 نظام الصيغة في اللغة العربية.pdf
ae44a1968928473b	(نظرية الشعر) عند الشاعر العربي المعاصر: مقاربةٌ للمتشكلات الإبداعية	د. حبيب بوهرور	مجلة الآداب - جامعة الملك سعود (السعودية)	references	شعر وأدب	مجلة الآداب - جامعة الملك سعود (السعودية)/24/1/4 (نظرية الشعر) عند الشاعر العربي المعاصر$ مقاربةٌ للمتشكلات الإبداعية.pdf
5de1bc6cbb739d20	نظرية دوران المادة اللغوية حول معنًى عامٍ: بين ابن فارسٍ وابن جنيٍ: تحليلٌ ودراسةٌ	د. البندري بنت خالد السديري	مجلة الآداب - جامعة الملك سعود (السعودية)	references	دراسات لغوية	مجلة الآداب - جامعة الملك سعود (السعودية)/33/2/1 نظرية دوران المادة اللغوية حول معنًى ... ابن فارسٍ وابن جنيٍ$ تحليلٌ ودراسةٌ.pdf
4e93c18a9f067b5d	وظائف (العنونة) في ديوان الأطفال (كلمات خضر)، للشاعر/ سليمان العيسى (جزء الأناشيد)	د. منى بنت محمد الغامدي	مجلة الآداب - جامعة الملك سعود (السعودية)	diwans	ديوان شعري | شعر وأدب	مجلة الآداب - جامعة الملك سعود (السعودية)/29/2/7 وظائف (العنونة) في ديوان الأطفال (كلمات خضر)، للشاعر& سليمان العيسى (جزء الأناشيد).pdf
2277b297ef623c5b	المتفق والمفترق في: (المعجم الصغير)، لأبي القاسم الطبراني: جمعاً ودراسةً	د. عبد الله بن صالح العنزي	مجلة البحوث الإسلامية (السعودية)	dictionaries	معجم لغوي	مجلة البحوث الإسلامية (السعودية)/132/4 المتفق والمفترق في$ (المعجم الصغير)، لأبي القاسم الطبراني$ جمعاً ودراسةً.pdf
ea2371ab19c9018c	علاقة علم النحو بالمعنى	د. مريم بنت عابد الهذلي	مجلة البحوث الإسلامية (السعودية)	references	نحو	مجلة البحوث الإسلامية (السعودية)/104/7 علاقة علم النحو بالمعنى.pdf
78595b0418a952dd	مدى حاجة الفقيه إلى اللغة العربية	عبد الله شيخ محفوظ بن بيه	مجلة البحوث الفقهية المعاصرة (السعودية)	references	دراسات لغوية	مجلة البحوث الفقهية المعاصرة (السعودية)/17/2 مدى حاجة الفقيه إلى اللغة العربية.pdf
59c792419a1ad38a	أثر القرآن الكريم في الخط العربي	كمال عبد جاسم الجميلي	مجلة البحوث والدراسات القرآنية (السعودية)	references	دراسات لغوية	مجلة البحوث والدراسات القرآنية (السعودية)/9/5 أثر القرآن الكريم في الخط العربي.pdf
34c92a4d67067504	إشكالية ترجمة معاني بعض الخصوصيات النحوية في القرآن الكريم: دراسةٌ مقارنةٌ	د. ندى بنت محمد برنجي	مجلة البحوث والدراسات القرآنية (السعودية)	references	دراسات لغوية	مجلة البحوث والدراسات القرآنية (السعودية)/14/5 إشكالية ترجمة معاني بعض الخصوصيات النحوية في القرآن الكريم$ دراسةٌ مقارنةٌ.pdf
8c13168b14357992	الإشكالية البلاغية لترجمة (معنى المعنى) في النص القرآني: دراسةٌ تطبيقيةٌ	د. إبراهيم بن سعيد السيد	مجلة البحوث والدراسات القرآنية (السعودية)	references	دراسات لغوية	مجلة البحوث والدراسات القرآنية (السعودية)/18/5 الإشكالية البلاغية لترجمة (معنى المعنى) في النص القرآني$ دراسةٌ تطبيقيةٌ.pdf
c01cd2b30b271ada	الكتابة والعمارة: تحليلٌ بصريٌ تاريخيٌ لأهمِ تجليات الخط العربي	أ. د. هاني بن محمد القحطاني	مجلة البحوث والدراسات القرآنية (السعودية)	references	دراسات لغوية	مجلة البحوث والدراسات القرآنية (السعودية)/8/6 الكتابة والعمارة$ تحليلٌ بصريٌ تاريخيٌ لأهمِ تجليات الخط العربي.pdf
549b2bfee4045ef6	المظاهر الصرفية وأثرها في بيان مقاصد التنزيل: دراسةٌ نقديةٌ لبعض الترجمات الفرنسية والإنجليزية	د. سليمان بن علي	مجلة البحوث والدراسات القرآنية (السعودية)	references	دراسات لغوية	مجلة البحوث والدراسات القرآنية (السعودية)/8/3 المظاهر الصرفية وأثرها في بيان مقاصد ... دراسةٌ نقديةٌ لبعض الترجمات الفرنسية والإنجليزية.pdf
39bffc88b25e4c86	دراسة قصيدة الإمام أبي مزاحمٍ الخاقاني في حسن الأداء	أ. د. حازم بن سعيد السعيد	مجلة البحوث والدراسات القرآنية (السعودية)	references	دراسات لغوية	مجلة البحوث والدراسات القرآنية (السعودية)/19/4 دراسة قصيدة الإمام أبي مزاحمٍ الخاقاني في حسن الأداء.pdf
e99ffe42f522740d	فنقلات الزمخشري البلاغية في سورة يوسف -عليه السلام-: دراسةٌ تفسيريةٌ	د. نزار بن عطا الله أحمد	مجلة البحوث والدراسات القرآنية (السعودية)	references	دراسات لغوية	مجلة البحوث والدراسات القرآنية (السعودية)/16/2 فنقلات الزمخشري البلاغية في سورة يوسف -عليه السلام-$ دراسةٌ تفسيريةٌ.pdf
e356d6f57dd89b22	أثر التوجيه الشرعي في الدلالة اللغوية لبعض المناهي اللفظية	د. يحيى بن أحمد عريشي	مجلة الجامعة الإسلامية للعلوم الشرعية (السعودية)	references	دراسات لغوية	مجلة الجامعة الإسلامية للعلوم الشرعية (السعودية)/128/6 أثر التوجيه الشرعي في الدلالة اللغوية لبعض المناهي اللفظية.pdf
592c84233165ae80	إرهاصات المنهج التجريبي في الدراسات اللغوية عند بعض علماء العربية في القرنَين: الثاني والرابع الهجريَين: دراسةٌ وصفيةٌ وتأصيليةٌ	أ. د. محمد بن سعيد الحويطي	مجلة الجامعة الإسلامية للعلوم الشرعية (السعودية)	references	دراسات لغوية	مجلة الجامعة الإسلامية للعلوم الشرعية (السعودية)/182/2/6 إرهاصات المنهج التجريبي في الدراسات اللغوية ... الثاني والرابع الهجريَين$ دراسةٌ وصفيةٌ وتأصيليةٌ.pdf
8a8ba3a1cf8bdded	الإبدال في لغات الأزد: دراسةٌ صوتيةٌ في ضوء علم اللغة الحديث	أ. د. أحمد بن سعيد قشاش	مجلة الجامعة الإسلامية للعلوم الشرعية (السعودية)	references	دراسات لغوية	مجلة الجامعة الإسلامية للعلوم الشرعية (السعودية)/117/6 الإبدال في لغات الأزد$ دراسةٌ صوتيةٌ في ضوء علم اللغة الحديث.pdf
9dea968272a7e8b3	الأزد ومكانتهم في العربيّة	أ. د. أحمد بن سعيد قشاش	مجلة الجامعة الإسلامية للعلوم الشرعية (السعودية)	references	دراسات لغوية	مجلة الجامعة الإسلامية للعلوم الشرعية (السعودية)/116/6 الأزد ومكانتهم في العربيّة.pdf
0cea3e434cee00f9	التوجيهات الصرفية واللغوية لقراءة يزيد بن قُطَيبٍ الشامي: جمعٌ ودراسةٌ	أ. د. سعيد بن علي الغامدي	مجلة الجامعة الإسلامية للعلوم الشرعية (السعودية)	references	دراسات لغوية	مجلة الجامعة الإسلامية للعلوم الشرعية (السعودية)/183/الملحقات/4/3 التوجيهات الصرفية واللغوية لقراءة يزيد بن قُطَيبٍ الشامي$ جمعٌ ودراسةٌ.pdf
cce903f2f881d95b	التيار القديم في الشعر العربي في الأندلس	د. إبراهيم بن موسى السهلي	مجلة الجامعة الإسلامية للعلوم الشرعية (السعودية)	references	شعر وأدب	مجلة الجامعة الإسلامية للعلوم الشرعية (السعودية)/161/6 التيار القديم في الشعر العربي في الأندلس.pdf
b5940f63f6cc2798	الجهل بين الحلم والعلم في اللغة العربية والقرآن الكريم	أ. د. نبيل بن محمد الجوهري	مجلة الجامعة الإسلامية للعلوم الشرعية (السعودية)	references	دراسات لغوية	مجلة الجامعة الإسلامية للعلوم الشرعية (السعودية)/205/1/4 الجهل بين الحلم والعلم في اللغة العربية والقرآن الكريم.pdf
cc12f5acbe300bfd	الحدود في علم النحو، ت: أحمد الأبذي: دراسةً وتحقيقاً	د. نجاة حسن عبد الله نولي	مجلة الجامعة الإسلامية للعلوم الشرعية (السعودية)	references	نحو	مجلة الجامعة الإسلامية للعلوم الشرعية (السعودية)/112/4 الحدود في علم النحو، ت$ أحمد الأبذي$ دراسةً وتحقيقاً.pdf
fb38ad0d4fc10610	الحمل على المعنى وأثره في جبر القواعد النحوية	أ. د. هادي بن أحمد الشجيري	مجلة الجامعة الإسلامية للعلوم الشرعية (السعودية)	references	دراسات لغوية	مجلة الجامعة الإسلامية للعلوم الشرعية (السعودية)/183/الملحقات/9/7 الحمل على المعنى وأثره في جبر القواعد النحوية.pdf
fb254c120aac40f5	الخلافات الصرفية في توجيه بعض الأبنية في القرآن الكريم وأثرها في المعنى	د. شريف بن عبد الكريم النجار	مجلة الجامعة الإسلامية للعلوم الشرعية (السعودية)	references	دراسات لغوية	مجلة الجامعة الإسلامية للعلوم الشرعية (السعودية)/144/6 الخلافات الصرفية في توجيه بعض الأبنية في القرآن الكريم وأثرها في المعنى.pdf
f92052a1dc3c5748	الشواهد الشعرية على غريب القرآن من معلقة: (عنترة بن شداد)	أ. د. صالح بن ثنيان الثنيان	مجلة الجامعة الإسلامية للعلوم الشرعية (السعودية)	references	شعر وأدب	مجلة الجامعة الإسلامية للعلوم الشرعية (السعودية)/186/5 الشواهد الشعرية على غريب القرآن من معلقة$ (عنترة بن شداد).pdf
b012e7f560e70968	الشواهد النحوية من كلام عمر بن الخطاب -رضي الله عنه-: جمعٌ وتخريجٌ ودراسةٌ وصفيةٌ	أ. د. سلطان بن عواض العوفي	مجلة الجامعة الإسلامية للعلوم الشرعية (السعودية)	references	دراسات لغوية	مجلة الجامعة الإسلامية للعلوم الشرعية (السعودية)/183/الملحقات/2/3 الشواهد النحوية من كلام عمر بن ... الله عنه-$ جمعٌ وتخريجٌ ودراسةٌ وصفيةٌ.pdf
c51132c4d6d631e0	الضرورة الشعرية ومفهومها لدى النحويين، دراسةٌ تطبيقيةٌ على ألفية ابن مالكٍ	أ. د. إبراهيم بن صالح الحندود	مجلة الجامعة الإسلامية للعلوم الشرعية (السعودية)	references	شعر وأدب	مجلة الجامعة الإسلامية للعلوم الشرعية (السعودية)/111/6 الضرورة الشعرية ومفهومها لدى النحويين، دراسةٌ تطبيقيةٌ على ألفية ابن مالكٍ.pdf
d7c02282790f23e3	العلاقات البلاغية للتناسب في القسم الرباني بالمخلوقات	د. فايز بن مد الله الذنيبات	مجلة الجامعة الإسلامية للعلوم الشرعية (السعودية)	references	دراسات لغوية	مجلة الجامعة الإسلامية للعلوم الشرعية (السعودية)/170/6 العلاقات البلاغية للتناسب في القسم الرباني بالمخلوقات.pdf
31d393bf0c94fbab	القول بتحريف القرآن: بين نصوص: (نهج البلاغة) واعتقاد الإمامية: دراسةٌ تحليليةٌ مقارنةٌ	أ. د. بدر بن ناصر العواد	مجلة الجامعة الإسلامية للعلوم الشرعية (السعودية)	references	دراسات لغوية	مجلة الجامعة الإسلامية للعلوم الشرعية (السعودية)/211/2/4 القول بتحريف القرآن$ بين نصوص$ (نهج البلاغة) واعتقاد الإمامية$ دراسةٌ تحليليةٌ مقارنةٌ.pdf
e2e7060da0fffd21	المشابهة بين الأسماء والأفعال والحروف، وأثرها في بناء القاعدة النحوية	أ. د. عبد الله بن عثمان اليتيمي	مجلة الجامعة الإسلامية للعلوم الشرعية (السعودية)	references	دراسات لغوية	مجلة الجامعة الإسلامية للعلوم الشرعية (السعودية)/175/8 المشابهة بين الأسماء والأفعال والحروف، وأثرها في بناء القاعدة النحوية.pdf
c9c465e88a011f9e	المضارعة الصوتية بين أصوات اللغة العربية	د. يحيى بن علي المباركي	مجلة الجامعة الإسلامية للعلوم الشرعية (السعودية)	references	دراسات لغوية	مجلة الجامعة الإسلامية للعلوم الشرعية (السعودية)/136/6 المضارعة الصوتية بين أصوات اللغة العربية.pdf
0e47dee53917e52d	الموازنة بين كتاب: (الإيضاح في علل النحو)، للزجاجي، وكتاب: (العلل في النحو)، للوراق	د. عبد الله بن محمد حياني	مجلة الجامعة الإسلامية للعلوم الشرعية (السعودية)	references	نحو	مجلة الجامعة الإسلامية للعلوم الشرعية (السعودية)/183/الملحقات/5/7 الموازنة بين كتاب$ (الإيضاح في علل ... للزجاجي، وكتاب$ (العلل في النحو)، للوراق.pdf
4ab561f1ffb2dc1e	النحو التعليمي: بين التعريف، والقاعدة، والمثال، والشاهد، والخلاف	أ. د. سعود بن عبد العزيز الخنين	مجلة الجامعة الإسلامية للعلوم الشرعية (السعودية)	references	نحو	مجلة الجامعة الإسلامية للعلوم الشرعية (السعودية)/170/7 النحو التعليمي$ بين التعريف، والقاعدة، والمثال، والشاهد، والخلاف.pdf
9afd5e81cadf04dc	الوحدة المعجمية وإشكالاتها الدلالية لدى غير الناطقين بالعربية في نيجيريا	د. علي بن أبولاجي عبد الرزاق	مجلة الجامعة الإسلامية للعلوم الشرعية (السعودية)	dictionaries	معجم لغوي	مجلة الجامعة الإسلامية للعلوم الشرعية (السعودية)/179/8 الوحدة المعجمية وإشكالاتها الدلالية لدى غير الناطقين بالعربية في نيجيريا.pdf
7d4618ed684417bf	اليوميات في الأدب العربي القديم ((رُوزنَامَجَةُ) ابن عبادٍ نموذجاً): مقاربةٌ إنشائيةٌ	د. فهد بن إبراهيم البكر	مجلة الجامعة الإسلامية للعلوم الشرعية (السعودية)	references	دراسات لغوية	مجلة الجامعة الإسلامية للعلوم الشرعية (السعودية)/183/الملحقات/12/6 اليوميات في الأدب العربي القديم ((رُوزنَامَجَةُ) ابن عبادٍ نموذجاً)$ مقاربةٌ إنشائيةٌ.pdf
08680614dbe76360	أهمية دراسة اللغة العربية لطلاب الدراسات القرآنية ووسائل النهوض بها	أ. د. محمد بن عبد العزيز العواجي	مجلة الجامعة الإسلامية للعلوم الشرعية (السعودية)	references	دراسات لغوية	مجلة الجامعة الإسلامية للعلوم الشرعية (السعودية)/188/1/5 أهمية دراسة اللغة العربية لطلاب الدراسات القرآنية ووسائل النهوض بها.pdf
87de0472da7bec2e	بعض الظواهر الصوتية والنحوية والدلالية في اللهجة السودانية وعلاقتها بالعربية الفصحى	د. جلال بن أحمد قدال	مجلة الجامعة الإسلامية للعلوم الشرعية (السعودية)	references	دراسات لغوية	مجلة الجامعة الإسلامية للعلوم الشرعية (السعودية)/183/الملحقات/4/7 بعض الظواهر الصوتية والنحوية والدلالية في اللهجة السودانية وعلاقتها بالعربية الفصحى.pdf
8a809f24a3bb57ac	جمالية السرد في شعر المرقش الأكبر	د. سامية بنت عبد الله العمري	مجلة الجامعة الإسلامية للعلوم الشرعية (السعودية)	references	دراسات لغوية	مجلة الجامعة الإسلامية للعلوم الشرعية (السعودية)/183/الملحقات/14/7 جمالية السرد في شعر المرقش الأكبر.pdf
09460ab1e2a5a303	ذكر ما انفرد به كل واحدٍ من السبعة على حروف المعجم، تلخيص: عبد الكريم بن عبد الصمد الطبري: دراسةً وتحقيقاً	د. عبد الله بن صلاح الصاعدي	مجلة الجامعة الإسلامية للعلوم الشرعية (السعودية)	dictionaries	معجم لغوي	مجلة الجامعة الإسلامية للعلوم الشرعية (السعودية)/211/1/4 ذكر ما انفرد به كل واحدٍ ... بن عبد الصمد الطبري$ دراسةً وتحقيقاً.pdf
56fb79d863e4934f	رسالة عبد الملك بن مروان للحجاج في الشعر والشعراء: دلالاتها الحضارية والأدبية	أ. د. عبد الرحمن بن دخيل ربه المطرفي	مجلة الجامعة الإسلامية للعلوم الشرعية (السعودية)	references	شعر وأدب	مجلة الجامعة الإسلامية للعلوم الشرعية (السعودية)/183/الملحقات/7/2 رسالة عبد الملك بن مروان للحجاج في الشعر والشعراء$ دلالاتها الحضارية والأدبية.pdf
94228d5db582c91f	علم اللغة النفسي في التراث العربي	أ. د. جاسم بن علي جاسم	مجلة الجامعة الإسلامية للعلوم الشرعية (السعودية)	references	دراسات لغوية	مجلة الجامعة الإسلامية للعلوم الشرعية (السعودية)/154/8 علم اللغة النفسي في التراث العربي.pdf
6b8113d3d8a0f8f2	علة إهمال الاسم العامل في النحو العربي	د. منيرة بنت محمود الحمد	مجلة الجامعة الإسلامية للعلوم الشرعية (السعودية)	references	نحو	مجلة الجامعة الإسلامية للعلوم الشرعية (السعودية)/152/8 علة إهمال الاسم العامل في النحو العربي.pdf
4e362ff3891c8f4c	(عماية)(الحصاة) في الأدب العربي	أ. د. حمد بن فهد القحطاني	مجلة الجامعة الإسلامية للعلوم الشرعية (السعودية)	references	دراسات لغوية	مجلة الجامعة الإسلامية للعلوم الشرعية (السعودية)/183/الملحقات/16/6 (عماية)(الحصاة) في الأدب العربي.pdf
c9174324b105c292	فكرة العامل وأثرها في بناء المصطلحات النحوية عند سيبويه	د. علي بن سليمان الجوابرة	مجلة الجامعة الإسلامية للعلوم الشرعية (السعودية)	references	دراسات لغوية	مجلة الجامعة الإسلامية للعلوم الشرعية (السعودية)/183/الملحقات/8/8 فكرة العامل وأثرها في بناء المصطلحات النحوية عند سيبويه.pdf
e6c9839850ecdffa	قراءةٌ في قصيدة: (فارس الأحلام) للشاعر محمد بن علي السنوسي	د. محمد بن بكر آل عابد	مجلة الجامعة الإسلامية للعلوم الشرعية (السعودية)	references	دراسات لغوية	مجلة الجامعة الإسلامية للعلوم الشرعية (السعودية)/156/7 قراءةٌ في قصيدة$ (فارس الأحلام) للشاعر محمد بن علي السنوسي.pdf
da2c3a652538fab5	قصيدة أعشار القرآن العزيز، ت: محمد بن حسن الفاسي: دراسةً وتحقيقاً	أ. د. عبد الرحمن بن سعد الجهني	مجلة الجامعة الإسلامية للعلوم الشرعية (السعودية)	references	دراسات لغوية	مجلة الجامعة الإسلامية للعلوم الشرعية (السعودية)/190/1/2 قصيدة أعشار القرآن العزيز، ت$ محمد بن حسن الفاسي$ دراسةً وتحقيقاً.pdf
fb1e99adc013eaaa	قصيدةٌ مفيدةٌ في مخارج الحروف، ت: محمد بن عبد الله البغدادي (سبط الخياط): دراسةً وتحقيقاً وشرحاً	أ. د. طارق بن سعيد السهلي	مجلة الجامعة الإسلامية للعلوم الشرعية (السعودية)	references	دراسات لغوية	مجلة الجامعة الإسلامية للعلوم الشرعية (السعودية)/194/1/2 قصيدةٌ مفيدةٌ في مخارج الحروف، ت$ ... البغدادي (سبط الخياط)$ دراسةً وتحقيقاً وشرحاً.pdf
d4028225bb639e88	ما أصله الفصيح في لهجة: جازان (ألفاظ الرعي والزراعة أنموذجاً)	د. حسن بن إبراهيم قابور	مجلة الجامعة الإسلامية للعلوم الشرعية (السعودية)	references	دراسات لغوية	مجلة الجامعة الإسلامية للعلوم الشرعية (السعودية)/176/8 ما أصله الفصيح في لهجة$ جازان (ألفاظ الرعي والزراعة أنموذجاً).pdf
26ba593d47e172c6	مبدأ التزام اللغة العربية في الإجراءات القضائية: دراسةٌ تأصيليةٌ في أنظمة المملكة العربية السعودية	أ. د. هيثم بن حامد المصاروة	مجلة الجامعة الإسلامية للعلوم الشرعية (السعودية)	references	دراسات لغوية	مجلة الجامعة الإسلامية للعلوم الشرعية (السعودية)/208/4/2 مبدأ التزام اللغة العربية في الإجراءات ... تأصيليةٌ في أنظمة المملكة العربية السعودية.pdf
bff8d83dac55713d	مسائل علم المعاني المنقولة عن الزمخشري في كتاب: (الإيضاح) للخطيب القزويني: عرضٌ ودراسةٌ	د. علي بن دخيل الله العوفي	مجلة الجامعة الإسلامية للعلوم الشرعية (السعودية)	references	دراسات لغوية	مجلة الجامعة الإسلامية للعلوم الشرعية (السعودية)/146/6 مسائل علم المعاني المنقولة عن الزمخشري ... كتاب$ (الإيضاح) للخطيب القزويني$ عرضٌ ودراسةٌ.pdf
5d86e1800dda7dbf	من الأوزان النادرة في اللغة العربية: (تِفعَالٌ) و(تِفِعالٌ): دراسةٌ لغويةٌ	د. جمعان بن عبد الكريم الغامدي	مجلة الجامعة الإسلامية للعلوم الشرعية (السعودية)	references	دراسات لغوية	مجلة الجامعة الإسلامية للعلوم الشرعية (السعودية)/153/9 من الأوزان النادرة في اللغة العربية$ (تِفعَالٌ) و(تِفِعالٌ)$ دراسةٌ لغويةٌ.pdf
a50767bbe6d9b002	موت الألفاظ في العربية	أ. د. عبد الرزاق بن فراج الصاعدي	مجلة الجامعة الإسلامية للعلوم الشرعية (السعودية)	references	دراسات لغوية	مجلة الجامعة الإسلامية للعلوم الشرعية (السعودية)/107/6 موت الألفاظ في العربية.pdf
1632bd1d09e9dd85	موقف الرسول ﷺ من الشعر: سنةٌ نبويةٌ خالدةٌ	د. سفير بن خلف القثامي	مجلة الجامعة الإسلامية للعلوم الشرعية (السعودية)	references	شعر وأدب	مجلة الجامعة الإسلامية للعلوم الشرعية (السعودية)/137/7 موقف الرسول ﷺ من الشعر$ سنةٌ نبويةٌ خالدةٌ.pdf
7250042211393170	نماذج من مقدمات كتب البلاغة: تحليلٌ وتقييمٌ	أ. د. عبد الله بن عبد الرحمن بانقيب	مجلة الجامعة الإسلامية للعلوم الشرعية (السعودية)	references	دراسات لغوية	مجلة الجامعة الإسلامية للعلوم الشرعية (السعودية)/183/الملحقات/6/8 نماذج من مقدمات كتب البلاغة$ تحليلٌ وتقييمٌ.pdf
03a5a568aa003cde	أبو بكرٍ محمدٌ بن يحيى الخفاف وآراؤه النحوية	د. نواف بن أحمد حكمي	مجلة الجامعة الإسلامية للغة العربية وآدابها (السعودية)	references	دراسات لغوية	مجلة الجامعة الإسلامية للغة العربية وآدابها (السعودية)/1/1/3 أبو بكرٍ محمدٌ بن يحيى الخفاف وآراؤه النحوية.pdf
b51249d06105f049	أبو عمروٍ الداني، واختياراته النحوية من خلال كتابه: (المكتفى في الوقف والابتداء)	د. إبراهيم بن علي عسيري	مجلة الجامعة الإسلامية للغة العربية وآدابها (السعودية)	references	دراسات لغوية	مجلة الجامعة الإسلامية للغة العربية وآدابها (السعودية)/8/1/2 أبو عمروٍ الداني، واختياراته النحوية من خلال كتابه$ (المكتفى في الوقف والابتداء).pdf
0b8776a7492e3837	أثر استلهام التراث في تجليات الذات الشاعرة في ديوان: (مزاجها زنجبيل)، لفواز اللعبون	أ. د. أسماء بنت حسن النويري	مجلة الجامعة الإسلامية للغة العربية وآدابها (السعودية)	diwans	ديوان شعري | شعر وأدب	مجلة الجامعة الإسلامية للغة العربية وآدابها (السعودية)/4/1/12 أثر استلهام التراث في تجليات الذات ... في ديوان$ (مزاجها زنجبيل)، لفواز اللعبون.pdf
37beed615c824da9	أثر أصوات ألسن اللغة العربية في تنوع قراءة القرآن الكريم وتنوع التفسير واختلافه وترجيحه: دراسةٌ تأصيليةٌ تحليليةٌ في علوم القرآن وتفسيره	د. مجتبى بن محمود بني كنانة	مجلة الجامعة الإسلامية للغة العربية وآدابها (السعودية)	references	دراسات لغوية	مجلة الجامعة الإسلامية للغة العربية وآدابها (السعودية)/1/3/1 أثر أصوات ألسن اللغة العربية في ... تأصيليةٌ تحليليةٌ في علوم القرآن وتفسيره.pdf
acdabc8c4ca221fd	أثر الإبدال في تنافي معاني المادة المعجمية: دراسةٌ في نماذج من ألفاظ تهامة منطقة الباحة	أ. د. مكين بن حوفان القرني	مجلة الجامعة الإسلامية للغة العربية وآدابها (السعودية)	dictionaries	معجم لغوي	مجلة الجامعة الإسلامية للغة العربية وآدابها (السعودية)/2/1/10 أثر الإبدال في تنافي معاني المادة ... نماذج من ألفاظ تهامة منطقة الباحة.pdf
e6a32749d90a6919	أثر الانزياح التركيبي في انتظام القافية في ديوان الشاعر/ حمزة شحاتة	د. فهد بن فريح الرشيدي	مجلة الجامعة الإسلامية للغة العربية وآدابها (السعودية)	diwans	ديوان شعري | شعر وأدب	مجلة الجامعة الإسلامية للغة العربية وآدابها (السعودية)/16/2/10 أثر الانزياح التركيبي في انتظام القافية في ديوان الشاعر& حمزة شحاتة.pdf
7de8be34b3263e36	أحمد محمد جمال وديوانه: (الطلائع): ذاكرة الشعر والغياب	أ. د. صالح بن عبد العزيز المحمود	مجلة الجامعة الإسلامية للغة العربية وآدابها (السعودية)	references	شعر وأدب	مجلة الجامعة الإسلامية للغة العربية وآدابها (السعودية)/3/1/8 أحمد محمد جمال وديوانه$ (الطلائع)$ ذاكرة الشعر والغياب.pdf
d81b0edd10bb28b1	أخطاء التلاوة لدى متعلمي اللغة العربية الناطقين بلغاتٍ أخرى	د. علي بن هذلول الهذلول	مجلة الجامعة الإسلامية للغة العربية وآدابها (السعودية)	references	دراسات لغوية	مجلة الجامعة الإسلامية للغة العربية وآدابها (السعودية)/8/1/11 أخطاء التلاوة لدى متعلمي اللغة العربية الناطقين بلغاتٍ أخرى.pdf
42148382f04166f8	استخدام المعاجم الرقمية في تعلم اللغة العربية لغةً ثانيةً من وجهة نظر طلاب معهد تعليم اللغة العربية لغير الناطقين بها بالجامعة الإسلامية	د. تركي بن عبد العزيز الملحم	مجلة الجامعة الإسلامية للغة العربية وآدابها (السعودية)	dictionaries	معجم لغوي	مجلة الجامعة الإسلامية للغة العربية وآدابها (السعودية)/16/2/11 استخدام المعاجم الرقمية في تعلم اللغة ... العربية لغير الناطقين بها بالجامعة الإسلامية.pdf
b9e646d269628aad	استدعاء الشخصيات التراثية في ديوان: (يُنتظر أن)، لعبد الله الوشمي	أ. د. فواز بن زايد الشمري	مجلة الجامعة الإسلامية للغة العربية وآدابها (السعودية)	diwans	ديوان شعري | شعر وأدب	مجلة الجامعة الإسلامية للغة العربية وآدابها (السعودية)/4/2/6 استدعاء الشخصيات التراثية في ديوان$ (يُنتظر أن)، لعبد الله الوشمي.pdf
dbffcb3d0d513e10	استلهام التراث وتشكيل الهوية في الرواية السعودية بنجران: نماذج معاصرةٌ	د. رشا بنت عبد الرؤوف الحبيشي، د. زهير بن حسن العمري	مجلة الجامعة الإسلامية للغة العربية وآدابها (السعودية)	references	دراسات لغوية	مجلة الجامعة الإسلامية للغة العربية وآدابها (السعودية)/13/1/6 استلهام التراث وتشكيل الهوية في الرواية السعودية بنجران$ نماذج معاصرةٌ.pdf
0e29d85963299a14	استئناف التقنين النحوي في ضوء الاستعمال التداولي للأنماط اللغوية	د. عمر بن محمد أبو نواس	مجلة الجامعة الإسلامية للغة العربية وآدابها (السعودية)	references	دراسات لغوية	مجلة الجامعة الإسلامية للغة العربية وآدابها (السعودية)/4/1/4 استئناف التقنين النحوي في ضوء الاستعمال التداولي للأنماط اللغوية.pdf
4046ccbfd7eb9bd4	إصلاحات/ الشلوبين الصرفية في متن: (الجزولية) في كتابه: (شرح المقدمة الجزولية الكبير)	د. سارة بنت عبد الله الصبيح	مجلة الجامعة الإسلامية للغة العربية وآدابها (السعودية)	references	دراسات لغوية	مجلة الجامعة الإسلامية للغة العربية وآدابها (السعودية)/17/1/2 إصلاحات& الشلوبين الصرفية في متن$ (الجزولية) في كتابه$ (شرح المقدمة الجزولية الكبير).pdf
b5b8506fc3d5648c	إصلاحات/ اللورقي لعبارة/ الجزولي النحوية في المقدمة الجزولية: دراسةٌ تحليليةٌ	د. عبد العزيز بن سليمان الملحم	مجلة الجامعة الإسلامية للغة العربية وآدابها (السعودية)	references	دراسات لغوية	مجلة الجامعة الإسلامية للغة العربية وآدابها (السعودية)/17/2/2 إصلاحات& اللورقي لعبارة& الجزولي النحوية في المقدمة الجزولية$ دراسةٌ تحليليةٌ.pdf
4fb9b746acfd0eac	أفق الانتظار والمسافة الجمالية: قراءةٌ في ديوان: (أجنحةٌ بلا ريشٍ)، لحسين سرحان	د. ذيب بن مقعد العصيمي	مجلة الجامعة الإسلامية للغة العربية وآدابها (السعودية)	diwans	ديوان شعري | شعر وأدب	مجلة الجامعة الإسلامية للغة العربية وآدابها (السعودية)/6/2/11 أفق الانتظار والمسافة الجمالية$ قراءةٌ في ديوان$ (أجنحةٌ بلا ريشٍ)، لحسين سرحان.pdf
cef5b4c71300d824	الأبعاد التداولية عند/ ابن الجوزي في تفسيره للسبع الطوال: دراسةٌ في ضوء نظرية التلقي	د. طلال بن خلف الحساني	مجلة الجامعة الإسلامية للغة العربية وآدابها (السعودية)	references	دراسات لغوية	مجلة الجامعة الإسلامية للغة العربية وآدابها (السعودية)/16/2/3 الأبعاد التداولية عند& ابن الجوزي في ... الطوال$ دراسةٌ في ضوء نظرية التلقي.pdf
716c5c2be3582678	الاتصال بين العربية واللغات الأخرى: مقاربةٌ تاريخيةٌ حول المعجمية والاقتراض اللغوي	أ. د. محمد بن ظافر الحازمي	مجلة الجامعة الإسلامية للغة العربية وآدابها (السعودية)	dictionaries	معجم لغوي	مجلة الجامعة الإسلامية للغة العربية وآدابها (السعودية)/11/6 الاتصال بين العربية واللغات الأخرى$ مقاربةٌ تاريخيةٌ حول المعجمية والاقتراض اللغوي.pdf
9fbe9f6f7b7af06c	الاستدلال الحجاجي وأساليبه البلاغية في رسالة: (منع جواز المجاز)، للشيخ الشنقيطي	د. عائض بن مبارك الحربي	مجلة الجامعة الإسلامية للغة العربية وآدابها (السعودية)	references	دراسات لغوية	مجلة الجامعة الإسلامية للغة العربية وآدابها (السعودية)/2/2/2 الاستدلال الحجاجي وأساليبه البلاغية في رسالة$ (منع جواز المجاز)، للشيخ الشنقيطي.pdf
eccd89143b6701fc	الاستغراب في الرواية السعودية (رواية: (العصفورية) أنموذجاً)	د. عادل بن مصيلح المظيبري	مجلة الجامعة الإسلامية للغة العربية وآدابها (السعودية)	references	دراسات لغوية	مجلة الجامعة الإسلامية للغة العربية وآدابها (السعودية)/9/11 الاستغراب في الرواية السعودية (رواية$ (العصفورية) أنموذجاً).pdf
1c0da9792d5a106b	الاستفهام الشعري في ديوان/ يحيى بن حكمٍ الغزال: مقاربةٌ حجاجيةٌ تداوليةٌ	د. هبة بنت مصطفى جابر	مجلة الجامعة الإسلامية للغة العربية وآدابها (السعودية)	diwans	ديوان شعري | شعر وأدب	مجلة الجامعة الإسلامية للغة العربية وآدابها (السعودية)/8/2/10 الاستفهام الشعري في ديوان& يحيى بن حكمٍ الغزال$ مقاربةٌ حجاجيةٌ تداوليةٌ.pdf
00d3c2a7cd71781d	الإشاريات التداولية في مرويات/ أم المؤمنين عائشة -رضي الله عنها- ((بدء الوحي) و(مبشرات النبوة) أنموذجاً): دراسةٌ وصفيةٌ تحليليةٌ	د. فوزية بنت سعد القرني	مجلة الجامعة الإسلامية للغة العربية وآدابها (السعودية)	references	دراسات لغوية	مجلة الجامعة الإسلامية للغة العربية وآدابها (السعودية)/18/9 الإشاريات التداولية في مرويات& أم المؤمنين ... و(مبشرات النبوة) أنموذجاً)$ دراسةٌ وصفيةٌ تحليليةٌ.pdf
c477577e6cc0bd2a	الألفاظ اللغوية المسؤول عنها في الحديث النبوي: دراسةٌ في الظاهرة وأسبابها	د. أنس بن محمود فجال	مجلة الجامعة الإسلامية للغة العربية وآدابها (السعودية)	references	دراسات لغوية	مجلة الجامعة الإسلامية للغة العربية وآدابها (السعودية)/3/1/2 الألفاظ اللغوية المسؤول عنها في الحديث النبوي$ دراسةٌ في الظاهرة وأسبابها.pdf
0b859ee46250b7fa	الأنماط التداولية في: (أسرار العربية)، للأنباري: من التعليم إلى التعليل	د. عمر بن محمد أبو نواس	مجلة الجامعة الإسلامية للغة العربية وآدابها (السعودية)	references	دراسات لغوية	مجلة الجامعة الإسلامية للغة العربية وآدابها (السعودية)/1/2/5 الأنماط التداولية في$ (أسرار العربية)، للأنباري$ من التعليم إلى التعليل.pdf
e413e5f99a376bbd	البلاغة في تفسير سورة: (الإخلاص)، من كتاب: (ينابيع العلوم)، للقاضي أبي العباس أحمد بن الخليل الخويي الشافعي: دراسةٌ استقرائيةٌ تحليليةٌ	د. شيخة بنت محمد الجعيدي	مجلة الجامعة الإسلامية للغة العربية وآدابها (السعودية)	references	دراسات لغوية	مجلة الجامعة الإسلامية للغة العربية وآدابها (السعودية)/15/1/3 البلاغة في تفسير سورة$ (الإخلاص)، من ... الخليل الخويي الشافعي$ دراسةٌ استقرائيةٌ تحليليةٌ.pdf
b91a43e75fa4e8ab	البنى النحوية في: (كوكبة الخطب المنيفة): بين الحجاج والإقناع، وأثره على المتلقين (خطبتا: (الغيبة) و(النميمة) أنموذجاً)	د. مرسل بن مسفر آل فهاد	مجلة الجامعة الإسلامية للغة العربية وآدابها (السعودية)	references	دراسات لغوية	مجلة الجامعة الإسلامية للغة العربية وآدابها (السعودية)/14/2/1 البنى النحوية في$ (كوكبة الخطب المنيفة)$ ... على المتلقين (خطبتا$ (الغيبة) و(النميمة) أنموذجاً).pdf
31e47034c8ca6c34	البنية الميتا سردية في الرواية السعودية (الخطابات التصديرية أنموذجاً)	د. منصور بن محمد البلوي	مجلة الجامعة الإسلامية للغة العربية وآدابها (السعودية)	references	دراسات لغوية	مجلة الجامعة الإسلامية للغة العربية وآدابها (السعودية)/3/2/11 البنية الميتا سردية في الرواية السعودية (الخطابات التصديرية أنموذجاً).pdf
d49f81e4775308df	التشكيل البصري في ديوان: (فتنة البوح)، لنادية البوشي	د. أحلام بنت منصور القحطاني	مجلة الجامعة الإسلامية للغة العربية وآدابها (السعودية)	diwans	ديوان شعري | شعر وأدب	مجلة الجامعة الإسلامية للغة العربية وآدابها (السعودية)/4/2/10 التشكيل البصري في ديوان$ (فتنة البوح)، لنادية البوشي.pdf
c2ae021a99872e0d	التشكيل البصري وشعرية اللغة في ديوان: (التباس)، للشاعر/ حسن الزهراني	أ. د. ناصر بن سليم الحميدي	مجلة الجامعة الإسلامية للغة العربية وآدابها (السعودية)	diwans	ديوان شعري | شعر وأدب	مجلة الجامعة الإسلامية للغة العربية وآدابها (السعودية)/10/9 التشكيل البصري وشعرية اللغة في ديوان$ (التباس)، للشاعر& حسن الزهراني.pdf
59142fe0fd0675eb	التعريف بضمير الرفع المنفصل في سورة: (الحشر): مواقعه، وأسراره البلاغية	د. منيرة بنت مرعي الزهراني	مجلة الجامعة الإسلامية للغة العربية وآدابها (السعودية)	references	دراسات لغوية	مجلة الجامعة الإسلامية للغة العربية وآدابها (السعودية)/12/2 التعريف بضمير الرفع المنفصل في سورة$ (الحشر)$ مواقعه، وأسراره البلاغية.pdf
faeef5da9d4c7777	التفلت النقدي: دراسةٌ في مسارات النقد الأدبي وتلقي مناهجه	د. عبد الله بن محمد هتان	مجلة الجامعة الإسلامية للغة العربية وآدابها (السعودية)	references	دراسات لغوية	مجلة الجامعة الإسلامية للغة العربية وآدابها (السعودية)/2/2/8 التفلت النقدي$ دراسةٌ في مسارات النقد الأدبي وتلقي مناهجه.pdf
4567faef8df5a57a	التماسك المعجمي في سورة: (الإنسان) في ضوء علم اللغة النصي لمتعلمي اللغة العربية الناطقين بغيرها	د. مصطفى بن سعد الخضر	مجلة الجامعة الإسلامية للغة العربية وآدابها (السعودية)	references	دراسات لغوية	مجلة الجامعة الإسلامية للغة العربية وآدابها (السعودية)/6/1/7 التماسك المعجمي في سورة$ (الإنسان) في ... النصي لمتعلمي اللغة العربية الناطقين بغيرها.pdf
d5932806bce6b689	التناص العنواني ودلالته في ديوان: (مزاجها زنجبيل)، لفواز اللعبون: دراسةٌ سيميائيةٌ	د. فاطمة بنت سعيد العمري	مجلة الجامعة الإسلامية للغة العربية وآدابها (السعودية)	diwans	ديوان شعري | شعر وأدب	مجلة الجامعة الإسلامية للغة العربية وآدابها (السعودية)/6/1/11 التناص العنواني ودلالته في ديوان$ (مزاجها زنجبيل)، لفواز اللعبون$ دراسةٌ سيميائيةٌ.pdf
f0eb5c2a04e6fba9	التنبيهات الصرفية الخلافية في كتاب: (الشرح الكبير)، لبحرق الحضرمي: جمعاً ودراسةً	د. نوها جاد المولى علي جاد المولى	مجلة الجامعة الإسلامية للغة العربية وآدابها (السعودية)	references	دراسات لغوية	مجلة الجامعة الإسلامية للغة العربية وآدابها (السعودية)/18/3 التنبيهات الصرفية الخلافية في كتاب$ (الشرح الكبير)، لبحرق الحضرمي$ جمعاً ودراسةً.pdf
c2166eaaa6838a98	الحروف الشائعة والحركات وتوظيفها في تعليم اللغة العربية لغير الناطقين بها، (سورة: (النبأ) مثالاً)	د. مصطفى بن سعد الخضر	مجلة الجامعة الإسلامية للغة العربية وآدابها (السعودية)	references	دراسات لغوية	مجلة الجامعة الإسلامية للغة العربية وآدابها (السعودية)/4/2/11 الحروف الشائعة والحركات وتوظيفها في تعليم ... لغير الناطقين بها، (سورة$ (النبأ) مثالاً).pdf
211cc9509c428915	الخصائص الأسلوبية في ديوان: (الشعر عينك والإبحار قافيتي)، للشاعرة/ سعاد أبو شال	د. أمل بنت عيد المطيري	مجلة الجامعة الإسلامية للغة العربية وآدابها (السعودية)	diwans	ديوان شعري | شعر وأدب	مجلة الجامعة الإسلامية للغة العربية وآدابها (السعودية)/17/1/8 الخصائص الأسلوبية في ديوان$ (الشعر عينك والإبحار قافيتي)، للشاعرة& سعاد أبو شال.pdf
33f0fabb05867ec5	الخطاب النقدي للعسكري في ديوان المعاني	د. فهد بن مناحي السيحاني	مجلة الجامعة الإسلامية للغة العربية وآدابها (السعودية)	diwans	ديوان شعري | شعر وأدب	مجلة الجامعة الإسلامية للغة العربية وآدابها (السعودية)/15/1/6 الخطاب النقدي للعسكري في ديوان المعاني.pdf
a0cb0bdb7790c6f2	الدرامية في ديوان: (هند أنثى بروح المطر): دراسةٌ إنشائيةٌ	د. سامي بن حسين القصوص	مجلة الجامعة الإسلامية للغة العربية وآدابها (السعودية)	diwans	ديوان شعري | شعر وأدب	مجلة الجامعة الإسلامية للغة العربية وآدابها (السعودية)/14/2/9 الدرامية في ديوان$ (هند أنثى بروح المطر)$ دراسةٌ إنشائيةٌ.pdf
b443d18540761d1a	الدلالة النحوية لاستعمال الفعل: (بغى) ومشتقاته في القرآن الكريم	د. نهلة بنت عبد العزيز الشقران	مجلة الجامعة الإسلامية للغة العربية وآدابها (السعودية)	references	دراسات لغوية	مجلة الجامعة الإسلامية للغة العربية وآدابها (السعودية)/3/1/6 الدلالة النحوية لاستعمال الفعل$ (بغى) ومشتقاته في القرآن الكريم.pdf
e15901ac7737fbb5	الرمز: دلالاته، وحضوره في ديوان: (طيورٌ تحلق في المصيدة): مقاربةٌ في ضوء رؤيةٍ أسلوبيةٍ	د. شيهانة بنت سعيد الشهراني	مجلة الجامعة الإسلامية للغة العربية وآدابها (السعودية)	diwans	ديوان شعري | شعر وأدب	مجلة الجامعة الإسلامية للغة العربية وآدابها (السعودية)/16/1/11 الرمز$ دلالاته، وحضوره في ديوان$ (طيورٌ ... المصيدة)$ مقاربةٌ في ضوء رؤيةٍ أسلوبيةٍ.pdf
8e16d7d52a7a543e	السياقات المجتمعية ودورها في استلاب الذات في القصة القصيرة: قراءةٌ نقديةٌ تحليليةٌ في حواف الأعمال الكاملة للأديب/ إبراهيم شحبي	د. ابتسام بنت علي الصبحي	مجلة الجامعة الإسلامية للغة العربية وآدابها (السعودية)	references	دراسات لغوية	مجلة الجامعة الإسلامية للغة العربية وآدابها (السعودية)/6/1/10 السياقات المجتمعية ودورها في استلاب الذات ... حواف الأعمال الكاملة للأديب& إبراهيم شحبي.pdf
11d29d0128c9e4b4	الشاهد المزدوج وتفريع القاعدة النحوية	د. عبد الله بن حسن الذنيبات	مجلة الجامعة الإسلامية للغة العربية وآدابها (السعودية)	references	دراسات لغوية	مجلة الجامعة الإسلامية للغة العربية وآدابها (السعودية)/1/2/1 الشاهد المزدوج وتفريع القاعدة النحوية.pdf
e9d4c9e554e1c498	الشواهد الحديثية في علم المعاني من كتاب: (شرح عقود الجمان)، للسيوطي: دراسةٌ بلاغيةٌ	د. عايد بن سليم الحسيني	مجلة الجامعة الإسلامية للغة العربية وآدابها (السعودية)	references	دراسات لغوية	مجلة الجامعة الإسلامية للغة العربية وآدابها (السعودية)/10/7 الشواهد الحديثية في علم المعاني من ... (شرح عقود الجمان)، للسيوطي$ دراسةٌ بلاغيةٌ.pdf
5b3bc6bb660eddd9	الصورة البصرية في القصة القصيرة (بشرى خلفان أنموذجاً)	د. شيمة بنت محمد الشمري	مجلة الجامعة الإسلامية للغة العربية وآدابها (السعودية)	references	دراسات لغوية	مجلة الجامعة الإسلامية للغة العربية وآدابها (السعودية)/9/12 الصورة البصرية في القصة القصيرة (بشرى خلفان أنموذجاً).pdf
d1153d32560e9da3	الظواهر الأسلوبية في لغة الأحكام القضائية في المملكة العربية السعودية: دراسةٌ وصفيةٌ في المجلَدين الخامس عشر والرابع والعشرين	د. بندر بن سبيل الشمري	مجلة الجامعة الإسلامية للغة العربية وآدابها (السعودية)	references	دراسات لغوية	مجلة الجامعة الإسلامية للغة العربية وآدابها (السعودية)/13/1/2 الظواهر الأسلوبية في لغة الأحكام القضائية ... في المجلَدين الخامس عشر والرابع والعشرين.pdf
b142e6abcf356955	الظواهر اللغوية في قراءة عمرو بن دينارٍ	أ. د. محمد بن حبيب الترجمي	مجلة الجامعة الإسلامية للغة العربية وآدابها (السعودية)	references	دراسات لغوية	مجلة الجامعة الإسلامية للغة العربية وآدابها (السعودية)/14/2/3 الظواهر اللغوية في قراءة عمرو بن دينارٍ.pdf
352659f2b2451851	العتبات النصية في ديوان: (ما لا يجيء)، لسلطان السبهان: دراسةٌ سيميائيةٌ	منى بنت خلف العنزي	مجلة الجامعة الإسلامية للغة العربية وآدابها (السعودية)	diwans	ديوان شعري | شعر وأدب	مجلة الجامعة الإسلامية للغة العربية وآدابها (السعودية)/1/1/7 العتبات النصية في ديوان$ (ما لا يجيء)، لسلطان السبهان$ دراسةٌ سيميائيةٌ.pdf
7bcac27316ab033b	العدول في لغة التصوير البياني الشعرية عند عبد القاهر الجرجاني	أ. د. أسماء بنت عوض الجميعي	مجلة الجامعة الإسلامية للغة العربية وآدابها (السعودية)	references	شعر وأدب	مجلة الجامعة الإسلامية للغة العربية وآدابها (السعودية)/1/3/3 العدول في لغة التصوير البياني الشعرية عند عبد القاهر الجرجاني.pdf
0aa760a53f37d893	ألفاظ الأطعمة في الشعر الجاهلي: دراسةٌ لغويةٌ ومعجمٌ	د. ياسر بن حمدو الدرويش	مجلة الجامعة الإسلامية للغة العربية وآدابها (السعودية)	references	شعر وأدب	مجلة الجامعة الإسلامية للغة العربية وآدابها (السعودية)/6/2/5 ألفاظ الأطعمة في الشعر الجاهلي$ دراسةٌ لغويةٌ ومعجمٌ.pdf
20b4f0d81c7c3451	القاعدة الكلية النحوية عند أبي إسحاق الشاطبي: المفهوم، السمات، الأقسام، المرادفات	د. أحمد بن أبكر مباركي	مجلة الجامعة الإسلامية للغة العربية وآدابها (السعودية)	references	دراسات لغوية	مجلة الجامعة الإسلامية للغة العربية وآدابها (السعودية)/13/2/1 القاعدة الكلية النحوية عند أبي إسحاق الشاطبي$ المفهوم، السمات، الأقسام، المرادفات.pdf
d182b794944ec8e2	المادة الأدبية في كتاب: (جمهرة النسب)، لابن الكلبي	منى بنت خلف العنزي	مجلة الجامعة الإسلامية للغة العربية وآدابها (السعودية)	references	دراسات لغوية	مجلة الجامعة الإسلامية للغة العربية وآدابها (السعودية)/8/1/10 المادة الأدبية في كتاب$ (جمهرة النسب)، لابن الكلبي.pdf
cd596300f31ff4e6	المتعاليات النصية في ديوان: (فصولٌ من سيرة الرماد)، لصالح الزهراني	د. طلال بن أحمد الثقفي	مجلة الجامعة الإسلامية للغة العربية وآدابها (السعودية)	diwans	ديوان شعري | شعر وأدب	مجلة الجامعة الإسلامية للغة العربية وآدابها (السعودية)/11/7 المتعاليات النصية في ديوان$ (فصولٌ من سيرة الرماد)، لصالح الزهراني.pdf
b2fe69667be3b7f8	المجاز وتعدد النسق: دراسةٌ تطبيقيةٌ في قصيدة: (اللحن الحزين)، لرهف المبارك	د. علي بن محسن مشعوف	مجلة الجامعة الإسلامية للغة العربية وآدابها (السعودية)	references	دراسات لغوية	مجلة الجامعة الإسلامية للغة العربية وآدابها (السعودية)/12/8 المجاز وتعدد النسق$ دراسةٌ تطبيقيةٌ في قصيدة$ (اللحن الحزين)، لرهف المبارك.pdf
d569a0e3a0cdffbc	المجنون ناقداً: النقد الأدبي في رواية: (العصفورية)، لغازي القصيبي: دراسةٌ استقرائيةٌ تحليليةٌ	أ. د. صالح بن عويد الحربي	مجلة الجامعة الإسلامية للغة العربية وآدابها (السعودية)	references	دراسات لغوية	مجلة الجامعة الإسلامية للغة العربية وآدابها (السعودية)/9/8 المجنون ناقداً$ النقد الأدبي في رواية$ (العصفورية)، لغازي القصيبي$ دراسةٌ استقرائيةٌ تحليليةٌ.pdf
821b7b32aecdf798	المعايير المنهجية عند/ محمود شاكر في قراءة النصوص الشعرية في ضوء تعدد روايتها	د. حمد بن عبد الله العوفي	مجلة الجامعة الإسلامية للغة العربية وآدابها (السعودية)	references	شعر وأدب	مجلة الجامعة الإسلامية للغة العربية وآدابها (السعودية)/16/2/5 المعايير المنهجية عند& محمود شاكر في ... النصوص الشعرية في ضوء تعدد روايتها.pdf
18a4f4e019d0198b	المقاصد النحوية عند الإمام/ الشاطبي	د. وليد بن عبد الله الدوسري	مجلة الجامعة الإسلامية للغة العربية وآدابها (السعودية)	references	دراسات لغوية	مجلة الجامعة الإسلامية للغة العربية وآدابها (السعودية)/16/1/1 المقاصد النحوية عند الإمام& الشاطبي.pdf
58f162aaae7346e1	المقصدية في ديوان: (أكاد أراني)، لشقراء المدخلي: دراسةٌ تداوليةٌ	د. عائشة بنت صالح الشمري	مجلة الجامعة الإسلامية للغة العربية وآدابها (السعودية)	diwans	ديوان شعري | شعر وأدب	مجلة الجامعة الإسلامية للغة العربية وآدابها (السعودية)/15/2/9 المقصدية في ديوان$ (أكاد أراني)، لشقراء المدخلي$ دراسةٌ تداوليةٌ.pdf
521488c499a6c0c7	المقولة في التراث العربي (مفهوم الشّعر في: (العمدة)، لابن رشيقٍ نموذجاً)	د. سمير الأزهر جوادي	مجلة الجامعة الإسلامية للغة العربية وآدابها (السعودية)	references	شعر وأدب	مجلة الجامعة الإسلامية للغة العربية وآدابها (السعودية)/7/2/8 المقولة في التراث العربي (مفهوم الشّعر في$ (العمدة)، لابن رشيقٍ نموذجاً).pdf
83c1c67930bfeaa1	المهارات الإملائية في اللغة العربية: مقارنةٌ بين أداء الطلاب المتحدثين الأصليين بالعربية وغير الناطقين بها	د. صلاح بن ملهي السحيمي	مجلة الجامعة الإسلامية للغة العربية وآدابها (السعودية)	references	دراسات لغوية	مجلة الجامعة الإسلامية للغة العربية وآدابها (السعودية)/6/2/12 المهارات الإملائية في اللغة العربية$ مقارنةٌ ... المتحدثين الأصليين بالعربية وغير الناطقين بها.pdf
da2e5de05ddf25cb	الوجوه الأسلوبية في الخطاب الحجاجي الوعظي في خطبة: (تصريف الزمان وذكر المعاد)، لابن نباتة	د. أسماء بنت عبد الله الزهراني	مجلة الجامعة الإسلامية للغة العربية وآدابها (السعودية)	references	دراسات لغوية	مجلة الجامعة الإسلامية للغة العربية وآدابها (السعودية)/8/2/6 الوجوه الأسلوبية في الخطاب الحجاجي الوعظي ... (تصريف الزمان وذكر المعاد)، لابن نباتة.pdf
d8ae482d21a04f2a	انتقادات العلامة الفراهي للإمام عبد القاهر الجرجاني في كتاب: (جمهرة البلاغة): عرضٌ وتقويمٌ	د. يوسف بن طفيف الدعدي	مجلة الجامعة الإسلامية للغة العربية وآدابها (السعودية)	references	دراسات لغوية	مجلة الجامعة الإسلامية للغة العربية وآدابها (السعودية)/1/2/9 انتقادات العلامة الفراهي للإمام عبد القاهر ... في كتاب$ (جمهرة البلاغة)$ عرضٌ وتقويمٌ.pdf
33080ba5b90f70a3	آيات الخطاب النقدي في كتاب/ (اتجاهات الشعر العربي المعاصر)، لإحسان عباس: دراسةٌ في نقد النقد	د. عبد العزيز بن عياد المطيري	مجلة الجامعة الإسلامية للغة العربية وآدابها (السعودية)	references	شعر وأدب	مجلة الجامعة الإسلامية للغة العربية وآدابها (السعودية)/15/2/11 آيات الخطاب النقدي في كتاب& (اتجاهات ... لإحسان عباس$ دراسةٌ في نقد النقد.pdf
4e5099993d222b79	بلاغة النظم في تراكيب الجملة الاسمية المنفية في المعلقات السبع: دراسةٌ تحليليةٌ	د. عواد بن ملفي الشمري	مجلة الجامعة الإسلامية للغة العربية وآدابها (السعودية)	references	شعر وأدب	مجلة الجامعة الإسلامية للغة العربية وآدابها (السعودية)/18/7 بلاغة النظم في تراكيب الجملة الاسمية المنفية في المعلقات السبع$ دراسةٌ تحليليةٌ.pdf
b049bca6459e7859	بلاغة تشبيه الجمع: دراسةٌ في شعر المعلقات	د. حمد بن عبد الله العوفي	مجلة الجامعة الإسلامية للغة العربية وآدابها (السعودية)	references	شعر وأدب	مجلة الجامعة الإسلامية للغة العربية وآدابها (السعودية)/3/2/9 بلاغة تشبيه الجمع$ دراسةٌ في شعر المعلقات.pdf
48c1120ef805df7d	بواعث التداخل بين وظيفة علم النحو ووظيفة علم المعاني ومعايير التفريق بينهما	د. سعيد بن عثمان الملا	مجلة الجامعة الإسلامية للغة العربية وآدابها (السعودية)	references	نحو	مجلة الجامعة الإسلامية للغة العربية وآدابها (السعودية)/17/1/5 بواعث التداخل بين وظيفة علم النحو ووظيفة علم المعاني ومعايير التفريق بينهما.pdf
fe52e87901a2e04d	تأثير استراتيجية خريطة الكلمة في تنمية المفردات اللغوية لدى متعلمي اللغة العربية الناطقين بلغاتٍ أخرى	د. وائل بن مطر الحربي	مجلة الجامعة الإسلامية للغة العربية وآدابها (السعودية)	references	دراسات لغوية	مجلة الجامعة الإسلامية للغة العربية وآدابها (السعودية)/18/10 تأثير استراتيجية خريطة الكلمة في تنمية ... متعلمي اللغة العربية الناطقين بلغاتٍ أخرى.pdf
31c51f270329c8a8	تأنيث إيقاع قصيدة التفعيلة عند عبدالله الغذامي	د. راشد بن فهد القثامي	مجلة الجامعة الإسلامية للغة العربية وآدابها (السعودية)	references	دراسات لغوية	مجلة الجامعة الإسلامية للغة العربية وآدابها (السعودية)/6/2/10 تأنيث إيقاع قصيدة التفعيلة عند عبدالله الغذامي.pdf
3744d28f160d0dbf	تحولات التجربة الشعرية في العنوان والأنا عند الشاعر/ محمد الشدوي	د. فهد بن مرسي البقمي	مجلة الجامعة الإسلامية للغة العربية وآدابها (السعودية)	references	شعر وأدب	مجلة الجامعة الإسلامية للغة العربية وآدابها (السعودية)/9/13 تحولات التجربة الشعرية في العنوان والأنا عند الشاعر& محمد الشدوي.pdf
7e450275bed217ee	تشكلات الميتاشعرية وعلاقة الشعر بالذات والعالم: في ديوان (الليالي الأربع)، لأحمد بخيت	د. وفاء بنت أحمد جابر	مجلة الجامعة الإسلامية للغة العربية وآدابها (السعودية)	diwans	ديوان شعري | شعر وأدب	مجلة الجامعة الإسلامية للغة العربية وآدابها (السعودية)/17/2/4 تشكلات الميتاشعرية وعلاقة الشعر بالذات والعالم$ في ديوان (الليالي الأربع)، لأحمد بخيت.pdf
337f48f86969d88a	تصورٌ مقترحٌ لإعداد المدونات اللغوية اللازمة لمتعلمي اللغة العربية الناطقين بلغاتٍ أخرى على ضوء معايير بنائها	د. أيمن بن سويلم الجريشي	مجلة الجامعة الإسلامية للغة العربية وآدابها (السعودية)	references	دراسات لغوية	مجلة الجامعة الإسلامية للغة العربية وآدابها (السعودية)/4/1/13 تصورٌ مقترحٌ لإعداد المدونات اللغوية اللازمة ... بلغاتٍ أخرى على ضوء معايير بنائها.pdf
adaf1fdf71fb7180	تصورٌ مقترحٌ لتوظيف تقنيات الذكاء الاصطناعي في معالجة الأخطاء الإملائية لدى متعلمي اللغة العربية الناطقين بلغاتٍ أخرى	د. أحمد بن فهد السحيمي	مجلة الجامعة الإسلامية للغة العربية وآدابها (السعودية)	references	دراسات لغوية	مجلة الجامعة الإسلامية للغة العربية وآدابها (السعودية)/14/1/11 تصورٌ مقترحٌ لتوظيف تقنيات الذكاء الاصطناعي ... متعلمي اللغة العربية الناطقين بلغاتٍ أخرى.pdf
a205001df42c6863	تصورٌ مقترحٌ لمعايير تقويم التخطيط اللغوي لاكتساب اللغة العربية في معهد تعليم اللغة العربية بالجامعة الإسلامية بالمدينة المنورة	د. محمد بن سلمان الحربي	مجلة الجامعة الإسلامية للغة العربية وآدابها (السعودية)	references	دراسات لغوية	مجلة الجامعة الإسلامية للغة العربية وآدابها (السعودية)/5/1/14 تصورٌ مقترحٌ لمعايير تقويم التخطيط اللغوي ... اللغة العربية بالجامعة الإسلامية بالمدينة المنورة.pdf
408622ca9431ec2b	تعدد اللغات الإنسانية ودوره في تشكيل السرد: دراسةٌ في رواية/ محمد حسن علوان (جرما الترجمان)	أ. د. دلال بنت بندر المالكي	مجلة الجامعة الإسلامية للغة العربية وآدابها (السعودية)	references	دراسات لغوية	مجلة الجامعة الإسلامية للغة العربية وآدابها (السعودية)/8/2/9 تعدد اللغات الإنسانية ودوره في تشكيل ... رواية& محمد حسن علوان (جرما الترجمان).pdf
e9fac3bb72b3e744	تقنيات الحجاج البلاغية لرواية أم سلمة في هجرة الحبشة	د. ذعار بن حميدان الحربي	مجلة الجامعة الإسلامية للغة العربية وآدابها (السعودية)	references	دراسات لغوية	مجلة الجامعة الإسلامية للغة العربية وآدابها (السعودية)/13/1/4 تقنيات الحجاج البلاغية لرواية أم سلمة في هجرة الحبشة.pdf
e3c279e85af60663	تقنيات السرد وجماليات غزل الذكريات في القصة القصيرة جداً (مجموعة: (منسية)، لشيمة الشمري نموذجاً)	د. وفاء بنت أحمد جابر	مجلة الجامعة الإسلامية للغة العربية وآدابها (السعودية)	references	دراسات لغوية	مجلة الجامعة الإسلامية للغة العربية وآدابها (السعودية)/12/10 تقنيات السرد وجماليات غزل الذكريات في ... جداً (مجموعة$ (منسية)، لشيمة الشمري نموذجاً).pdf
1402c3a175cac08f	تلقي التراث الأدبي في مقدمات الاختيارات الشعرية المعاصرة	أ. د. أحمد بن ماطر اليتيمي	مجلة الجامعة الإسلامية للغة العربية وآدابها (السعودية)	references	شعر وأدب	مجلة الجامعة الإسلامية للغة العربية وآدابها (السعودية)/14/2/7 تلقي التراث الأدبي في مقدمات الاختيارات الشعرية المعاصرة.pdf
05b2bf8ad75517c3	تمثلات الوجع في ديوان: (أنثى تحرر الوجع)، لإبراهيم حلوش	د. زاهر بن حسين الفيفي	مجلة الجامعة الإسلامية للغة العربية وآدابها (السعودية)	diwans	ديوان شعري | شعر وأدب	مجلة الجامعة الإسلامية للغة العربية وآدابها (السعودية)/1/3/10 تمثلات الوجع في ديوان$ (أنثى تحرر الوجع)، لإبراهيم حلوش.pdf
298d2c531d9d9ea6	توظيف الأساليب البلاغية في النقد الساخر: دراسةٌ تطبيقيةٌ على ما جاء في باب ذم الشعر الرديء من كتاب: (الموشح)، للمرزباني	د. عواد بن ملفي الشمري	مجلة الجامعة الإسلامية للغة العربية وآدابها (السعودية)	references	شعر وأدب	مجلة الجامعة الإسلامية للغة العربية وآدابها (السعودية)/8/2/7 توظيف الأساليب البلاغية في النقد الساخر$ ... الشعر الرديء من كتاب$ (الموشح)، للمرزباني.pdf
e8301def3dd223bb	توظيف السياق اللغوي في نصوص تعليم اللغة العربية لغير الناطقين بها: مقاربةٌ نصيةٌ تحليليةٌ	أ. د. بدر بن علي العبد القادر	مجلة الجامعة الإسلامية للغة العربية وآدابها (السعودية)	references	دراسات لغوية	مجلة الجامعة الإسلامية للغة العربية وآدابها (السعودية)/5/1/15 توظيف السياق اللغوي في نصوص تعليم ... لغير الناطقين بها$ مقاربةٌ نصيةٌ تحليليةٌ.pdf
2735d1bae927930c	ثنائية الحضور والغياب في ديوان: (حديقة الغروب)، للشاعر/ غازي القصيبي	د. زاهر بن حسين الفيفي	مجلة الجامعة الإسلامية للغة العربية وآدابها (السعودية)	diwans	ديوان شعري | شعر وأدب	مجلة الجامعة الإسلامية للغة العربية وآدابها (السعودية)/13/2/6 ثنائية الحضور والغياب في ديوان$ (حديقة الغروب)، للشاعر& غازي القصيبي.pdf
d05e27fb6d829e51	جهود علي بن سلطان الحكمي في خدمة اللغة العربية	د. علي بن سعيد العواجي	مجلة الجامعة الإسلامية للغة العربية وآدابها (السعودية)	references	دراسات لغوية	مجلة الجامعة الإسلامية للغة العربية وآدابها (السعودية)/9/4 جهود علي بن سلطان الحكمي في خدمة اللغة العربية.pdf
5ce46d88191a4ee0	حسن التخلص في الشعر العربي القديم: مقاربةٌ تداوليةٌ	د. عادل بن علي الغامدي	مجلة الجامعة الإسلامية للغة العربية وآدابها (السعودية)	references	شعر وأدب	مجلة الجامعة الإسلامية للغة العربية وآدابها (السعودية)/15/1/4 حسن التخلص في الشعر العربي القديم$ مقاربةٌ تداوليةٌ.pdf
b4958f3322adc582	حسن الصياغة في فن البلاغة، ت: إبراهيم بن عمر الجعبري: دراسةً وتحقيقاً	د. بدر بن طاهر العنزي	مجلة الجامعة الإسلامية للغة العربية وآدابها (السعودية)	references	دراسات لغوية	مجلة الجامعة الإسلامية للغة العربية وآدابها (السعودية)/5/1/9 حسن الصياغة في فن البلاغة، ت$ إبراهيم بن عمر الجعبري$ دراسةً وتحقيقاً.pdf
6480032d8e9383cb	خصائص القياس اللغوي في اللسانيات الحديثة	أ. د. عزمي بن محمد عيال سلمان	مجلة الجامعة الإسلامية للغة العربية وآدابها (السعودية)	references	دراسات لغوية	مجلة الجامعة الإسلامية للغة العربية وآدابها (السعودية)/1/3/4 خصائص القياس اللغوي في اللسانيات الحديثة.pdf
a67b62f432d075db	ديوان الحزميات: الرؤية والتشكيل	أ. د. سعد بن ماشي العنزي	مجلة الجامعة الإسلامية للغة العربية وآدابها (السعودية)	diwans	ديوان شعري | شعر وأدب	مجلة الجامعة الإسلامية للغة العربية وآدابها (السعودية)/1/3/6 ديوان الحزميات$ الرؤية والتشكيل.pdf
33426fd9b206f1fe	صعوبات تعلم اللغة العربية عن بعدٍ بوصفها لغةً ثانيةً من وجهة نظر متعلميها	د. عادل بن علي السناني	مجلة الجامعة الإسلامية للغة العربية وآدابها (السعودية)	references	دراسات لغوية	مجلة الجامعة الإسلامية للغة العربية وآدابها (السعودية)/5/2/14 صعوبات تعلم اللغة العربية عن بعدٍ ... لغةً ثانيةً من وجهة نظر متعلميها.pdf
eb26f0ddfca3cd88	صورنة اللغة العربية: مقارباتٌ ونماذج	د. يحيى بن أحمد اللتيني	مجلة الجامعة الإسلامية للغة العربية وآدابها (السعودية)	references	دراسات لغوية	مجلة الجامعة الإسلامية للغة العربية وآدابها (السعودية)/4/1/7 صورنة اللغة العربية$ مقارباتٌ ونماذج.pdf
76d02e78413a055b	صيغ جموع التكسير في العربية: بين تكامل النظام والثراء الدلالي: دراسةٌ صرفيةٌ دلاليةٌ على آيات القرآن الكريم	د. سعيد بن محمد العمري	مجلة الجامعة الإسلامية للغة العربية وآدابها (السعودية)	references	دراسات لغوية	مجلة الجامعة الإسلامية للغة العربية وآدابها (السعودية)/5/1/5 صيغ جموع التكسير في العربية$ بين ... صرفيةٌ دلاليةٌ على آيات القرآن الكريم.pdf
2f53804ccfd07ea0	صيغة: (فِعِيل): بين المتقدمين والمتأخرين واستعمالاتها في العربية: دراسةٌ صرفيةٌ دلاليةٌ	د. حمد بن عبيد الرشيدي	مجلة الجامعة الإسلامية للغة العربية وآدابها (السعودية)	references	دراسات لغوية	مجلة الجامعة الإسلامية للغة العربية وآدابها (السعودية)/17/2/3 صيغة$ (فِعِيل)$ بين المتقدمين والمتأخرين واستعمالاتها في العربية$ دراسةٌ صرفيةٌ دلاليةٌ.pdf
5dcf063234d06571	عتبات القصيدة الفصحى: وثيقةً ثقافيةً	أ. د. صالح بن عويد الحربي	مجلة الجامعة الإسلامية للغة العربية وآدابها (السعودية)	references	دراسات لغوية	مجلة الجامعة الإسلامية للغة العربية وآدابها (السعودية)/5/2/9 عتبات القصيدة الفصحى$ وثيقةً ثقافيةً.pdf
d22d6f10c33b6268	فاعلية برنامجٍ إلكترونيٍ قائمٍ على المدخل الوظيفي لتنمية المفاهيم النحوية لدى متعلمي اللغة العربية الناطقين بلغاتٍ أخرى	د. عادل بن علي السناني، د. محمد بن حسن الحارثي	مجلة الجامعة الإسلامية للغة العربية وآدابها (السعودية)	references	دراسات لغوية	مجلة الجامعة الإسلامية للغة العربية وآدابها (السعودية)/4/2/12 فاعلية برنامجٍ إلكترونيٍ قائمٍ على المدخل ... متعلمي اللغة العربية الناطقين بلغاتٍ أخرى.pdf
9973abd4ac37ee53	فاعلية برنامجٍ تدريبيٍ قائمٍ على تطوير مهارات الطلاب المعلمين في إعداد الاختبارات اللغوية للناطقين بغير العربية	د. عبد الرحمن بن عبد الله القرني	مجلة الجامعة الإسلامية للغة العربية وآدابها (السعودية)	references	دراسات لغوية	مجلة الجامعة الإسلامية للغة العربية وآدابها (السعودية)/16/2/12 فاعلية برنامجٍ تدريبيٍ قائمٍ على تطوير ... إعداد الاختبارات اللغوية للناطقين بغير العربية.pdf
2c4352cb358afeb9	فاعلية برنامجٍ قائمٍ على أسلوب الالتفات لتنمية مهارات الفهم القرائي لدى متعلمي اللغة العربية الناطقين بغيرها	د. عادل بن علي السناني	مجلة الجامعة الإسلامية للغة العربية وآدابها (السعودية)	references	دراسات لغوية	مجلة الجامعة الإسلامية للغة العربية وآدابها (السعودية)/15/1/12 فاعلية برنامجٍ قائمٍ على أسلوب الالتفات ... لدى متعلمي اللغة العربية الناطقين بغيرها.pdf
97414be8c93665c1	فاعلية برنامجٍ قائمٍ على التدوين الصوتي في ضوء المدخل الوظيفي في تنمية مهارات الاستماع لدى متعلمي اللغة العربية واتجاهاتهم نحوه	د. خليوي بن سامر العياضي	مجلة الجامعة الإسلامية للغة العربية وآدابها (السعودية)	references	دراسات لغوية	مجلة الجامعة الإسلامية للغة العربية وآدابها (السعودية)/3/2/7 فاعلية برنامجٍ قائمٍ على التدوين الصوتي ... لدى متعلمي اللغة العربية واتجاهاتهم نحوه.pdf
7c5370e349647bc8	فاعلية برنامجٍ قائمٍ على توظيف الأمثال العربية في تنمية مهارات الفهم القرائي لدى متعلمي اللغة العربية الناطقين بلغاتٍ أخرى	د. عبد الرحمن بن ضيف الله الهرساني	مجلة الجامعة الإسلامية للغة العربية وآدابها (السعودية)	references	دراسات لغوية	مجلة الجامعة الإسلامية للغة العربية وآدابها (السعودية)/5/1/13 فاعلية برنامجٍ قائمٍ على توظيف الأمثال ... متعلمي اللغة العربية الناطقين بلغاتٍ أخرى.pdf
2584b4ceab8b5dbf	فاعلية برنامجٍ قائمٍ على وسائل السبك النحوي (المقارنة أنموذجاً) في تنمية مهارات القراءة الناقدة لدى متعلمي اللغة العربية الناطقين بلغاتٍ أخرى	د. أحمد بن سالم العلوي	مجلة الجامعة الإسلامية للغة العربية وآدابها (السعودية)	references	دراسات لغوية	مجلة الجامعة الإسلامية للغة العربية وآدابها (السعودية)/2/2/11 فاعلية برنامجٍ قائمٍ على وسائل السبك ... متعلمي اللغة العربية الناطقين بلغاتٍ أخرى.pdf
d55d8df002d64a15	فن الاحتجاج بالعواطف في الشعر الشاكي (لامية الراعي النميري نموذجاً)	أ. د. أسماء بنت عوض الجميعي	مجلة الجامعة الإسلامية للغة العربية وآدابها (السعودية)	references	شعر وأدب	مجلة الجامعة الإسلامية للغة العربية وآدابها (السعودية)/6/1/12 فن الاحتجاج بالعواطف في الشعر الشاكي (لامية الراعي النميري نموذجاً).pdf
b455c430fc8f2863	قراءةٌ عرفانيةٌ في قصيدة/ موقف الرمال .. موقف الجناس، للشاعر/ محمد الثبيتي	د. ذيب بن مقعد العصيمي	مجلة الجامعة الإسلامية للغة العربية وآدابها (السعودية)	references	دراسات لغوية	مجلة الجامعة الإسلامية للغة العربية وآدابها (السعودية)/15/1/10 قراءةٌ عرفانيةٌ في قصيدة& موقف الرمال .. موقف الجناس، للشاعر& محمد الثبيتي.pdf
c7f298cf7491cb93	قصيدة: (أقسمت أرثي)، للشاعرة/ ليلة الأخيلية: دراسةٌ أسلوبيةٌ	د. تركية بنت مطحس المقاطي	مجلة الجامعة الإسلامية للغة العربية وآدابها (السعودية)	references	دراسات لغوية	مجلة الجامعة الإسلامية للغة العربية وآدابها (السعودية)/11/9 قصيدة$ (أقسمت أرثي)، للشاعرة& ليلة الأخيلية$ دراسةٌ أسلوبيةٌ.pdf
532e23efb27a3d48	قضايا القصة القصيرة في شهادات كتابها السعوديين	أ. د. أحمد بن سعيد العدواني	مجلة الجامعة الإسلامية للغة العربية وآدابها (السعودية)	references	دراسات لغوية	مجلة الجامعة الإسلامية للغة العربية وآدابها (السعودية)/3/1/11 قضايا القصة القصيرة في شهادات كتابها السعوديين.pdf
36d3cca032a827f5	قواعد التمييز بين السرقات الأدبية قديماً وحديثاً	د. مسلم بن عبيد الرشيدي	مجلة الجامعة الإسلامية للغة العربية وآدابها (السعودية)	references	دراسات لغوية	مجلة الجامعة الإسلامية للغة العربية وآدابها (السعودية)/7/2/10 قواعد التمييز بين السرقات الأدبية قديماً وحديثاً.pdf
159cba573391b159	ما زيد على المشهور في مسائل النحو: دراسةٌ وصفيةٌ تحليليةٌ	د. نواف بن أحمد حكمي	مجلة الجامعة الإسلامية للغة العربية وآدابها (السعودية)	references	نحو	مجلة الجامعة الإسلامية للغة العربية وآدابها (السعودية)/8/1/1 ما زيد على المشهور في مسائل النحو$ دراسةٌ وصفيةٌ تحليليةٌ.pdf
f7d7ab0333d3fc99	مدى توظيف متعلمي اللغة العربية الناطقين بلغاتٍ أخرى في الجامعة الإسلامية بالمدينة المنورة للإشاريات التداولية في كتاباتهم	د. ماجد بن سليمان الخزي	مجلة الجامعة الإسلامية للغة العربية وآدابها (السعودية)	references	دراسات لغوية	مجلة الجامعة الإسلامية للغة العربية وآدابها (السعودية)/7/2/5 مدى توظيف متعلمي اللغة العربية الناطقين ... بالمدينة المنورة للإشاريات التداولية في كتاباتهم.pdf
09676fdae66f9d36	مزاعم قصور اللغة العربية: بين اللسانيات الشعبية واللسانيات العلمية: دراسةٌ تحليليةٌ نقديةٌ لمفهوم الكمال اللغوي	أ. د. عزمي بن محمد عيال سلمان	مجلة الجامعة الإسلامية للغة العربية وآدابها (السعودية)	references	دراسات لغوية	مجلة الجامعة الإسلامية للغة العربية وآدابها (السعودية)/12/4 مزاعم قصور اللغة العربية$ بين اللسانيات ... دراسةٌ تحليليةٌ نقديةٌ لمفهوم الكمال اللغوي.pdf
d6461360093278a0	مظاهر التعصب اللساني ضد اللغة العربية في دوائر البحث الغربية	أ. د. عزمي بن محمد عيال سلمان	مجلة الجامعة الإسلامية للغة العربية وآدابها (السعودية)	references	دراسات لغوية	مجلة الجامعة الإسلامية للغة العربية وآدابها (السعودية)/4/2/3 مظاهر التعصب اللساني ضد اللغة العربية في دوائر البحث الغربية.pdf
49bd2e5da57b7a1d	مظاهر الحركة والسكون في ديوان: (واشتعل النبض شعراً): دراسةٌ فنيةٌ دلاليةٌ	أ. د. عبد الرحمن بن دخيل ربه المطرفي	مجلة الجامعة الإسلامية للغة العربية وآدابها (السعودية)	diwans	ديوان شعري | شعر وأدب	مجلة الجامعة الإسلامية للغة العربية وآدابها (السعودية)/6/2/9 مظاهر الحركة والسكون في ديوان$ (واشتعل النبض شعراً)$ دراسةٌ فنيةٌ دلاليةٌ.pdf
aed0270a0ebbe529	مفهوم الشعر ووظيفته عند/ ابن المعتز من خلال كتابه: (طبقات الشعراء)	د. آمال بنت يوسف المغامسي	مجلة الجامعة الإسلامية للغة العربية وآدابها (السعودية)	references	شعر وأدب	مجلة الجامعة الإسلامية للغة العربية وآدابها (السعودية)/15/2/6 مفهوم الشعر ووظيفته عند& ابن المعتز من خلال كتابه$ (طبقات الشعراء).pdf
5797514f9863bafc	مقدمةٌ في النحو من كلام الشيخ/ ولي الدين محمد بن أحمد الملوي المنفلوطي: دراسةً وتحقيقاً	أ. د. محمد بن حبيب الترجمي	مجلة الجامعة الإسلامية للغة العربية وآدابها (السعودية)	references	نحو	مجلة الجامعة الإسلامية للغة العربية وآدابها (السعودية)/17/1/1 مقدمةٌ في النحو من كلام الشيخ& ... بن أحمد الملوي المنفلوطي$ دراسةً وتحقيقاً.pdf
acef75260710ca6a	مقياس اتجاهات معلمي معهد تعليم اللغة العربية بالجامعة الإسلامية بالمدينة المنورة نحو التعلم الإلكتروني في تنمية المهارات اللغوية لدى متعلمي اللغة العربية		مجلة الجامعة الإسلامية للغة العربية وآدابها (السعودية)	references	دراسات لغوية	مجلة الجامعة الإسلامية للغة العربية وآدابها (السعودية)/1/1/9 مقياس اتجاهات معلمي معهد تعليم اللغة ... المهارات اللغوية لدى متعلمي اللغة العربية.pdf
4acb4f08fd48cd2a	من قواعد العامل الكلية في الصناعة النحوية: دراسةٌ تطبيقيةٌ في بعض مسائل الخلاف في: (الإنصاف)، للأنباري	د. نوال بنت عبد العزيز الفحام	مجلة الجامعة الإسلامية للغة العربية وآدابها (السعودية)	references	دراسات لغوية	مجلة الجامعة الإسلامية للغة العربية وآدابها (السعودية)/16/1/2 من قواعد العامل الكلية في الصناعة ... بعض مسائل الخلاف في$ (الإنصاف)، للأنباري.pdf
1ff9c56b151c3c10	موقف ابن جنيٍ من الظواهر اللغوية في رجز العجاج في كتابه: (سر صناعة الإعراب): دراسةٌ وصفيةٌ تحليليةٌ	أ. د. عبد الله بن عثمان اليتيمي	مجلة الجامعة الإسلامية للغة العربية وآدابها (السعودية)	references	دراسات لغوية	مجلة الجامعة الإسلامية للغة العربية وآدابها (السعودية)/14/1/1 موقف ابن جنيٍ من الظواهر اللغوية ... (سر صناعة الإعراب)$ دراسةٌ وصفيةٌ تحليليةٌ.pdf
6d8865067f2a0f95	موقف أبي حيان الأندلسي من تنوع عبارة ابن مالكٍ النحوية في نسخ: (التسهيل)	د. عبد العزيز بن سليمان الملحم	مجلة الجامعة الإسلامية للغة العربية وآدابها (السعودية)	references	دراسات لغوية	مجلة الجامعة الإسلامية للغة العربية وآدابها (السعودية)/8/2/2 موقف أبي حيان الأندلسي من تنوع ... ابن مالكٍ النحوية في نسخ$ (التسهيل).pdf
ab537172ccee6e5f	نسبة الشواهد الشعرية في كتاب سيبويه	د. أحمد بن عتيق الحربي	مجلة الجامعة الإسلامية للغة العربية وآدابها (السعودية)	references	شعر وأدب	مجلة الجامعة الإسلامية للغة العربية وآدابها (السعودية)/9/3 نسبة الشواهد الشعرية في كتاب سيبويه.pdf
017a9fe6c8eabfd4	(نفي ما وجب للأول على الثاني): أدواته، وأساليبه النحوية، وأبعاده الدلالية	د. محمد بن جزاء العتيبي	مجلة الجامعة الإسلامية للغة العربية وآدابها (السعودية)	references	دراسات لغوية	مجلة الجامعة الإسلامية للغة العربية وآدابها (السعودية)/9/1 (نفي ما وجب للأول على الثاني)$ أدواته، وأساليبه النحوية، وأبعاده الدلالية.pdf
0fbe957ee57ffd3c	واقع الصعوبات الصرفية لدى متعلمي اللغة العربية الناطقين بلغاتٍ أخرى في الجامعة الإسلامية وسبل علاجها من وجهة نظر أعضاء هيئة التدريس	د. ماجد بن سالم السناني	مجلة الجامعة الإسلامية للغة العربية وآدابها (السعودية)	references	دراسات لغوية	مجلة الجامعة الإسلامية للغة العربية وآدابها (السعودية)/2/2/10 واقع الصعوبات الصرفية لدى متعلمي اللغة ... من وجهة نظر أعضاء هيئة التدريس.pdf
5f6e6bfbe4573c31	وظائف الشعر في السرد القديم: قراءةٌ في كتاب: (أدب الغرباء)، للأصفهاني	د. هند بنت عبد الرزاق المطيري	مجلة الجامعة الإسلامية للغة العربية وآدابها (السعودية)	references	شعر وأدب	مجلة الجامعة الإسلامية للغة العربية وآدابها (السعودية)/5/2/8 وظائف الشعر في السرد القديم$ قراءةٌ في كتاب$ (أدب الغرباء)، للأصفهاني.pdf
6b3833146db99309	حكم استعمال مياه الصرف الصحي بعد تنقيتها: دراسةٌ فقهيةٌ	أ. د. فهد بن نافل الصغير	مجلة الجمعية الفقهية السعودية	references	صرف	مجلة الجمعية الفقهية السعودية/34/3 حكم استعمال مياه الصرف الصحي بعد تنقيتها$ دراسةٌ فقهيةٌ.pdf
22f66ca1187c39d8	مستجدات وصل الشعر: دراسةٌ فقهيةٌ	أ. د. محمد بن عبد الله الطيار	مجلة الجمعية الفقهية السعودية	references	شعر وأدب	مجلة الجمعية الفقهية السعودية/54/4 مستجدات وصل الشعر$ دراسةٌ فقهيةٌ.pdf
86c171d4269520c3	الشواهد الشعرية على غريب القرآن من معلقة زهير بن أبي سلمى	أ. د. صالح بن ثنيان الثنيان	مجلة الدراسات الإسلامية - جامعة الملك سعود (السعودية)	references	شعر وأدب	مجلة الدراسات الإسلامية - جامعة الملك سعود (السعودية)/32/3/1 الشواهد الشعرية على غريب القرآن من معلقة زهير بن أبي سلمى.pdf
ae3ad3eaa20a8630	كتاب البديع، لابن خالويه: دراسةٌ وصفيةٌ	أ. د. محمد بن فوزان العمر	مجلة الدراسات الإسلامية - جامعة الملك سعود (السعودية)	references	بلاغة	مجلة الدراسات الإسلامية - جامعة الملك سعود (السعودية)/25/2/6 كتاب البديع، لابن خالويه$ دراسةٌ وصفيةٌ.pdf
8f0bc081a0eacda8	التوجيهات الدعوية في قضايا علم المعاني في سورة: (نوح): دراسةٌ بيانيةٌ	د. نواف بن أحمد الشوحة، د. نذير بن نبيل الشيرازي	مجلة الدراسات الدعوية (السعودية)	references	دراسات لغوية	مجلة الدراسات الدعوية (السعودية)/11/6 التوجيهات الدعوية في قضايا علم المعاني في سورة$ (نوح)$ دراسةٌ بيانيةٌ.pdf
700c13eea08e3e6a	المعايير البلاغية للداعية	أ. د. يوسف بن عبد الله العليوي	مجلة الدراسات الدعوية (السعودية)	references	دراسات لغوية	مجلة الدراسات الدعوية (السعودية)/15/4 المعايير البلاغية للداعية.pdf
d3523c856f2ae7e6	حسن الصياغة في إثبات ثناء عليٍ على أبي بكرٍ وعمر -رضي الله عنهم- من نهج البلاغة	د. المرابط محمد الشنقيطي	مجلة الدراسات العقدية (السعودية)	references	دراسات لغوية	مجلة الدراسات العقدية (السعودية)/28/5 حسن الصياغة في إثبات ثناء عليٍ ... -رضي الله عنهم- من نهج البلاغة.pdf
f7df8c388c2e4537	أفضلية الرواية العربية على الشعر وإشكالاتها التعليمية في النقد المعاصر	د. محمد بن موسى الزين	مجلة الشمال للعلوم الإنسانية (السعودية)	references	شعر وأدب	مجلة الشمال للعلوم الإنسانية (السعودية)/7/2/2/4 أفضلية الرواية العربية على الشعر وإشكالاتها التعليمية في النقد المعاصر.pdf
012e5cef19c8a9f9	الاحتمال في الصيغ الصرفية وأثره في إنشاء المعاني المختلفة: دراسةٌ تحليليةٌ	د. بدر بن عبد العزيز المرشدي	مجلة الشمال للعلوم الإنسانية (السعودية)	references	دراسات لغوية	مجلة الشمال للعلوم الإنسانية (السعودية)/9/2/1/6 الاحتمال في الصيغ الصرفية وأثره في إنشاء المعاني المختلفة$ دراسةٌ تحليليةٌ.pdf
4e941067f609c97d	الإشاريات في كتاب: (حياةٌ في الإدارة)، لغازي القصيبي: دراسةٌ في اللسانيات التداولية	د. سميرة بنت علي آل مداوي	مجلة الشمال للعلوم الإنسانية (السعودية)	references	دراسات لغوية	مجلة الشمال للعلوم الإنسانية (السعودية)/10/2/1/9 الإشاريات في كتاب$ (حياةٌ في الإدارة)، لغازي القصيبي$ دراسةٌ في اللسانيات التداولية.pdf
a3542a612ce30942	الاغتراب: واقعٌ إنسانيٌ في تجربةٍ فرديةٍ: قراءةٌ في: (قصيدةٌ ضائعةٌ)، للشاعر/ حمزة آل فتحي	د. زياد بن محمود مقدادي	مجلة الشمال للعلوم الإنسانية (السعودية)	references	دراسات لغوية	مجلة الشمال للعلوم الإنسانية (السعودية)/3/2/2 الاغتراب$ واقعٌ إنسانيٌ في تجربةٍ فرديةٍ$ ... (قصيدةٌ ضائعةٌ)، للشاعر& حمزة آل فتحي.pdf
2f9b5d0f6ac1d2f2	الإغراب والتعجيب في الصورة والإيقاع عند/ حازمٍ القرطاجني: دراسةٌ تطبيقيةٌ على قصيدة: (في القدس)، للشاعر/ تميمٍ البرغوثي	أ. د. سمية بنت رومي الرومي	مجلة الشمال للعلوم الإنسانية (السعودية)	references	دراسات لغوية	مجلة الشمال للعلوم الإنسانية (السعودية)/3/1/2 الإغراب والتعجيب في الصورة والإيقاع عند& ... قصيدة$ (في القدس)، للشاعر& تميمٍ البرغوثي.pdf
14ede2a049489afa	الأوضاع المعجمية: من النظرية اللسانية إلى القراءة التأويلية	د. نجلاء بنت علي مطري	مجلة الشمال للعلوم الإنسانية (السعودية)	dictionaries	معجم لغوي	مجلة الشمال للعلوم الإنسانية (السعودية)/11/1/2/4 الأوضاع المعجمية$ من النظرية اللسانية إلى القراءة التأويلية.pdf
46131a52b057e627	البلاغة الإنشائية: أصولها، وامتداداتها	د. هاني بن عبيد الله الصاعدي	مجلة الشمال للعلوم الإنسانية (السعودية)	references	دراسات لغوية	مجلة الشمال للعلوم الإنسانية (السعودية)/9/2/1/2 البلاغة الإنشائية$ أصولها، وامتداداتها.pdf
e7fb3623f93e9798	التأثر والتأثير بين النحو وأصول الفقه من خلال كتاب: (التمهيد في تخريج الفروع على الأصول)، لجمال الدين الإسنوي	د. هيفاء بنت عبد الرحمن الحواس	مجلة الشمال للعلوم الإنسانية (السعودية)	references	نحو	مجلة الشمال للعلوم الإنسانية (السعودية)/8/2/5/3 التأثر والتأثير بين النحو وأصول الفقه ... الفروع على الأصول)، لجمال الدين الإسنوي.pdf
59376afd60f334f5	الحجاج في شعر/ حافظ إبراهيم الاجتماعي (قصيدة زواج الشيخ/ علي يوسف أنموذجاً)	أ. د. سعد بن ماشي العنزي	مجلة الشمال للعلوم الإنسانية (السعودية)	references	دراسات لغوية	مجلة الشمال للعلوم الإنسانية (السعودية)/9/1/2/3 الحجاج في شعر& حافظ إبراهيم الاجتماعي (قصيدة زواج الشيخ& علي يوسف أنموذجاً).pdf
29a6d8b217ec316d	السرد في السيرة الذاتية السعودية ((من الذاكرة -سيرة زمانٍ ومكانٍ-)، لمهدي الراقدي أنموذجاً)	د. محمد بن ظافر القحطاني	مجلة الشمال للعلوم الإنسانية (السعودية)	references	دراسات لغوية	مجلة الشمال للعلوم الإنسانية (السعودية)/9/1/2/8 السرد في السيرة الذاتية السعودية ((من ... -سيرة زمانٍ ومكانٍ-)، لمهدي الراقدي أنموذجاً).pdf
3212bc2f5b5ca627	السمات البلاغية لكتاب: (الحديث شجون شرح الرسالة الجدية لابن زيدون)	د. بدر بن لافي الجابري	مجلة الشمال للعلوم الإنسانية (السعودية)	references	دراسات لغوية	مجلة الشمال للعلوم الإنسانية (السعودية)/8/2/3/6 السمات البلاغية لكتاب$ (الحديث شجون شرح الرسالة الجدية لابن زيدون).pdf
245f77808ec58ed6	الشعر الساخر في ديوان/ جعفرٍ البيتي: الأنماط، والبواعث: دراسةٌ استقرائيةٌ وصفيةٌ	أ. د. محمد بن راضي الشريف	مجلة الشمال للعلوم الإنسانية (السعودية)	diwans	ديوان شعري | شعر وأدب	مجلة الشمال للعلوم الإنسانية (السعودية)/9/1/2/5 الشعر الساخر في ديوان& جعفرٍ البيتي$ الأنماط، والبواعث$ دراسةٌ استقرائيةٌ وصفيةٌ.pdf
0a70afe220bc8712	الفروق الأصولية في المباحث اللغوية: دراسةٌ في نماذج من المصطلحات	د. أحمد محمد الفاتح منصور	مجلة الشمال للعلوم الإنسانية (السعودية)	references	دراسات لغوية	مجلة الشمال للعلوم الإنسانية (السعودية)/6/1/1 الفروق الأصولية في المباحث اللغوية$ دراسةٌ في نماذج من المصطلحات.pdf
e400d5c5a921565e	المشاكلة في النقد العربي القديم: بين النظرية والتطبيق	د. طامي بن دغليب الشمراني	مجلة الشمال للعلوم الإنسانية (السعودية)	references	دراسات لغوية	مجلة الشمال للعلوم الإنسانية (السعودية)/8/2/6/3 المشاكلة في النقد العربي القديم$ بين النظرية والتطبيق.pdf
962c293cb4b12005	بلاغة ملفوظية النصوص الشعرية عند/ محمود درويش (ديوان: (أحد عشر كوكباً) أنموذجاً)	د. كريم بن أحمد أبو سمهدانة	مجلة الشمال للعلوم الإنسانية (السعودية)	diwans	ديوان شعري | شعر وأدب	مجلة الشمال للعلوم الإنسانية (السعودية)/8/2/3/12 بلاغة ملفوظية النصوص الشعرية عند& محمود درويش (ديوان$ (أحد عشر كوكباً) أنموذجاً).pdf
dba84d03c6ccdd35	تجليات الجسد الخارق في الأدب العربي القديم: قراءةٌ سيميائيةٌ	د. عبد المنعم المختار شيحة	مجلة الشمال للعلوم الإنسانية (السعودية)	references	دراسات لغوية	مجلة الشمال للعلوم الإنسانية (السعودية)/8/1/2/3 تجليات الجسد الخارق في الأدب العربي القديم$ قراءةٌ سيميائيةٌ.pdf
c9d7e440c3451b16	تجليات الجواب عن الحال في الشعر العربي: دراسةٌ موضوعيةٌ فنيةٌ في أبياتٍ مختارةٍ	د. جواهر بنت عبد الله العصيمي	مجلة الشمال للعلوم الإنسانية (السعودية)	references	شعر وأدب	مجلة الشمال للعلوم الإنسانية (السعودية)/11/1/3/8 تجليات الجواب عن الحال في الشعر ... دراسةٌ موضوعيةٌ فنيةٌ في أبياتٍ مختارةٍ.pdf
559241b8c7c4419a	تعالق مركزية العتبة بفضاء السرد وسياق الاستدعاء (عتمة)، لعبد الجليل الحافظ: دراسةٌ في التلقي والتأويل	د. هند بنت شديد العنزي	مجلة الشمال للعلوم الإنسانية (السعودية)	references	دراسات لغوية	مجلة الشمال للعلوم الإنسانية (السعودية)/10/2/2/3 تعالق مركزية العتبة بفضاء السرد وسياق ... الجليل الحافظ$ دراسةٌ في التلقي والتأويل.pdf
b3344b319c996c26	تقنيات السرد في ديوان: (أغنيةٌ على حافة الريح)، للشاعر/ محمد أبو شرارة	د. طامي بن دغليب الشمراني	مجلة الشمال للعلوم الإنسانية (السعودية)	diwans	ديوان شعري | شعر وأدب	مجلة الشمال للعلوم الإنسانية (السعودية)/10/1/2/9 تقنيات السرد في ديوان$ (أغنيةٌ على حافة الريح)، للشاعر& محمد أبو شرارة.pdf
5917b1dbe777d058	تقنية القناع عند/ أحمد الصالح (قصيدة: (الشنفرى يدخل القرية ليلاً) نموذجاً)	د. عبد الرحمن بن إبراهيم المهوس	مجلة الشمال للعلوم الإنسانية (السعودية)	references	دراسات لغوية	مجلة الشمال للعلوم الإنسانية (السعودية)/11/1/3/5 تقنية القناع عند& أحمد الصالح (قصيدة$ (الشنفرى يدخل القرية ليلاً) نموذجاً).pdf
4a4a1f096f7831fe	جماليات الانزياح التركيبي في ديوان: (تراتيل)، لعيادة العنزي	أ. د. عبد الرحمن بن أحمد السبت	مجلة الشمال للعلوم الإنسانية (السعودية)	diwans	ديوان شعري | شعر وأدب	مجلة الشمال للعلوم الإنسانية (السعودية)/9/1/3/7 جماليات الانزياح التركيبي في ديوان$ (تراتيل)، لعيادة العنزي.pdf
efde04ff93fd76f5	حدث التوقع في اللغة العربية: دراسةٌ لغويةٌ	د. محمد بن حسن قواقزة	مجلة الشمال للعلوم الإنسانية (السعودية)	references	دراسات لغوية	مجلة الشمال للعلوم الإنسانية (السعودية)/4/1/2 حدث التوقع في اللغة العربية$ دراسةٌ لغويةٌ.pdf
3c2eb9179f994819	خطاب العنف في الأدب العربي القديم (الأمثال نموذجاً): دراسةٌ من منظور النقد الثقافي	د. صغير بن غريب العنزي	مجلة الشمال للعلوم الإنسانية (السعودية)	references	دراسات لغوية	مجلة الشمال للعلوم الإنسانية (السعودية)/7/1/2/2 خطاب العنف في الأدب العربي القديم ... نموذجاً)$ دراسةٌ من منظور النقد الثقافي.pdf
780bab79d350733e	سردية الإبل في القصة القصيرة السعودية: دراسةٌ وصفيةٌ تحليليةٌ	د. سامي بن جريدي الثبيتي	مجلة الشمال للعلوم الإنسانية (السعودية)	references	دراسات لغوية	مجلة الشمال للعلوم الإنسانية (السعودية)/11/1/2/8 سردية الإبل في القصة القصيرة السعودية$ دراسةٌ وصفيةٌ تحليليةٌ.pdf
6ab6d40997155c03	سلطة الذات ودينامية اللغة: قراءةٌ في نماذج من الشعر القديم	د. وئام محمد سيد أحمد	مجلة الشمال للعلوم الإنسانية (السعودية)	references	شعر وأدب	مجلة الشمال للعلوم الإنسانية (السعودية)/10/1/1/4 سلطة الذات ودينامية اللغة$ قراءةٌ في نماذج من الشعر القديم.pdf
93c1b038d1d0ddb9	سيمفونية التوتر والانهيار في أهواء الخطاب الشعري: مقاربةٌ سيميائيةٌ في ديوان: (قسم المفقودين)، لمحمدٍ التركي	د. مستورة بنت مسفر العرابي	مجلة الشمال للعلوم الإنسانية (السعودية)	diwans	ديوان شعري | شعر وأدب	مجلة الشمال للعلوم الإنسانية (السعودية)/10/2/2/9 سيمفونية التوتر والانهيار في أهواء الخطاب ... في ديوان$ (قسم المفقودين)، لمحمدٍ التركي.pdf
995949162a6ace44	سيمياء الرمز في قصيدة: (الهايكو) في المملكة العربية السعودية: دراسةٌ سيميائيةٌ	د. محمد بن عبد العزيز الفيصل	مجلة الشمال للعلوم الإنسانية (السعودية)	references	دراسات لغوية	مجلة الشمال للعلوم الإنسانية (السعودية)/9/2/2/2 سيمياء الرمز في قصيدة$ (الهايكو) في المملكة العربية السعودية$ دراسةٌ سيميائيةٌ.pdf
67950d5ea384c576	علم اللغة الجنائي ومواطن تطبيقه على الأنظمة العدلية في المملكة العربية السعودية	أ. د. بدر بن عائد الكلبي	مجلة الشمال للعلوم الإنسانية (السعودية)	references	دراسات لغوية	مجلة الشمال للعلوم الإنسانية (السعودية)/9/1/2/6 علم اللغة الجنائي ومواطن تطبيقه على الأنظمة العدلية في المملكة العربية السعودية.pdf
6f9d4548072201ef	كتاب: (المعلم في النحو)، ت: المبارك بن فاخرٍ: دراسةً وتحقيقاً	د. حمد بن عبيد الرشيدي	مجلة الشمال للعلوم الإنسانية (السعودية)	references	نحو	مجلة الشمال للعلوم الإنسانية (السعودية)/9/2/2/5 كتاب$ (المعلم في النحو)، ت$ المبارك بن فاخرٍ$ دراسةً وتحقيقاً.pdf
af70d074499244f0	معايير الشعرية في كتاب: (المعيار في نقد الأشعار)، لأبي عبد الله جمال الدين محمد بن أحمد الأندلسي	أ. د. ليلى بنت شعبان رضوان، د. صيتة بنت محمد العجمي	مجلة الشمال للعلوم الإنسانية (السعودية)	references	شعر وأدب	مجلة الشمال للعلوم الإنسانية (السعودية)/7/1/2/4 معايير الشعرية في كتاب$ (المعيار في ... جمال الدين محمد بن أحمد الأندلسي.pdf
1b47ebb1ce45e7be	التبصرة في استعمال مياه الصرف بعد التنقية	محمد بن سعيد القحطاني	مجلة العدل - وزارة العدل (السعودية)	references	صرف	مجلة العدل - وزارة العدل (السعودية)/45/6 التبصرة في استعمال مياه الصرف بعد التنقية.pdf
62aa382e92759a7f	مكانة اللغة العربية في العقود والترافع في النظام القضائي السعودي	عبد العزيز بن سعد الدغيثر	مجلة العدل - وزارة العدل (السعودية)	references	دراسات لغوية	مجلة العدل - وزارة العدل (السعودية)/62/7 مكانة اللغة العربية في العقود والترافع في النظام القضائي السعودي.pdf
afd1bec48bfd96ae	أثر إستراتيجيات تعليم التعبيرات الاصطلاحية في فهمها واكتسابها لدى متعلمي اللغة العربية من الناطقين بغيرها: دراسةٌ تجريبيةٌ	أ. د. حجاب بن محمد القحطاني	‏‏مجلة العلوم الإنسانية - جامعة حائل (السعودية)	references	دراسات لغوية	‏‏مجلة العلوم الإنسانية - جامعة حائل (السعودية)/28/1/1 أثر إستراتيجيات تعليم التعبيرات الاصطلاحية في ... العربية من الناطقين بغيرها$ دراسةٌ تجريبيةٌ.pdf
31161aee2a2d3fbd	الأبعاد الأنثروبولوجية في ديوان: (عيناك يتجلى فيهما الوطن): مقاربةٌ موضوعاتيةٌ	د. فايزة بنت أحمد الحربي	‏‏مجلة العلوم الإنسانية - جامعة حائل (السعودية)	diwans	ديوان شعري | شعر وأدب	‏‏مجلة العلوم الإنسانية - جامعة حائل (السعودية)/10/10 الأبعاد الأنثروبولوجية في ديوان$ (عيناك يتجلى فيهما الوطن)$ مقاربةٌ موضوعاتيةٌ.pdf
31ba3de501402186	الازدواجية في الدراسات اللسانية في اللغة العربية	د. إيمان بنت عبد الله الشوشان	‏‏مجلة العلوم الإنسانية - جامعة حائل (السعودية)	references	دراسات لغوية	‏‏مجلة العلوم الإنسانية - جامعة حائل (السعودية)/21/5/2 الازدواجية في الدراسات اللسانية في اللغة العربية.pdf
f681f97f0309e363	البلاغة القرآنية في آيات التعايش مع غير المسلمين	د. عواد بن ملفي الشمري، أ. د. أحمد أحمد السيد شتيوي، أ. د. أنسام بنت محمد الحسيني	‏‏مجلة العلوم الإنسانية - جامعة حائل (السعودية)	references	دراسات لغوية	‏‏مجلة العلوم الإنسانية - جامعة حائل (السعودية)/21/2/7 البلاغة القرآنية في آيات التعايش مع غير المسلمين.pdf
7734a9cf76b7b6a2	البنى السردية في القصة القصيرة ((ثرثرةٌ خلف المحراب) أنموذجاً)	د. إيمان بنت عبد العزيز المخيلد	‏‏مجلة العلوم الإنسانية - جامعة حائل (السعودية)	references	دراسات لغوية	‏‏مجلة العلوم الإنسانية - جامعة حائل (السعودية)/21/3/7 البنى السردية في القصة القصيرة ((ثرثرةٌ خلف المحراب) أنموذجاً).pdf
592b6c1806376152	البنية الأسلوبية في قصيدة: (ريحانة الكون)، لأبي الطيب محمد بن علي العمري	د. عنود بنت أحمد العنزي	‏‏مجلة العلوم الإنسانية - جامعة حائل (السعودية)	references	دراسات لغوية	‏‏مجلة العلوم الإنسانية - جامعة حائل (السعودية)/28/1/3 البنية الأسلوبية في قصيدة$ (ريحانة الكون)، لأبي الطيب محمد بن علي العمري.pdf
e7dca4fc02c78b88	التماسك النصي في قصيدة: (بوابة الريح)، لمحمدٍ الثبيتي	د. ثناء حسين الظفيري، د. باسل بن فيصل الزعبي	‏‏مجلة العلوم الإنسانية - جامعة حائل (السعودية)	references	دراسات لغوية	‏‏مجلة العلوم الإنسانية - جامعة حائل (السعودية)/24/3/10 التماسك النصي في قصيدة$ (بوابة الريح)، لمحمدٍ الثبيتي.pdf
648454db4f2c5110	الصور التعبيرية (Emojis) من منظور علم اللغة القضائي	د. بندر بن سبيل الشمري	‏‏مجلة العلوم الإنسانية - جامعة حائل (السعودية)	references	دراسات لغوية	‏‏مجلة العلوم الإنسانية - جامعة حائل (السعودية)/21/5/4 الصور التعبيرية (Emojis) من منظور علم اللغة القضائي.pdf
ae937f20a691c7b2	الصورة الشعرية في ديوان: (ما لم يقله ناي): دراسةٌ سيميائيةٌ	د. خليف بن غالب الشمري	‏‏مجلة العلوم الإنسانية - جامعة حائل (السعودية)	diwans	ديوان شعري | شعر وأدب	‏‏مجلة العلوم الإنسانية - جامعة حائل (السعودية)/28/3/8 الصورة الشعرية في ديوان$ (ما لم يقله ناي)$ دراسةٌ سيميائيةٌ.pdf
871698ddfbff82bf	الصيغ الصرفية ودورها في النظرية التواصلية	د. فهد بن سالم المغلوث	‏‏مجلة العلوم الإنسانية - جامعة حائل (السعودية)	references	دراسات لغوية	‏‏مجلة العلوم الإنسانية - جامعة حائل (السعودية)/3/2 الصيغ الصرفية ودورها في النظرية التواصلية.pdf
95309f250d7cacb6	الضرائر الشعرية في: (الإفصاح في شرح أبيات مشكلة الإعراب)، للفارقي: صورها، وتوجيهها	د. نورة بنت داود بن داود	‏‏مجلة العلوم الإنسانية - جامعة حائل (السعودية)	references	شعر وأدب	‏‏مجلة العلوم الإنسانية - جامعة حائل (السعودية)/28/1/4 الضرائر الشعرية في$ (الإفصاح في شرح أبيات مشكلة الإعراب)، للفارقي$ صورها، وتوجيهها.pdf
ca2b0b094ea6e0cb	المتلازمات اللفظية في معجم: (الفروق اللغوية)، للعسكري: دراسةٌ تركيبيةٌ	د. آمنة بنت أحمد الطريقي	‏‏مجلة العلوم الإنسانية - جامعة حائل (السعودية)	references	دراسات لغوية	‏‏مجلة العلوم الإنسانية - جامعة حائل (السعودية)/27/1/2 المتلازمات اللفظية في معجم$ (الفروق اللغوية)، للعسكري$ دراسةٌ تركيبيةٌ.pdf
8b0d301d710b4596	النية في كتاب سيبويه ودورها في النظرية النحوية	د. صالح بن حسين الحارثي	‏‏مجلة العلوم الإنسانية - جامعة حائل (السعودية)	references	دراسات لغوية	‏‏مجلة العلوم الإنسانية - جامعة حائل (السعودية)/24/1/12 النية في كتاب سيبويه ودورها في النظرية النحوية.pdf
e4afee62794cfe68	آليات التناص في شعر/ أبي نواسٍ الخمري	أ. د. فواز بن زايد الشمري	‏‏مجلة العلوم الإنسانية - جامعة حائل (السعودية)	references	دراسات لغوية	‏‏مجلة العلوم الإنسانية - جامعة حائل (السعودية)/1/6 آليات التناص في شعر& أبي نواسٍ الخمري.pdf
2ff9fc6c621a7d49	آيات انشراح الصدر: سياقاتها، وأسرارها البلاغية	د. بخيت بن حمود السناني	‏‏مجلة العلوم الإنسانية - جامعة حائل (السعودية)	references	دراسات لغوية	‏‏مجلة العلوم الإنسانية - جامعة حائل (السعودية)/20/1/7 آيات انشراح الصدر$ سياقاتها، وأسرارها البلاغية.pdf
a3324c79f37349da	ترتيب البناء الصوتي للمفردة اللغوية وأثره في الفصاحة عند السبكي: دراسةٌ صوتيةٌ مقارنةٌ من خلال: (معجم الصحاح)	د. وفاء بنت لافي الرشيدي	‏‏مجلة العلوم الإنسانية - جامعة حائل (السعودية)	references	دراسات لغوية	‏‏مجلة العلوم الإنسانية - جامعة حائل (السعودية)/25/1/6 ترتيب البناء الصوتي للمفردة اللغوية وأثره ... صوتيةٌ مقارنةٌ من خلال$ (معجم الصحاح).pdf
11789b833027323b	تفاعل مصطلحات علم السرد عند/ تودوروف وجونات وغريماس في: (المدونة النقدية العربية)	د. الطاهر المبروك الجزيري	‏‏مجلة العلوم الإنسانية - جامعة حائل (السعودية)	references	دراسات لغوية	‏‏مجلة العلوم الإنسانية - جامعة حائل (السعودية)/24/1/11 تفاعل مصطلحات علم السرد عند& تودوروف وجونات وغريماس في$ (المدونة النقدية العربية).pdf
e461cc64e02beef5	رواية: (الانمساخ)، لفرانز كافكا وأثرها في الرواية السعودية: دراسةٌ مقارنةٌ	د. منصور بن محمد البلوي	‏‏مجلة العلوم الإنسانية - جامعة حائل (السعودية)	references	دراسات لغوية	‏‏مجلة العلوم الإنسانية - جامعة حائل (السعودية)/18/1/9 رواية$ (الانمساخ)، لفرانز كافكا وأثرها في الرواية السعودية$ دراسةٌ مقارنةٌ.pdf
f5fb09edd699c3d0	سورة: (الملك) في ضوء التحليلات الأسلوبية الحديثة (الدائرة الفلولوجية والكلمات المفاتيح (التيمات))	أ. د. نوف بنت سالم الشمري	‏‏مجلة العلوم الإنسانية - جامعة حائل (السعودية)	references	دراسات لغوية	‏‏مجلة العلوم الإنسانية - جامعة حائل (السعودية)/16/8 سورة$ (الملك) في ضوء التحليلات الأسلوبية الحديثة (الدائرة الفلولوجية والكلمات المفاتيح (التيمات)).pdf
d9132a724408e73a	صورة/ عيلان كردي في الشعر العربي: دراسةٌ سيميائيةٌ	د. عبد الرحمن بن صالح الخميس	‏‏مجلة العلوم الإنسانية - جامعة حائل (السعودية)	references	شعر وأدب	‏‏مجلة العلوم الإنسانية - جامعة حائل (السعودية)/3/12 صورة& عيلان كردي في الشعر العربي$ دراسةٌ سيميائيةٌ.pdf
648dee02b0202f25	لغة الشعر السعودي المعاصر: بين التراث والحداثة	د. ولد متالي لمرابط أحمد محمدو	‏‏مجلة العلوم الإنسانية - جامعة حائل (السعودية)	references	شعر وأدب	‏‏مجلة العلوم الإنسانية - جامعة حائل (السعودية)/1/7 لغة الشعر السعودي المعاصر$ بين التراث والحداثة.pdf
1203d30d85c58427	مرحلة الطفولة في السرد الذاتي، وأهميتها في الكتابة للأطفال واليافعين: قراءة لاوعي النص	أ. د. هدى بنت عبد الرحمن الدريس، أ. د. أمينة بنت عبد الرحمن الجبرين	‏‏مجلة العلوم الإنسانية - جامعة حائل (السعودية)	references	دراسات لغوية	‏‏مجلة العلوم الإنسانية - جامعة حائل (السعودية)/26/1/8 مرحلة الطفولة في السرد الذاتي، وأهميتها ... الكتابة للأطفال واليافعين$ قراءة لاوعي النص.pdf
cf068fc81a359ab4	موقف/ عبد العزيز حمودة من البلاغة العربية: قراءةٌ في كتاب: (المرايا المقعرة)	د. خالد بن ناصر الفريدي	‏‏مجلة العلوم الإنسانية - جامعة حائل (السعودية)	references	دراسات لغوية	‏‏مجلة العلوم الإنسانية - جامعة حائل (السعودية)/21/6/11 موقف& عبد العزيز حمودة من البلاغة العربية$ قراءةٌ في كتاب$ (المرايا المقعرة).pdf
8c8da9ea2855b555	أدوات التماسك النصي في قصيدة: (حب وشراب)، للشاعر/ علقمة الفحل	د. عامر بن مقحم المطيري	مجلة العلوم الإنسانية والإدارية - جامعة شقراء (السعودية)	references	دراسات لغوية	مجلة العلوم الإنسانية والإدارية - جامعة شقراء (السعودية)/12/1/3 أدوات التماسك النصي في قصيدة$ (حب وشراب)، للشاعر& علقمة الفحل.pdf
e8d2b1994563f1d3	اقتصاديات الشعر كأحد روافد الاقتصاد الإبداعي والتنمية المستدامة	عبد الملك بن محمد الطلحة، عبد اللطيف بن صالح السماعيل، د. عبد الله بن سلطان الشمري	مجلة العلوم الإنسانية والإدارية - جامعة شقراء (السعودية)	references	شعر وأدب	مجلة العلوم الإنسانية والإدارية - جامعة شقراء (السعودية)/12/2/7 اقتصاديات الشعر كأحد روافد الاقتصاد الإبداعي والتنمية المستدامة.pdf
7c0a0f1fc847bdbb	الأبعاد التداولية للاستعارة في قصيدة: (معركةٌ بلا رايةٍ)، لغازي القصيبي	د. إبراهيم الأغبش الأمين	مجلة العلوم الإنسانية والإدارية - جامعة شقراء (السعودية)	references	دراسات لغوية	مجلة العلوم الإنسانية والإدارية - جامعة شقراء (السعودية)/12/1/5 الأبعاد التداولية للاستعارة في قصيدة$ (معركةٌ بلا رايةٍ)، لغازي القصيبي.pdf
1bb917b4add62612	الإشاريات التداولية في الحوارات القرآنية والدلائل الحجاجية في سورة: (يوسف)	أمل بنت أحمد آل قرون، أ. د. حجاب بن محمد القحطاني	مجلة العلوم الإنسانية والإدارية - جامعة شقراء (السعودية)	references	دراسات لغوية	مجلة العلوم الإنسانية والإدارية - جامعة شقراء (السعودية)/13/1/3 الإشاريات التداولية في الحوارات القرآنية والدلائل الحجاجية في سورة$ (يوسف).pdf
615059882d7ed2f1	البعد القصدي في شعر/ طاهر زمخشري: دراسةٌ تداوليةٌ في ديوان: (الشراع الرفاف)	د. سلطان بن محمد المطرفي	مجلة العلوم الإنسانية والإدارية - جامعة شقراء (السعودية)	diwans	ديوان شعري | شعر وأدب	مجلة العلوم الإنسانية والإدارية - جامعة شقراء (السعودية)/13/3/3 البعد القصدي في شعر& طاهر زمخشري$ دراسةٌ تداوليةٌ في ديوان$ (الشراع الرفاف).pdf
90a81e7ebe924488	التداولية ومقاصدها في الأفعال الكلامية في قصيدة: (سيدة الأقمار)، لغازي القصيبي	د. زينة بنت حسين القحطاني	مجلة العلوم الإنسانية والإدارية - جامعة شقراء (السعودية)	references	دراسات لغوية	مجلة العلوم الإنسانية والإدارية - جامعة شقراء (السعودية)/11/1/4 التداولية ومقاصدها في الأفعال الكلامية في قصيدة$ (سيدة الأقمار)، لغازي القصيبي.pdf
f74cae44b0e5e034	سيميائية العطر في كتاب: (البديع في وصف الربيع)، لأبي الوليد الحميري	د. سعد بن حسن العاطفي	مجلة العلوم الإنسانية والإدارية - جامعة شقراء (السعودية)	references	بلاغة	مجلة العلوم الإنسانية والإدارية - جامعة شقراء (السعودية)/12/1/6 سيميائية العطر في كتاب$ (البديع في وصف الربيع)، لأبي الوليد الحميري.pdf
25ddff46c7d1422d	سيميائية العنوان في ديوان: (التباس)، للشاعر/ حسن الزهراني	د. البندري بنت ضيف الله المطيري	مجلة العلوم الإنسانية والإدارية - جامعة شقراء (السعودية)	diwans	ديوان شعري | شعر وأدب	مجلة العلوم الإنسانية والإدارية - جامعة شقراء (السعودية)/11/1/3 سيميائية العنوان في ديوان$ (التباس)، للشاعر& حسن الزهراني.pdf
5b6ec2fc3a77155f	شعرية العتبات في ديوان: (تضاريس الهذيان)، للشاعر/ جاسم الصحيح	د. داليا بنت عبد الباقي محمد	مجلة العلوم الإنسانية والإدارية - جامعة شقراء (السعودية)	diwans	ديوان شعري | شعر وأدب	مجلة العلوم الإنسانية والإدارية - جامعة شقراء (السعودية)/11/2/5 شعرية العتبات في ديوان$ (تضاريس الهذيان)، للشاعر& جاسم الصحيح.pdf
ee1c52d82513ef3a	علل الضوابط النحوية فيما لا يجوز في الاستعمال (حروف المعاني نموذجاً)	د. بدر بن عبد العزيز المرشدي	مجلة العلوم الإنسانية والإدارية - جامعة شقراء (السعودية)	references	دراسات لغوية	مجلة العلوم الإنسانية والإدارية - جامعة شقراء (السعودية)/10/2/4 علل الضوابط النحوية فيما لا يجوز في الاستعمال (حروف المعاني نموذجاً).pdf
a84f46fe3ea156d1	في السرد الحجاجي: مقاربةٌ بلاغيةٌ حجاجيةٌ لمقال: (الامتيازات والأدب)، لأحمد حسن الزيات	د. سلطان بن دخيل الله العوفي	مجلة العلوم الإنسانية والإدارية - جامعة شقراء (السعودية)	references	دراسات لغوية	مجلة العلوم الإنسانية والإدارية - جامعة شقراء (السعودية)/12/2/5 في السرد الحجاجي$ مقاربةٌ بلاغيةٌ حجاجيةٌ لمقال$ (الامتيازات والأدب)، لأحمد حسن الزيات.pdf
5816c57c7d3e9303	قصيدة: (أنشودة المطر)، لبدر شاكر السياب: مقاربةٌ لغويةٌ تداوليةٌ في ضوء نظرية الأفعال الكلامية	د. غادة بنت غنيم ذبالي	مجلة العلوم الإنسانية والإدارية - جامعة شقراء (السعودية)	references	دراسات لغوية	مجلة العلوم الإنسانية والإدارية - جامعة شقراء (السعودية)/12/2/6 قصيدة$ (أنشودة المطر)، لبدر شاكر السياب$ ... تداوليةٌ في ضوء نظرية الأفعال الكلامية.pdf
7694eb94ee191563	مصادر الشعر الغيبية بين العرب والأمم الأخرى	د. عبد الرحمن بن إبراهيم المهوس	مجلة العلوم الإنسانية والإدارية - جامعة شقراء (السعودية)	references	شعر وأدب	مجلة العلوم الإنسانية والإدارية - جامعة شقراء (السعودية)/13/2/2 مصادر الشعر الغيبية بين العرب والأمم الأخرى.pdf
8da0d74b3bfabe04	بيان أخطاء المعجم المفهرس لألفاظ الحديث النبوي	د. شاكر بن ذيب الخوالدة	مجلة العلوم التربوية والدراسات الإسلامية - جامعة الملك سعود (السعودية)	dictionaries	معجم لغوي	مجلة العلوم التربوية والدراسات الإسلامية - جامعة الملك سعود (السعودية)/4/2/1 بيان أخطاء المعجم المفهرس لألفاظ الحديث النبوي.pdf
f8a9050686659e14	طرق حفظ القرآن الكريم: اقتراحاتٌ لتحسينها، وتعلمها، وتعليمها من وجهة نظر علم اللغة التطبيقي	د. محمد بن ياسين ألفي	مجلة العلوم التربوية والدراسات الإسلامية - جامعة الملك سعود (السعودية)	references	دراسات لغوية	مجلة العلوم التربوية والدراسات الإسلامية - جامعة الملك سعود (السعودية)/16/2/1 طرق حفظ القرآن الكريم$ اقتراحاتٌ لتحسينها، ... من وجهة نظر علم اللغة التطبيقي.pdf
bf72738348e46fe4	الأحاديث الواردة عن أم المؤمنين عائشة -رضي الله عنها- في الشعر: تخريجاً ودراسةً	د. إبراهيم بن عبد الله المديهش	مجلة العلوم الشرعية - جامعة الإمام (السعودية)	references	شعر وأدب	مجلة العلوم الشرعية - جامعة الإمام (السعودية)/75/1/2 الأحاديث الواردة عن أم المؤمنين عائشة ... الله عنها- في الشعر$ تخريجاً ودراسةً.pdf
c30595cbcc6b2dfc	العلاقة بين علم الصوتيات وعلم التجويد: الضوابط والمحددات: دراسةٌ وصفيةٌ	د. علوي بن عبد الرحيم الردادي	مجلة العلوم الشرعية - جامعة الإمام (السعودية)	references	دراسات لغوية	مجلة العلوم الشرعية - جامعة الإمام (السعودية)/72/3/1 العلاقة بين علم الصوتيات وعلم التجويد$ الضوابط والمحددات$ دراسةٌ وصفيةٌ.pdf
1983fb6323f93cc9	الفروق اللغوية في تفسير ابن أبي زمنين وآثارها في المعنى: جمعٌ ودراسةٌ	أ. د. سعد بن محمد آل عثيمين	مجلة العلوم الشرعية - جامعة الإمام (السعودية)	references	دراسات لغوية	مجلة العلوم الشرعية - جامعة الإمام (السعودية)/73/1/1 الفروق اللغوية في تفسير ابن أبي زمنين وآثارها في المعنى$ جمعٌ ودراسةٌ.pdf
855e975123b84446	المعلقات في صحيح الإمام ابن خزيمة: جمعاً وتخريجاً ودراسةً	أ. د. عبد الرحمن بن أحمد العواجي	مجلة العلوم الشرعية - جامعة الإمام (السعودية)	references	شعر وأدب	مجلة العلوم الشرعية - جامعة الإمام (السعودية)/45/1 المعلقات في صحيح الإمام ابن خزيمة$ جمعاً وتخريجاً ودراسةً.pdf
e1132d008e98acdb	الأحاديث الواردة في أن الشِعر قرآن الشيطان ومزاميره ونفثه: دراسةٌ حديثيةٌ	د. إبراهيم بن عبد الله المديهش	مجلة العلوم الشرعية - جامعة القصيم (السعودية)	references	شعر وأدب	مجلة العلوم الشرعية - جامعة القصيم (السعودية)/19/1/5 الأحاديث الواردة في أن الشِعر قرآن الشيطان ومزاميره ونفثه$ دراسةٌ حديثيةٌ.pdf
9e98e74f27288a14	الأحكام الشرعية لمهنة تصفيف الشعر للرجال والنساء	د. بسام بن محمد عياصرة، د. أنس بن محمد الخلايلة	مجلة العلوم الشرعية - جامعة القصيم (السعودية)	references	شعر وأدب	مجلة العلوم الشرعية - جامعة القصيم (السعودية)/10/3/6 الأحكام الشرعية لمهنة تصفيف الشعر للرجال والنساء.pdf
92c31faaa8848a63	الأخذ من الشعر لمن أراد أن يضحي، وفقه الجمع بين الأحاديث	أ. د. فهد بن عبد الرحمن اليحيى	مجلة العلوم الشرعية - جامعة القصيم (السعودية)	references	شعر وأدب	مجلة العلوم الشرعية - جامعة القصيم (السعودية)/17/3/2/9 الأخذ من الشعر لمن أراد أن يضحي، وفقه الجمع بين الأحاديث.pdf
413389f59b984077	التكامل المعرفي بين أصول الفقه وعلوم اللغة العربية	د. هاجر بنت محمد المحسن	مجلة العلوم الشرعية - جامعة القصيم (السعودية)	references	دراسات لغوية	مجلة العلوم الشرعية - جامعة القصيم (السعودية)/17/5/9 التكامل المعرفي بين أصول الفقه وعلوم اللغة العربية.pdf
55a094e45a9c3e04	حكم إزالة الشعر بالليزر: دراسةٌ فقهيةٌ مقارنةٌ	د. عادل بن مبارك المطيرات	مجلة العلوم الشرعية - جامعة القصيم (السعودية)	references	شعر وأدب	مجلة العلوم الشرعية - جامعة القصيم (السعودية)/6/1/3 حكم إزالة الشعر بالليزر$ دراسةٌ فقهيةٌ مقارنةٌ.pdf
f0c35498ffa05c39	عادات القرآن اللغوية والموضوعية: عرضٌ ودراسةٌ	د. شافي بن سلطان العجمي	مجلة العلوم الشرعية - جامعة القصيم (السعودية)	references	دراسات لغوية	مجلة العلوم الشرعية - جامعة القصيم (السعودية)/3/2/6 عادات القرآن اللغوية والموضوعية$ عرضٌ ودراسةٌ.pdf
ac5e1b5001bdfe94	العولمة والتخطيط اللغوي اللغة العربية في مواجهة العولمة	د. أحمد بن محمد النشوان	مجلة العلوم الشرعية والعربية - جامعة الإمام (السعودية)	references	دراسات لغوية	مجلة العلوم الشرعية والعربية - جامعة الإمام (السعودية)/2/6 العولمة والتخطيط اللغوي اللغة العربية في مواجهة العولمة.pdf
92c60e95a90dda14	القياس والقواعد النحوية	د. محمود بن حسن الجاسم	مجلة العلوم الشرعية والعربية - جامعة الإمام (السعودية)	references	دراسات لغوية	مجلة العلوم الشرعية والعربية - جامعة الإمام (السعودية)/2/4 القياس والقواعد النحوية.pdf
864871783baae1eb	التناص في التراث النقدي والبلاغي	د. صالح بن أحمد العليوي	مجلة العلوم الشرعية واللغة العربية بجامعة الأمير سطام (السعودية)	references	دراسات لغوية	مجلة العلوم الشرعية واللغة العربية بجامعة الأمير سطام (السعودية)/12/6 التناص في التراث النقدي والبلاغي.pdf
78cae9380481da83	التناص في المعارضات الشعرية: أنواعه، وآلياته (معارضة ابن عثيمين لبائية أبي تمام أنموذجاً)	أ. د. سمية بنت رومي الرومي	مجلة العلوم الشرعية واللغة العربية بجامعة الأمير سطام (السعودية)	references	شعر وأدب	مجلة العلوم الشرعية واللغة العربية بجامعة الأمير سطام (السعودية)/9/10 التناص في المعارضات الشعرية$ أنواعه، وآلياته ... ابن عثيمين لبائية أبي تمام أنموذجاً).pdf
7394e0b3dc45f0b4	الحوار في ديوان: (حصيد الزمن)، للشاعر/ عبد العزيز الرويس: عناصره، وأنواعه	د. هند بنت داود الشقير	مجلة العلوم الشرعية واللغة العربية بجامعة الأمير سطام (السعودية)	diwans	ديوان شعري | شعر وأدب	مجلة العلوم الشرعية واللغة العربية بجامعة الأمير سطام (السعودية)/21/7 الحوار في ديوان$ (حصيد الزمن)، للشاعر& عبد العزيز الرويس$ عناصره، وأنواعه.pdf
838e15f1d3f4881d	الروي في عمود إيقاع الشعر	د. عبد الرحمن بن إبراهيم المهوس	مجلة العلوم الشرعية واللغة العربية بجامعة الأمير سطام (السعودية)	references	شعر وأدب	مجلة العلوم الشرعية واللغة العربية بجامعة الأمير سطام (السعودية)/20/11 الروي في عمود إيقاع الشعر.pdf
1100b1847960d298	الضرورة الشعرية بين الخطأ اللغوي والوظيفة الجمالية	أ. د. ليلى بنت شعبان رضوان، د. نوال بنت عبد الرحمن الحسين	مجلة العلوم الشرعية واللغة العربية بجامعة الأمير سطام (السعودية)	references	شعر وأدب	مجلة العلوم الشرعية واللغة العربية بجامعة الأمير سطام (السعودية)/5/8 الضرورة الشعرية بين الخطأ اللغوي والوظيفة الجمالية.pdf
9b73f05737d9eeed	الظاهراتية في ضوء البلاغة الجديدة: دراسةٌ تطبيقيةٌ على نصٍ من كتاب: (البخلاء)، للجاحظ	د. هند بنت مصطفى قناص	مجلة العلوم الشرعية واللغة العربية بجامعة الأمير سطام (السعودية)	references	دراسات لغوية	مجلة العلوم الشرعية واللغة العربية بجامعة الأمير سطام (السعودية)/19/10 الظاهراتية في ضوء البلاغة الجديدة$ دراسةٌ ... على نصٍ من كتاب$ (البخلاء)، للجاحظ.pdf
60b67a5e24895379	الظواهر اللغوية والصرفية عند الإمام/ البخاري: دراسةٌ وصفيةٌ تحليليةٌ	د. عبد العزيز بن عبد الرحمن المحسن	مجلة العلوم الشرعية واللغة العربية بجامعة الأمير سطام (السعودية)	references	دراسات لغوية	مجلة العلوم الشرعية واللغة العربية بجامعة الأمير سطام (السعودية)/20/7 الظواهر اللغوية والصرفية عند الإمام& البخاري$ دراسةٌ وصفيةٌ تحليليةٌ.pdf
28f9d79ccd7d816f	الفعل ودلالته النحوية في قراءة الإمام نافعٍ: دراسةٌ تطبيقيةٌ	أ. د. مليحة بنت محمد القحطاني	مجلة العلوم الشرعية واللغة العربية بجامعة الأمير سطام (السعودية)	references	دراسات لغوية	مجلة العلوم الشرعية واللغة العربية بجامعة الأمير سطام (السعودية)/14/10 الفعل ودلالته النحوية في قراءة الإمام نافعٍ$ دراسةٌ تطبيقيةٌ.pdf
df0030a204a9ac20	الكلام على تفصيل إعراب قول/ سيبويه -رحمه الله- في أول الكتاب: (هذا باب علم ما الكلم في العربية)، لأبي جعفرٍ النحاس أحمد بن محمد بن إسماعيل المرادي المصري: دراس		مجلة العلوم الشرعية واللغة العربية بجامعة الأمير سطام (السعودية)	references	دراسات لغوية	مجلة العلوم الشرعية واللغة العربية بجامعة الأمير سطام (السعودية)/22/6 الكلام على تفصيل إعراب قول& سيبويه ... محمد بن إسماعيل المرادي المصري$ دراس.pdf
cef28f452eba761f	المعيارية بين الدراسات النحوية والتداولية	أ. د. عبد الله بن أحمد جاد الكريم	مجلة العلوم الشرعية واللغة العربية بجامعة الأمير سطام (السعودية)	references	دراسات لغوية	مجلة العلوم الشرعية واللغة العربية بجامعة الأمير سطام (السعودية)/10/7 المعيارية بين الدراسات النحوية والتداولية.pdf
73a2a5a2054bf2af	انفرادات السيوطي وتعليقاته البلاغية في تفسير: (قطف الأزهار في كشف الأسرار): عرضٌ ومناقشةٌ (سورة البقرة أنموذجاً)	د. عطا الله بن جضعان العنزي	مجلة العلوم الشرعية واللغة العربية بجامعة الأمير سطام (السعودية)	references	دراسات لغوية	مجلة العلوم الشرعية واللغة العربية بجامعة الأمير سطام (السعودية)/8/10 انفرادات السيوطي وتعليقاته البلاغية في تفسير$ ... الأسرار)$ عرضٌ ومناقشةٌ (سورة البقرة أنموذجاً).pdf
c87ad2026319223e	أولية الشعر العربي: ملاحظاتٌ حول التاريخ المبكر للشعر	د. علاء الدين رمضان مرسي	مجلة العلوم الشرعية واللغة العربية بجامعة الأمير سطام (السعودية)	references	شعر وأدب	مجلة العلوم الشرعية واللغة العربية بجامعة الأمير سطام (السعودية)/1/7 أولية الشعر العربي$ ملاحظاتٌ حول التاريخ المبكر للشعر.pdf
822a23122d021aa5	تحليل الخطاب الشعري في قصائد: (عاصفة الحزم)	د. سامية بنت مسفر الهاجري	مجلة العلوم الشرعية واللغة العربية بجامعة الأمير سطام (السعودية)	references	دراسات لغوية	مجلة العلوم الشرعية واللغة العربية بجامعة الأمير سطام (السعودية)/16/9 تحليل الخطاب الشعري في قصائد$ (عاصفة الحزم).pdf
e6691dfaac832ceb	تضمين أمثال التأبيد والاستحالة في الشعر الجاهلي: دراسةٌ بلاغيةٌ	د. عبد الرحيم بن محمود أحمد	مجلة العلوم الشرعية واللغة العربية بجامعة الأمير سطام (السعودية)	references	شعر وأدب	مجلة العلوم الشرعية واللغة العربية بجامعة الأمير سطام (السعودية)/21/11 تضمين أمثال التأبيد والاستحالة في الشعر الجاهلي$ دراسةٌ بلاغيةٌ.pdf
06ebc24b43bb18d4	تفاعل الأنساق اللغوية والبصرية في إنتاج الدلالة: دراسةٌ في مجموعة: (متاهات) الشعرية، لمحمد إبراهيم يعقوب	د. إبراهيم بن سعيد السيد	مجلة العلوم الشرعية واللغة العربية بجامعة الأمير سطام (السعودية)	references	شعر وأدب	مجلة العلوم الشرعية واللغة العربية بجامعة الأمير سطام (السعودية)/22/9 تفاعل الأنساق اللغوية والبصرية في إنتاج ... مجموعة$ (متاهات) الشعرية، لمحمد إبراهيم يعقوب.pdf
240b7d007db202fe	توالي الإضافات في العربية	أ. د. سمير شريف استيتية	مجلة العلوم الشرعية واللغة العربية بجامعة الأمير سطام (السعودية)	references	دراسات لغوية	مجلة العلوم الشرعية واللغة العربية بجامعة الأمير سطام (السعودية)/1/5 توالي الإضافات في العربية.pdf
1d7546d28d55c2e5	جماليات الثنائيات الضدية في قصيدة: (على شيرين)، للسياب	د. نجلاء بنت سعد الشهراني	مجلة العلوم الشرعية واللغة العربية بجامعة الأمير سطام (السعودية)	references	دراسات لغوية	مجلة العلوم الشرعية واللغة العربية بجامعة الأمير سطام (السعودية)/18/13 جماليات الثنائيات الضدية في قصيدة$ (على شيرين)، للسياب.pdf
df2f5b6ff0c3e669	جمالية اللغة وأثرها في تشكيل المعنى (ديوان: (الحبُ كُلُهُ) أنموذجاً)	د. فهد بن مرسي البقمي	مجلة العلوم الشرعية واللغة العربية بجامعة الأمير سطام (السعودية)	diwans	ديوان شعري | شعر وأدب	مجلة العلوم الشرعية واللغة العربية بجامعة الأمير سطام (السعودية)/7/10 جمالية اللغة وأثرها في تشكيل المعنى (ديوان$ (الحبُ كُلُهُ) أنموذجاً).pdf
2bba14f1dcc9decc	(رُبَ) وأحكامها في العربية	أ. د. عبد الله بن عمر الحاج	مجلة العلوم الشرعية واللغة العربية بجامعة الأمير سطام (السعودية)	references	دراسات لغوية	مجلة العلوم الشرعية واللغة العربية بجامعة الأمير سطام (السعودية)/5/6 (رُبَ) وأحكامها في العربية.pdf
42deb835dc7ac130	(قصيدة النثر) النسوية فيما بعد الألفيتَين (المرأة السعودية أنموذجاً)	د. عبد الله بن حسن القرني	مجلة العلوم الشرعية واللغة العربية بجامعة الأمير سطام (السعودية)	references	دراسات لغوية	مجلة العلوم الشرعية واللغة العربية بجامعة الأمير سطام (السعودية)/18/12 (قصيدة النثر) النسوية فيما بعد الألفيتَين (المرأة السعودية أنموذجاً).pdf
f8d8de817170bed7	قواعد النحو وتعلم العربية	أ. د. محمد حماسة عبد اللطيف	مجلة العلوم الشرعية واللغة العربية بجامعة الأمير سطام (السعودية)	references	نحو	مجلة العلوم الشرعية واللغة العربية بجامعة الأمير سطام (السعودية)/3/6 قواعد النحو وتعلم العربية.pdf
71ba026c5729ee36	محاكاة صوت الإنسان في المعاجم العربية: (مقاييس اللغة نموذجاً)	أ. د. عزيزة بنت عطية الله الشنبري	مجلة العلوم الشرعية واللغة العربية بجامعة الأمير سطام (السعودية)	dictionaries	معجم لغوي	مجلة العلوم الشرعية واللغة العربية بجامعة الأمير سطام (السعودية)/8/8 محاكاة صوت الإنسان في المعاجم العربية$ (مقاييس اللغة نموذجاً).pdf
d6bef33019ab5713	من الظواهر الصوتية في لهجة أزد تهامة: دراسةٌ تربط بعض الظواهر اللهجية في محافظة العرضيات بأصولها التراثية	أ. د. مكين بن حوفان القرني	مجلة العلوم الشرعية واللغة العربية بجامعة الأمير سطام (السعودية)	references	دراسات لغوية	مجلة العلوم الشرعية واللغة العربية بجامعة الأمير سطام (السعودية)/6/10 من الظواهر الصوتية في لهجة أزد ... اللهجية في محافظة العرضيات بأصولها التراثية.pdf
09ea5f20d2fa1c36	أثر جائحة كورونا في تحول الخطاب الشعري (المعارضة الشعرية بين عمرو بن كلثوم وخالد الصدقة أنموذجاً)	أ. د. ليلى بنت شعبان رضوان، د. مشاعل بنت علي العكلي	مجلة العلوم الشرعية واللغة العربية - جامعة الأميرة نورة (السعودية)	references	شعر وأدب	مجلة العلوم الشرعية واللغة العربية - جامعة الأميرة نورة (السعودية)/7/2/2/3 أثر جائحة كورونا في تحول الخطاب ... عمرو بن كلثوم وخالد الصدقة أنموذجاً).pdf
24a159fcf8712284	أثر قصيدة بيرسي شيلي (أغنية إلى الريح الغربية) في قصيدة عبد الرحمن شكري (إلى الريح): دراسةٌ مقارنةٌ	د. خالد بن عبد العزيز الدخيل	مجلة العلوم الشرعية واللغة العربية - جامعة الأميرة نورة (السعودية)	references	دراسات لغوية	مجلة العلوم الشرعية واللغة العربية - جامعة الأميرة نورة (السعودية)/5/2/6 أثر قصيدة بيرسي شيلي (أغنية إلى ... الرحمن شكري (إلى الريح)$ دراسةٌ مقارنةٌ.pdf
c1dff0510710e923	أدلة الاستحسان والتقبيح في البلاغة العربية: دراسةٌ تأصيليةٌ	د. إبراهيم بن سعيد السيد	مجلة العلوم الشرعية واللغة العربية - جامعة الأميرة نورة (السعودية)	references	دراسات لغوية	مجلة العلوم الشرعية واللغة العربية - جامعة الأميرة نورة (السعودية)/8/1/10 أدلة الاستحسان والتقبيح في البلاغة العربية$ دراسةٌ تأصيليةٌ.pdf
4764ae4c1779e35b	الأدوار الدلالية في الدرس اللساني العربي الحديث	د. سرور المختار اللحياني	مجلة العلوم الشرعية واللغة العربية - جامعة الأميرة نورة (السعودية)	references	دراسات لغوية	مجلة العلوم الشرعية واللغة العربية - جامعة الأميرة نورة (السعودية)/6/2/7 الأدوار الدلالية في الدرس اللساني العربي الحديث.pdf
1401d246213b96a7	الأساس الكمي في إيقاع الشعر العربي	تهاني جلول	مجلة العلوم الشرعية واللغة العربية - جامعة الأميرة نورة (السعودية)	references	شعر وأدب	مجلة العلوم الشرعية واللغة العربية - جامعة الأميرة نورة (السعودية)/2/2/7 الأساس الكمي في إيقاع الشعر العربي.pdf
cf024015712f2722	الاستشراف في الحديث النبوي الشريف: دراسةٌ في الصيغ الصرفية ودلالاتها	د. حمادة بن عبد الإله حامد	مجلة العلوم الشرعية واللغة العربية - جامعة الأميرة نورة (السعودية)	references	دراسات لغوية	مجلة العلوم الشرعية واللغة العربية - جامعة الأميرة نورة (السعودية)/9/4/7 الاستشراف في الحديث النبوي الشريف$ دراسةٌ في الصيغ الصرفية ودلالاتها.pdf
1ec3e135e18d4e93	الأفعال النحوية والكلامية والحجاجية في خطاب كورونا: مقاربةٌ نحويةٌ لسانيةٌ في رواية: (سيرة حُمَى)، للكاتب/ خالد اليوسف	د. فهد بن سالم المغلوث	مجلة العلوم الشرعية واللغة العربية - جامعة الأميرة نورة (السعودية)	references	دراسات لغوية	مجلة العلوم الشرعية واللغة العربية - جامعة الأميرة نورة (السعودية)/7/2/1/4 الأفعال النحوية والكلامية والحجاجية في خطاب ... رواية$ (سيرة حُمَى)، للكاتب& خالد اليوسف.pdf
fdb5f20c3065a09a	البِنَى الأسلوبية في غزلية يزيد بن معاوية نالت على يدها ما لم تنله يدي نقشاً على معصمٍ أوهت به جلدي	أ. د. وفاء بنت مياح العنزي	مجلة العلوم الشرعية واللغة العربية - جامعة الأميرة نورة (السعودية)	references	دراسات لغوية	مجلة العلوم الشرعية واللغة العربية - جامعة الأميرة نورة (السعودية)/7/1/7 البِنَى الأسلوبية في غزلية يزيد بن ... نقشاً على معصمٍ أوهت به جلدي.pdf
04b69715b5fdc907	البنية السردية ودلالاتها في القصة القصيرة ((الرجل الحائط)، لقماشة العليان أنموذجاً)	د. نورة بنت محمد البشري	مجلة العلوم الشرعية واللغة العربية - جامعة الأميرة نورة (السعودية)	references	دراسات لغوية	مجلة العلوم الشرعية واللغة العربية - جامعة الأميرة نورة (السعودية)/9/1/12 البنية السردية ودلالاتها في القصة القصيرة ((الرجل الحائط)، لقماشة العليان أنموذجاً).pdf
566c925c740c73f3	التشاكل والتباين في ديوان: (مقام نسيان)، لمحمد بن إبراهيم يعقوب	أ. د. سعاد بنت فريح الثقفي	مجلة العلوم الشرعية واللغة العربية - جامعة الأميرة نورة (السعودية)	diwans	ديوان شعري | شعر وأدب	مجلة العلوم الشرعية واللغة العربية - جامعة الأميرة نورة (السعودية)/9/2/2/11 التشاكل والتباين في ديوان$ (مقام نسيان)، لمحمد بن إبراهيم يعقوب.pdf
d11919dc31d9fa8c	التغير الصوتي في ألفاظ أسماء الإشارة: دراسةٌ في لهجة تهامةَ منطقة الباحة	أ. د. مكين بن حوفان القرني	مجلة العلوم الشرعية واللغة العربية - جامعة الأميرة نورة (السعودية)	references	دراسات لغوية	مجلة العلوم الشرعية واللغة العربية - جامعة الأميرة نورة (السعودية)/5/1/5 التغير الصوتي في ألفاظ أسماء الإشارة$ دراسةٌ في لهجة تهامةَ منطقة الباحة.pdf
1245bf4dd7b80954	التناص في قصيدة: (هون عليك) لسلطان السبهان	أ. د. أسماء بنت عبد العزيز الجنوبي	مجلة العلوم الشرعية واللغة العربية - جامعة الأميرة نورة (السعودية)	references	دراسات لغوية	مجلة العلوم الشرعية واللغة العربية - جامعة الأميرة نورة (السعودية)/4/1/9 التناص في قصيدة$ (هون عليك) لسلطان السبهان.pdf
b890cdc2bfc067d6	الصيغ الصرفية لمادة: (السؤال) في القرآن الكريم	أ. د. عصام بن عيد أبوغربية	مجلة العلوم الشرعية واللغة العربية - جامعة الأميرة نورة (السعودية)	references	دراسات لغوية	مجلة العلوم الشرعية واللغة العربية - جامعة الأميرة نورة (السعودية)/7/3/7 الصيغ الصرفية لمادة$ (السؤال) في القرآن الكريم.pdf
c0b31b731dc5f890	الظواهر الصوتية في لهجة (ينبع) وأصولها اللغوية	د. خالد بن محمد صابر، د. أحمد بن حمودة موسى	مجلة العلوم الشرعية واللغة العربية - جامعة الأميرة نورة (السعودية)	references	دراسات لغوية	مجلة العلوم الشرعية واللغة العربية - جامعة الأميرة نورة (السعودية)/1/2/4 الظواهر الصوتية في لهجة (ينبع) وأصولها اللغوية.pdf
6317021e1467a075	القصة اللغوية بين الموثوقية والمعيارية	أ. د. أحمد بن إبراهيم بني عطا، د. غازي بن محمد السهلي	مجلة العلوم الشرعية واللغة العربية - جامعة الأميرة نورة (السعودية)	references	دراسات لغوية	مجلة العلوم الشرعية واللغة العربية - جامعة الأميرة نورة (السعودية)/8/1/7 القصة اللغوية بين الموثوقية والمعيارية.pdf
88213b4a66c4cf0e	المتعاليات النصية في المعارضات الشعرية: دراسةٌ على المستوى الانزياحي في التوشيح النبوي الجزائري	د. جميلة بنت رمضان معتوق	مجلة العلوم الشرعية واللغة العربية - جامعة الأميرة نورة (السعودية)	references	شعر وأدب	مجلة العلوم الشرعية واللغة العربية - جامعة الأميرة نورة (السعودية)/6/1/5 المتعاليات النصية في المعارضات الشعرية$ دراسةٌ ... المستوى الانزياحي في التوشيح النبوي الجزائري.pdf
e4c77e261bb93c25	المشكلات الصوتية في نطق الفلبينيات اللغة العربية: دراسةٌ تطبيقيةٌ	د. منى بنت محمد بشر	مجلة العلوم الشرعية واللغة العربية - جامعة الأميرة نورة (السعودية)	references	دراسات لغوية	مجلة العلوم الشرعية واللغة العربية - جامعة الأميرة نورة (السعودية)/9/3/13 المشكلات الصوتية في نطق الفلبينيات اللغة العربية$ دراسةٌ تطبيقيةٌ.pdf
a228e3e6b3ee16c0	المضامين الشعرية في وباء الكورونا: دراسةٌ لسانيةٌ من الجملة إلى النص	أ. د. بكري بن محمد الحاج	مجلة العلوم الشرعية واللغة العربية - جامعة الأميرة نورة (السعودية)	references	شعر وأدب	مجلة العلوم الشرعية واللغة العربية - جامعة الأميرة نورة (السعودية)/7/2/1/1 المضامين الشعرية في وباء الكورونا$ دراسةٌ لسانيةٌ من الجملة إلى النص.pdf
c1dda553d18930a5	النص الغائب: تمثلات النقد الأدبي في الرواية السعودية: دراسةٌ في نماذج مختارةٍ	أ. د. أحمد بن ماطر اليتيمي	مجلة العلوم الشرعية واللغة العربية - جامعة الأميرة نورة (السعودية)	references	دراسات لغوية	مجلة العلوم الشرعية واللغة العربية - جامعة الأميرة نورة (السعودية)/10/1/8 النص الغائب$ تمثلات النقد الأدبي في الرواية السعودية$ دراسةٌ في نماذج مختارةٍ.pdf
958cd9f9ea264af7	الوظائف الدلالية لفنون البديع (بديعية ابن حجة أنموذجاً)	د. هدى بنت إبراهيم النبوي	مجلة العلوم الشرعية واللغة العربية - جامعة الأميرة نورة (السعودية)	references	بلاغة	مجلة العلوم الشرعية واللغة العربية - جامعة الأميرة نورة (السعودية)/5/2/7 الوظائف الدلالية لفنون البديع (بديعية ابن حجة أنموذجاً).pdf
b7803c44fe0b0bf0	بلاغة الخطاب الحجاجي في استرضائيات (عمر بن أبي ربيعة): دراسةٌ في ثلاث قصائد مختارةٍ	أ. د. محمود بن أحمد الحلحولي	مجلة العلوم الشرعية واللغة العربية - جامعة الأميرة نورة (السعودية)	references	دراسات لغوية	مجلة العلوم الشرعية واللغة العربية - جامعة الأميرة نورة (السعودية)/6/1/7 بلاغة الخطاب الحجاجي في استرضائيات (عمر ... ربيعة)$ دراسةٌ في ثلاث قصائد مختارةٍ.pdf
a9a698359f380497	تجليات الموت في ديوان: (حديقة الغروب) لغازي القصيبي	أ. د. محمد بن عبد الواحد المسعود	مجلة العلوم الشرعية واللغة العربية - جامعة الأميرة نورة (السعودية)	diwans	ديوان شعري | شعر وأدب	مجلة العلوم الشرعية واللغة العربية - جامعة الأميرة نورة (السعودية)/6/2/9 تجليات الموت في ديوان$ (حديقة الغروب) لغازي القصيبي.pdf
cf1b729cd9a02dfa	تداولية الفعل الكلامي في قصيدة كورونا، للشاعر/ عبد العزيز الهمامي	د. السيد مبارك أبو زيد	مجلة العلوم الشرعية واللغة العربية - جامعة الأميرة نورة (السعودية)	references	دراسات لغوية	مجلة العلوم الشرعية واللغة العربية - جامعة الأميرة نورة (السعودية)/7/2/2/5 تداولية الفعل الكلامي في قصيدة كورونا، للشاعر& عبد العزيز الهمامي.pdf
08dd9930e6cddb61	تشكيل الصورة الشعرية في شعر الشاعر/ محمد عبد المعطي الهمشري	د. وجيه عبد الفتاح أحمد	مجلة العلوم الشرعية واللغة العربية - جامعة الأميرة نورة (السعودية)	references	شعر وأدب	مجلة العلوم الشرعية واللغة العربية - جامعة الأميرة نورة (السعودية)/8/2/10 تشكيل الصورة الشعرية في شعر الشاعر& محمد عبد المعطي الهمشري.pdf
3352dabf399a541e	تعدد رأي ابن عصفورٍ في المسألة النحوية الواحدة	د. سعود بن أحمد المنيع	مجلة العلوم الشرعية واللغة العربية - جامعة الأميرة نورة (السعودية)	references	دراسات لغوية	مجلة العلوم الشرعية واللغة العربية - جامعة الأميرة نورة (السعودية)/9/1/8 تعدد رأي ابن عصفورٍ في المسألة النحوية الواحدة.pdf
ea41a0724f3110f7	ثنائية الحب والاغتراب في ديوان: (بسملة)، للشاعر/ معبر النهاري: دراسةٌ سيموثقافيةٌ	د. عبد الله بن محمد هتان	مجلة العلوم الشرعية واللغة العربية - جامعة الأميرة نورة (السعودية)	diwans	ديوان شعري | شعر وأدب	مجلة العلوم الشرعية واللغة العربية - جامعة الأميرة نورة (السعودية)/9/4/11 ثنائية الحب والاغتراب في ديوان$ (بسملة)، للشاعر& معبر النهاري$ دراسةٌ سيموثقافيةٌ.pdf
2edf0c6aa09dca7a	حذف الموصوف في شعر المعلقات: دراسةٌ استقرائيةٌ	د. تهاني بنت محمد الصفدي	مجلة العلوم الشرعية واللغة العربية - جامعة الأميرة نورة (السعودية)	references	شعر وأدب	مجلة العلوم الشرعية واللغة العربية - جامعة الأميرة نورة (السعودية)/2/2/5 حذف الموصوف في شعر المعلقات$ دراسةٌ استقرائيةٌ.pdf
6522eaddfe983978	صناعة الكارثة في الأدب العربي بين الأمس واليوم: دراسةٌ إنشائيةٌ اجتماعيةٌ	د. حمدي بن خليفة عبيد	مجلة العلوم الشرعية واللغة العربية - جامعة الأميرة نورة (السعودية)	references	دراسات لغوية	مجلة العلوم الشرعية واللغة العربية - جامعة الأميرة نورة (السعودية)/7/2/2/2 صناعة الكارثة في الأدب العربي بين الأمس واليوم$ دراسةٌ إنشائيةٌ اجتماعيةٌ.pdf
f38510e29484f6bf	صورة الطفل في الشعر السعودي المعاصر: مقاربةٌ أسلوبيةٌ	أ. د. محمد بن عبد الواحد المسعود	مجلة العلوم الشرعية واللغة العربية - جامعة الأميرة نورة (السعودية)	references	شعر وأدب	مجلة العلوم الشرعية واللغة العربية - جامعة الأميرة نورة (السعودية)/9/3/9 صورة الطفل في الشعر السعودي المعاصر$ مقاربةٌ أسلوبيةٌ.pdf
2888cad370f803f6	قلق الذات وهاجس الموت في مرحلة الشيخوخة (قصيدة: (سبعون)، لعبد العزيز الرفاعي نموذجاً)	د. طارق بن محمد المقيم	مجلة العلوم الشرعية واللغة العربية - جامعة الأميرة نورة (السعودية)	references	دراسات لغوية	مجلة العلوم الشرعية واللغة العربية - جامعة الأميرة نورة (السعودية)/8/2/12 قلق الذات وهاجس الموت في مرحلة ... (قصيدة$ (سبعون)، لعبد العزيز الرفاعي نموذجاً).pdf
b7e439dc347148b8	مبادئ التسمية في اللغة العربية	د. فرح بنت أحمد المالكي	مجلة العلوم الشرعية واللغة العربية - جامعة الأميرة نورة (السعودية)	references	دراسات لغوية	مجلة العلوم الشرعية واللغة العربية - جامعة الأميرة نورة (السعودية)/10/2/6 مبادئ التسمية في اللغة العربية.pdf
d176dc9b5ccd247e	نحو قائمةٍ للألفاظ الأكاديمية في العربية المعاصرة: دراسةٌ قائمةٌ على المدونات	د. صالح بن فهد العصيمي، د. عبد المحسن بن عبيد الثبيتي	مجلة العلوم الشرعية واللغة العربية - جامعة الأميرة نورة (السعودية)	references	دراسات لغوية	مجلة العلوم الشرعية واللغة العربية - جامعة الأميرة نورة (السعودية)/4/1/8 نحو قائمةٍ للألفاظ الأكاديمية في العربية المعاصرة$ دراسةٌ قائمةٌ على المدونات.pdf
bc2c425c7c6e8b99	ابن مالكٍ ظاهري النحو	أ. د. عبد العزيز بن عبد الرحمن الخثلان	مجلة العلوم العربية - جامعة الإمام (السعودية)	references	نحو	مجلة العلوم العربية - جامعة الإمام (السعودية)/50/3 ابن مالكٍ ظاهري النحو.pdf
128c461c0f0ca8fb	أبو الدقيش الأعرابي: حياته، ومروياته، وآراؤه اللغوية	د. أحمد بن حسن الحسن، د. رياض بن رزق الله أبو هولا	مجلة العلوم العربية - جامعة الإمام (السعودية)	references	دراسات لغوية	مجلة العلوم العربية - جامعة الإمام (السعودية)/42/3 أبو الدقيش الأعرابي$ حياته، ومروياته، وآراؤه اللغوية.pdf
1b5f3055efc8c23c	أبو القاسم زيد بن عليٍ الفارسي: حياته، وآثاره، وآراؤه النحوية والتصريفية	د. عبد الرحمن بن عبد العزيز المقبل	مجلة العلوم العربية - جامعة الإمام (السعودية)	references	دراسات لغوية	مجلة العلوم العربية - جامعة الإمام (السعودية)/18/3 أبو القاسم زيد بن عليٍ الفارسي$ حياته، وآثاره، وآراؤه النحوية والتصريفية.pdf
4d14ef72c3905446	أبو عبد الله بن أبي غالبٍ العبدري: حياته، وآراؤه النحوية	د. مهدي بن حسين مباركي	مجلة العلوم العربية - جامعة الإمام (السعودية)	references	دراسات لغوية	مجلة العلوم العربية - جامعة الإمام (السعودية)/66/3 أبو عبد الله بن أبي غالبٍ العبدري$ حياته، وآراؤه النحوية.pdf
2ccc164dda767e2e	اتجاهات القصة القصيرة في الأدب السعودي (قصة: (الحواجز)، لحسين علي حسين أنموذجاً)	د. عبير بنت عبد الصادق بدوي	مجلة العلوم العربية - جامعة الإمام (السعودية)	references	دراسات لغوية	مجلة العلوم العربية - جامعة الإمام (السعودية)/55/4 اتجاهات القصة القصيرة في الأدب السعودي (قصة$ (الحواجز)، لحسين علي حسين أنموذجاً).pdf
11d00c6e081e2c05	اتجاهات تيسير النحو العربي: دراسةٌ في التركيب	د. إبراهيم بن سالم الجهني	مجلة العلوم العربية - جامعة الإمام (السعودية)	references	نحو	مجلة العلوم العربية - جامعة الإمام (السعودية)/45/1 اتجاهات تيسير النحو العربي$ دراسةٌ في التركيب.pdf
c30fce15598435ee	أثر اختلاف الدلالة الصرفية للكلمة في الإعراب: دراسةٌ تطبيقيةٌ في القرآن الكريم	د. خالد بن سليمان المليفي	مجلة العلوم العربية - جامعة الإمام (السعودية)	references	دراسات لغوية	مجلة العلوم العربية - جامعة الإمام (السعودية)/43/1 أثر  اختلاف الدلالة الصرفية للكلمة ... الإعراب$ دراسةٌ تطبيقيةٌ في القرآن الكريم.pdf
b2199d7ec6235622	أثر القاعدة النحوية في تطويع الظاهرة اللغوية (إدخال نون التأكيد الخفيفة على المسند إلى الاثنين أو جماعة النسوة نموذجاً)	د. منير بن تيسير شطناوي	مجلة العلوم العربية - جامعة الإمام (السعودية)	references	دراسات لغوية	مجلة العلوم العربية - جامعة الإمام (السعودية)/11/1 أثر القاعدة النحوية في تطويع الظاهرة ... إلى الاثنين أو جماعة النسوة نموذجاً).pdf
5fdc2756ef3397af	أخلاقيات الخطاب في النقد العربي القديم (عبد القاهر الجرجاني أنموذجاً)	أ. د. محمد بن سعد الدكان	مجلة العلوم العربية - جامعة الإمام (السعودية)	references	دراسات لغوية	مجلة العلوم العربية - جامعة الإمام (السعودية)/53/4 أخلاقيات الخطاب في النقد العربي القديم (عبد القاهر الجرجاني أنموذجاً).pdf
0f5711865582c327	أدبية الخطاب البيئي (الإيكولوجي) في الرواية السعودية: دراسةٌ شعريةٌ لرواية/ دموع الرمل أنموذجاً	د. فهد بن إبراهيم البكر	مجلة العلوم العربية - جامعة الإمام (السعودية)	references	دراسات لغوية	مجلة العلوم العربية - جامعة الإمام (السعودية)/77/5 أدبية الخطاب البيئي (الإيكولوجي) في الرواية ... دراسةٌ شعريةٌ لرواية& دموع الرمل أنموذجاً.pdf
e8344d8569a7a5f8	آراء ابن عباسٍ وتوجيهاته النحوية في تفسير: (البحر المحيط): دراسةٌ وصفيةٌ تحليليةٌ	د. عاطف بن طالب الرفوع	مجلة العلوم العربية - جامعة الإمام (السعودية)	references	دراسات لغوية	مجلة العلوم العربية - جامعة الإمام (السعودية)/52/1 آراء ابن عباسٍ وتوجيهاته النحوية في تفسير$ (البحر المحيط)$ دراسةٌ وصفيةٌ تحليليةٌ.pdf
459efa93613d99b5	آراء أبي ذرٍ الخشني النحوية: جمعاً ودراسةً	د. علي بن محمد الشهري	مجلة العلوم العربية - جامعة الإمام (السعودية)	references	دراسات لغوية	مجلة العلوم العربية - جامعة الإمام (السعودية)/39/1 آراء أبي ذرٍ الخشني النحوية$ جمعاً ودراسةً.pdf
5ad0d5d07d542080	آراء الزمخشري النحوية في نظر ابن أبي الربيع القرشي من خلال كتابه: (البسيط)	د. رياض بن رزق الله أبو هولا	مجلة العلوم العربية - جامعة الإمام (السعودية)	references	دراسات لغوية	مجلة العلوم العربية - جامعة الإمام (السعودية)/35/1 آراء الزمخشري النحوية في نظر ابن ... الربيع القرشي من خلال كتابه$ (البسيط).pdf
8e1be83875a93cb2	استصحاب الحال: بين أصول الفقه وأصول النحو	د. إبراهيم بن حسين صنبع	مجلة العلوم العربية - جامعة الإمام (السعودية)	references	نحو	مجلة العلوم العربية - جامعة الإمام (السعودية)/13/3 استصحاب الحال$ بين أصول الفقه وأصول النحو.pdf
84eb6f4b2fba665f	أسماء الإشارة في العربية والإنجليزية: دراسةٌ تقابليةٌ	د. سليمان بن عمر السحيباني	مجلة العلوم العربية - جامعة الإمام (السعودية)	references	دراسات لغوية	مجلة العلوم العربية - جامعة الإمام (السعودية)/37/4 أسماء الإشارة في العربية والإنجليزية$ دراسةٌ تقابليةٌ.pdf
3b3bd04ca5cb4b57	أسئلة المرايا عن: أثر العرب على الفرس في البلاغة والنقد: مقاربةٌ تاريخيةٌ تحليليةٌ	أ. د. محمد بن سعد الدكان	مجلة العلوم العربية - جامعة الإمام (السعودية)	references	دراسات لغوية	مجلة العلوم العربية - جامعة الإمام (السعودية)/42/4 أسئلة المرايا عن$ أثر العرب على ... في البلاغة والنقد$ مقاربةٌ تاريخيةٌ تحليليةٌ.pdf
8c7a8a110900fff0	اشتقاق الأفعال من اسم الذات: دراسةٌ صرفيةٌ تطبيقيةٌ في المعجم العربي	د. آلاء بنت منصور اليوسف	مجلة العلوم العربية - جامعة الإمام (السعودية)	dictionaries	معجم لغوي	مجلة العلوم العربية - جامعة الإمام (السعودية)/72/1/3 اشتقاق الأفعال من اسم الذات$ دراسةٌ صرفيةٌ تطبيقيةٌ في المعجم العربي.pdf
d190c5a33dc3605c	أصل تسمية الحركات وألقاب الإعراب في اللغة العربية: تحليلٌ نحويٌ صوتيٌ	د. عبد الله بن محمد مهدي الأنصاري	مجلة العلوم العربية - جامعة الإمام (السعودية)	references	نحو	مجلة العلوم العربية - جامعة الإمام (السعودية)/22/1 أصل تسمية الحركات وألقاب الإعراب في اللغة العربية$ تحليلٌ نحويٌ صوتيٌ.pdf
a3bbcbb4a830015f	(الإبل) في أمثلة النحويين المصنوعة: دراسة المثال في الصنعة النحوية والأثر الاجتماعي	د. آلاء بنت منصور اليوسف	مجلة العلوم العربية - جامعة الإمام (السعودية)	references	دراسات لغوية	مجلة العلوم العربية - جامعة الإمام (السعودية)/77/1 (الإبل) في أمثلة النحويين المصنوعة$ دراسة المثال في الصنعة النحوية والأثر الاجتماعي.pdf
d8eb28b223a12cc6	الإحلال في: (الكتاب)، لسيبويه: دراسةٌ تأصيليةٌ في ضوء النحو التحويلي	د. عاطف بن طالب الرفوع	مجلة العلوم العربية - جامعة الإمام (السعودية)	references	نحو	مجلة العلوم العربية - جامعة الإمام (السعودية)/61/1 الإحلال في$ (الكتاب)، لسيبويه$ دراسةٌ تأصيليةٌ في ضوء النحو التحويلي.pdf
a128fc2fc1e5f7f3	الاستعارة التصورية في شعر/ إياد الحكمي (ديوان: (لا أعرف الغرباء أعرف حزنهم) أنموذجاً): مقاربةٌ عرفانيةٌ	د. فهد بن مرسي البقمي	مجلة العلوم العربية - جامعة الإمام (السعودية)	diwans	ديوان شعري | شعر وأدب	مجلة العلوم العربية - جامعة الإمام (السعودية)/74/3/4 الاستعارة التصورية في شعر& إياد الحكمي ... الغرباء أعرف حزنهم) أنموذجاً)$ مقاربةٌ عرفانيةٌ.pdf
54d328eb67a04e64	الافتراض المسبق في ديوان: (خائنة الشبه)، حسن الصلهي: دراسةٌ تداوليةٌ	د. عائشة بنت صالح الشمري	مجلة العلوم العربية - جامعة الإمام (السعودية)	diwans	ديوان شعري | شعر وأدب	مجلة العلوم العربية - جامعة الإمام (السعودية)/78/5 الافتراض المسبق في ديوان$ (خائنة الشبه)، حسن الصلهي$ دراسةٌ تداوليةٌ.pdf
7d413cf21d6c6f04	الأمنية في كيفية النسبة إلى أمية (رسالةٌ في الصرف)، ت: علي بن المفضل المقدسي: دراسةً وتحقيقاُ	د. نواف بن أحمد حكمي	مجلة العلوم العربية - جامعة الإمام (السعودية)	references	صرف	مجلة العلوم العربية - جامعة الإمام (السعودية)/65/2/1 الأمنية في كيفية النسبة إلى أمية ... علي بن المفضل المقدسي$ دراسةً وتحقيقاُ.pdf
c87d8605525796ed	البلاغة النبوية في ضوء تعدد الروايات الحديثية: دراسةٌ منهجيةٌ	أ. د. يوسف بن عبد الله العليوي	مجلة العلوم العربية - جامعة الإمام (السعودية)	references	دراسات لغوية	مجلة العلوم العربية - جامعة الإمام (السعودية)/24/2 البلاغة النبوية في ضوء تعدد الروايات الحديثية$ دراسةٌ منهجيةٌ.pdf
c3e9d77746502db5	البنية الموضوعاتية في قصيدة حاتمٍ الطائي (وإني لعف الفقر، مشترك الغنى) في ضوء إجراء: التشاكل والتباين السيميائي	أ. د. الجوهرة بنت بخيت آل جهجاه	مجلة العلوم العربية - جامعة الإمام (السعودية)	references	دراسات لغوية	مجلة العلوم العربية - جامعة الإمام (السعودية)/52/2 البنية الموضوعاتية في قصيدة حاتمٍ الطائي ... في ضوء إجراء$ التشاكل والتباين السيميائي.pdf
fd67aaaed99b5c67	البين في الشعر العربي حتى نهاية القرن 2هـ: دراسةٌ في شعرية الموضوع	د. هيفاء بنت محمد الفريح	مجلة العلوم العربية - جامعة الإمام (السعودية)	references	شعر وأدب	مجلة العلوم العربية - جامعة الإمام (السعودية)/55/3 البين في الشعر العربي حتى نهاية القرن 2هـ$ دراسةٌ في شعرية الموضوع.pdf
1c5c9b9ce8b799eb	التجليات المضمونية والفنية: قراءةٌ في ديوان: (المر والأمر)، لعبد العزيز المسلم	د. عبد الله بن صالح الوشمي	مجلة العلوم العربية - جامعة الإمام (السعودية)	diwans	ديوان شعري | شعر وأدب	مجلة العلوم العربية - جامعة الإمام (السعودية)/30/2 التجليات المضمونية والفنية$ قراءةٌ في ديوان$ (المر والأمر)، لعبد العزيز المسلم.pdf
83241dcd8c1dfda4	التخطي في النحو العربي: دراسةٌ تأصيليةٌ في المفهوم والمصطلح والنيابة عن مصطلح الزيادة	د. أحمد بن محمد هزازي	مجلة العلوم العربية - جامعة الإمام (السعودية)	references	نحو	مجلة العلوم العربية - جامعة الإمام (السعودية)/45/3 التخطي في النحو العربي$ دراسةٌ تأصيليةٌ ... المفهوم والمصطلح والنيابة عن مصطلح الزيادة.pdf
c72d9ce6735f9150	التشاكل والتباين في خواتيم قصائد الشاعر/ جرير بن عطية	د. رشا بنت عبد الرؤوف الحبيشي	مجلة العلوم العربية - جامعة الإمام (السعودية)	references	دراسات لغوية	مجلة العلوم العربية - جامعة الإمام (السعودية)/74/1/4 التشاكل والتباين في خواتيم قصائد الشاعر& جرير بن عطية.pdf
0a6cd541e2e88727	التعريف بالقصد في النحو العربي: دراسةٌ في المصطلح والمفهوم والأنواع	د. أحمد بن إبراهيم الطويان	مجلة العلوم العربية - جامعة الإمام (السعودية)	references	نحو	مجلة العلوم العربية - جامعة الإمام (السعودية)/60/5 التعريف بالقصد في النحو العربي$ دراسةٌ في المصطلح والمفهوم والأنواع.pdf
7c211f6e23377f33	التناص الأجناسي في: (فيض الخاطر)، لأحمد أمين: دراسةٌ لأبرز الظواهر والتأثيرات الجمالية	أ. د. عبد الكريم بن عبد الله العبد الكريم	مجلة العلوم العربية - جامعة الإمام (السعودية)	references	دراسات لغوية	مجلة العلوم العربية - جامعة الإمام (السعودية)/12/4 التناص الأجناسي في$ (فيض الخاطر)، لأحمد أمين$ دراسةٌ لأبرز الظواهر والتأثيرات الجمالية.pdf
bddc754aad06ad4c	التناص في شعر/ أماني بسيسو	د. عصام بن حسين أبو شندي	مجلة العلوم العربية - جامعة الإمام (السعودية)	references	دراسات لغوية	مجلة العلوم العربية - جامعة الإمام (السعودية)/61/4 التناص في شعر& أماني بسيسو.pdf
d44de7ce8ad06afc	التنبيهات الزينية على الغفلات العينية (فيما سهى عنه العيني من عروض بعض شواهد النحو)، ت: زين الدين بن أحمد الإشعافي: دراسةً وتحقيقاً	د. عمر خلوف	مجلة العلوم العربية - جامعة الإمام (السعودية)	references	نحو	مجلة العلوم العربية - جامعة الإمام (السعودية)/35/2 التنبيهات الزينية على الغفلات العينية (فيما ... الدين بن أحمد الإشعافي$ دراسةً وتحقيقاً.pdf
edf20d99fccbe542	الجملة الشرطية وأنماط تركيبها: دراسةٌ تطبيقيةٌ في ديوان/ قيس لبنى	د. ناهد بنت عمر العتيق	مجلة العلوم العربية - جامعة الإمام (السعودية)	diwans	ديوان شعري | شعر وأدب	مجلة العلوم العربية - جامعة الإمام (السعودية)/47/2 الجملة الشرطية وأنماط تركيبها$ دراسةٌ تطبيقيةٌ في ديوان& قيس لبنى.pdf
0ad9cd65a72de457	الجهود البلاغية في تفسير ابن ابي الربيع السبتي	أ. د. عمر بن عبد العزيز المحمود	مجلة العلوم العربية - جامعة الإمام (السعودية)	references	دراسات لغوية	مجلة العلوم العربية - جامعة الإمام (السعودية)/44/2 الجهود البلاغية في تفسير ابن ابي الربيع السبتي.pdf
b665856fd65bfd7f	الحجاج في قصيدة أبي فراسٍ الحمداني: (يا حسرةً ما أكاد أحملها): دراسةٌ بلاغيةٌ	د. ضحى بنت عادل بلال	مجلة العلوم العربية - جامعة الإمام (السعودية)	references	دراسات لغوية	مجلة العلوم العربية - جامعة الإمام (السعودية)/65/2/5 الحجاج في قصيدة أبي فراسٍ الحمداني$ ... حسرةً ما أكاد أحملها)$ دراسةٌ بلاغيةٌ.pdf
34efbd958073055d	الحس الدرامي عند/ صلاح عبد الصبور في قصيدة: (شنق زهران)	د. هياء بنت علي الشمري	مجلة العلوم العربية - جامعة الإمام (السعودية)	references	دراسات لغوية	مجلة العلوم العربية - جامعة الإمام (السعودية)/73/2/5 الحس الدرامي عند& صلاح عبد الصبور في قصيدة$ (شنق زهران).pdf
07c3cc1b430cbcd6	الخواص اللغوية لأمهات الأبواب النحوية	أ. د. صالح بن إبراهيم الفراج	مجلة العلوم العربية - جامعة الإمام (السعودية)	references	دراسات لغوية	مجلة العلوم العربية - جامعة الإمام (السعودية)/23/1 الخواص اللغوية لأمهات الأبواب النحوية.pdf
b17e9abcb473d718	الدراسة البلاغية للنظم القرآني في ضوء ربانيته وخصوصيته	أ. د. يوسف بن عبد الله العليوي	مجلة العلوم العربية - جامعة الإمام (السعودية)	references	دراسات لغوية	مجلة العلوم العربية - جامعة الإمام (السعودية)/37/1 الدراسة البلاغية للنظم القرآني في ضوء ربانيته وخصوصيته.pdf
ccac1298353ef498	الدلالات البلاغية للأمر بالتمتع والتمتيع في القرآن الكريم	د. حمد بن عبد الله العوفي	مجلة العلوم العربية - جامعة الإمام (السعودية)	references	دراسات لغوية	مجلة العلوم العربية - جامعة الإمام (السعودية)/67/2/6 الدلالات البلاغية للأمر بالتمتع والتمتيع في القرآن الكريم.pdf
394d6d9e1ec86c36	الروابط اللغوية في الخطاب الهجائي من رسائل/ الجاحظ: دراسةٌ نصيةٌ	د. محمد بن عبد الله المزاح	مجلة العلوم العربية - جامعة الإمام (السعودية)	references	دراسات لغوية	مجلة العلوم العربية - جامعة الإمام (السعودية)/80/5 الروابط اللغوية في الخطاب الهجائي من رسائل& الجاحظ$ دراسةٌ نصيةٌ.pdf
ecbd3398440fafd6	السرد في: (مذكرات شاهد للقرن)، لمالك بن نبيٍ: مقاربةٌ حجاجيةٌ تداوليةٌ	د. ذيب بن مقعد العصيمي	مجلة العلوم العربية - جامعة الإمام (السعودية)	references	دراسات لغوية	مجلة العلوم العربية - جامعة الإمام (السعودية)/71/2/4 السرد في$ (مذكرات شاهد للقرن)، لمالك بن نبيٍ$ مقاربةٌ حجاجيةٌ تداوليةٌ.pdf
5f54892b58f9473f	السرد والوصف في الخطاب الرحلي المترجم (رحلات الغربيين إلى شمال الجزيرة العربية أنموذجاً)	أ. د. محمد بن راضي الشريف	مجلة العلوم العربية - جامعة الإمام (السعودية)	references	دراسات لغوية	مجلة العلوم العربية - جامعة الإمام (السعودية)/49/4 السرد والوصف في الخطاب الرحلي المترجم ... الغربيين إلى شمال الجزيرة العربية أنموذجاً).pdf
8dc4d2387fd34e6e	السردي في شعر الفيتوري (قصيدة: (مقتل السلطان تاج الدين) نموذجاً)	د. عبد الرحمن بن أحمد كرم الدين	مجلة العلوم العربية - جامعة الإمام (السعودية)	references	دراسات لغوية	مجلة العلوم العربية - جامعة الإمام (السعودية)/25/4 السردي في شعر الفيتوري (قصيدة$ (مقتل السلطان تاج الدين) نموذجاً).pdf
80b0ad3f8c1da29e	السفور في الأدب العربي الحديث: دراسة أثر الأدب في توجيه المجتمع والتأثير في قضاياه	أ. د. عبد الكريم بن عبد الله العبد الكريم	مجلة العلوم العربية - جامعة الإمام (السعودية)	references	دراسات لغوية	مجلة العلوم العربية - جامعة الإمام (السعودية)/35/4 السفور في الأدب العربي الحديث$ دراسة ... في توجيه المجتمع والتأثير في قضاياه.pdf
ff5312d0c35518a1	الشيخ/ خالد بن عبد الله الأزهري النحوي، ومكانة مقدمته الأزهرية بين متون النحو: بحثٌ في تاريخ النحو	د. محمد بن عبد الرحمن السبيهين	مجلة العلوم العربية - جامعة الإمام (السعودية)	references	نحو	مجلة العلوم العربية - جامعة الإمام (السعودية)/9/3 الشيخ& خالد بن عبد الله الأزهري ... متون النحو$ بحثٌ في تاريخ النحو.pdf
52ae63ad0ee18cdf	الضرائر الشعرية الموافقة للقراءات القرآنية: دراسةٌ تحليليةٌ	د. هيفاء بنت عبد الرحمن الحواس	مجلة العلوم العربية - جامعة الإمام (السعودية)	references	شعر وأدب	مجلة العلوم العربية - جامعة الإمام (السعودية)/70/2/4 الضرائر الشعرية الموافقة للقراءات القرآنية$ دراسةٌ تحليليةٌ.pdf
e61d43e5e37f50fc	الضوابط اللغوية للصياغة القانونية	أ. د. سليمان بن عبد العزيز العيوني	مجلة العلوم العربية - جامعة الإمام (السعودية)	references	دراسات لغوية	مجلة العلوم العربية - جامعة الإمام (السعودية)/29/4 الضوابط اللغوية للصياغة القانونية.pdf
affef3b93cbb402d	الغريب في النحو: دراسةٌ وصفيةٌ في البنية والقواعد والأقوال	أ. د. محمد بن ناصر الشهري	مجلة العلوم العربية - جامعة الإمام (السعودية)	references	نحو	مجلة العلوم العربية - جامعة الإمام (السعودية)/14/2 الغريب في النحو$ دراسةٌ وصفيةٌ في البنية والقواعد والأقوال.pdf
55cedaf18eaeee9b	الفائدة في الجملة النحوية: دراسةٌ تحليليةٌ نقديةٌ	أ. د. محمد بن ناصر الشهري	مجلة العلوم العربية - جامعة الإمام (السعودية)	references	دراسات لغوية	مجلة العلوم العربية - جامعة الإمام (السعودية)/74/3/1 الفائدة في الجملة النحوية$ دراسةٌ تحليليةٌ نقديةٌ.pdf
7f55f9a3d16c5685	الفواتح الفعلية في السور القرآنية: دراسةٌ دلاليةٌ في البنية الصرفية والتركيب	د. أحمد بن محمد أحمد	مجلة العلوم العربية - جامعة الإمام (السعودية)	references	دراسات لغوية	مجلة العلوم العربية - جامعة الإمام (السعودية)/50/1 الفواتح الفعلية في السور القرآنية$ دراسةٌ دلاليةٌ في البنية الصرفية والتركيب.pdf
feb383b9996dc0b0	القافية في ديوان: (وردٌ أسمر يملأ رئتي)، للشاعر/ دخيل الخليفة: دراسةٌ إيقاعيةٌ	د. وليد بن خالد الحازمي	مجلة العلوم العربية - جامعة الإمام (السعودية)	diwans	ديوان شعري | شعر وأدب	مجلة العلوم العربية - جامعة الإمام (السعودية)/74/2/5 القافية في ديوان$ (وردٌ أسمر يملأ رئتي)، للشاعر& دخيل الخليفة$ دراسةٌ إيقاعيةٌ.pdf
a73388dfa6d9a962	القراءات القرآنية في قوله تعالى: {وَعَبَدَ الطَاغُوتَ}: توجيهٌ نحويٌ صرفيٌ دلاليٌ	أ. د. غازي بن خلف العتيبي	مجلة العلوم العربية - جامعة الإمام (السعودية)	references	نحو | صرف	مجلة العلوم العربية - جامعة الإمام (السعودية)/58/1 القراءات القرآنية في قوله تعالى$ {وَعَبَدَ الطَاغُوتَ}$ توجيهٌ نحويٌ صرفيٌ دلاليٌ.pdf
511aab52b15ccb42	القصة القصيرة السعودية: قراءةٌ في مكامن الحيرة والإدهاش	د. الأمين حسين بن المبروك	مجلة العلوم العربية - جامعة الإمام (السعودية)	references	دراسات لغوية	مجلة العلوم العربية - جامعة الإمام (السعودية)/74/1/5 القصة القصيرة السعودية$ قراءةٌ في مكامن الحيرة والإدهاش.pdf
7a8e5cb3bc105765	القضايا البلاغية لدى ابن خلدون	أ. د. يوسف بن عبد الله العليوي	مجلة العلوم العربية - جامعة الإمام (السعودية)	references	دراسات لغوية	مجلة العلوم العربية - جامعة الإمام (السعودية)/23/3 القضايا البلاغية لدى ابن خلدون.pdf
d143a78300f1b2ac	اللسان والعمران أثر اللغة العربية في انتشار الإسلام	أ. د. هيثم بن محمد سرحان	مجلة العلوم العربية - جامعة الإمام (السعودية)	references	دراسات لغوية	مجلة العلوم العربية - جامعة الإمام (السعودية)/63/2/4 اللسان والعمران أثر اللغة العربية في انتشار الإسلام.pdf
302645313b20b86b	المتحدث الأصلي (native speaker) في الدراسات اللغوية الحديثة، والمتحدث الأصلي في اللغة العربية	د. صالح بن فهد العصيمي	مجلة العلوم العربية - جامعة الإمام (السعودية)	references	دراسات لغوية	مجلة العلوم العربية - جامعة الإمام (السعودية)/51/5 المتحدث الأصلي (native speaker) في الدراسات ... الحديثة، والمتحدث الأصلي في اللغة العربية.pdf
69d6a53427b8759d	المخترعات الحديثة في الشعر السعودي	د. عبد الله بن عبد الرحمن الحيدري	مجلة العلوم العربية - جامعة الإمام (السعودية)	references	شعر وأدب	مجلة العلوم العربية - جامعة الإمام (السعودية)/56/4 المخترعات الحديثة في الشعر السعودي.pdf
eb964a0dfde5c40c	المسائل الصرفية المحكوم عليها بالشذوذ في ألفية ابن معطي	أ. د. حمود بن حماد الربعي	مجلة العلوم العربية - جامعة الإمام (السعودية)	references	دراسات لغوية	مجلة العلوم العربية - جامعة الإمام (السعودية)/58/2 المسائل الصرفية المحكوم عليها بالشذوذ في ألفية ابن معطي.pdf
36eb238dc65152c6	المشاكلة البديعية (رسالةٌ في البلاغة)، ت: محمد بن إبراهيم الدروري (سري الدين أفندي): دراسةً وتحقيقاً	د. جميلة بنت سعيد القحطاني	مجلة العلوم العربية - جامعة الإمام (السعودية)	references	دراسات لغوية	مجلة العلوم العربية - جامعة الإمام (السعودية)/72/1/5 المشاكلة البديعية (رسالةٌ في البلاغة)، ت$ ... الدروري (سري الدين أفندي)$ دراسةً وتحقيقاً.pdf
1c9d27973e549187	المعجم اللغوي المتداول خلال أزمة كورونا: دراسةٌ دلاليةٌ معجميةٌ في ضوء خطابات وزارة الصحة السعودية	أ. د. لمياء بنت حمد العقيل	مجلة العلوم العربية - جامعة الإمام (السعودية)	dictionaries	معجم لغوي	مجلة العلوم العربية - جامعة الإمام (السعودية)/70/1/2 المعجم اللغوي المتداول خلال أزمة كورونا$ ... في ضوء خطابات وزارة الصحة السعودية.pdf
682430dc3a6f7a43	المناهج اللغوية: بين تقويم المحدثين ومعايير علم اللغة	أ. د. سعود بن عبد الله آل حسين	مجلة العلوم العربية - جامعة الإمام (السعودية)	references	دراسات لغوية	مجلة العلوم العربية - جامعة الإمام (السعودية)/76/1/3 المناهج اللغوية$ بين تقويم المحدثين ومعايير علم اللغة.pdf
cf16fe8e9b882589	المنهج الأسلوبي في الدراسة الأدبية الحديثة مطبقاً على همزية فخر الدين بن مكانس	د. محمد بن إبراهيم الدوخي	مجلة العلوم العربية - جامعة الإمام (السعودية)	references	دراسات لغوية	مجلة العلوم العربية - جامعة الإمام (السعودية)/20/4 المنهج الأسلوبي في الدراسة الأدبية الحديثة ... على همزية فخر الدين بن مكانس.pdf
a1942eb22be3780a	الوقف بالتثقيل في العربية: دراسةٌ صوتيةٌ استقصائيةٌ عند القدماء والمحدثين	د. مهدي بن حسين مباركي	مجلة العلوم العربية - جامعة الإمام (السعودية)	references	دراسات لغوية	مجلة العلوم العربية - جامعة الإمام (السعودية)/80/4 الوقف بالتثقيل في العربية$ دراسةٌ صوتيةٌ استقصائيةٌ عند القدماء والمحدثين.pdf
558088e94fb79cfd	تبديدٌ في العربية لا تجديدٌ: دعاوى في الضبط والكتابة والإملاء ونشر لغاتٍ غير شهيرةٍ: عرضٌ ومناقشةٌ وتعليقٌ	د. فهيد بن رباح الرباح	مجلة العلوم العربية - جامعة الإمام (السعودية)	references	دراسات لغوية	مجلة العلوم العربية - جامعة الإمام (السعودية)/73/3/2 تبديدٌ في العربية لا تجديدٌ$ دعاوى ... لغاتٍ غير شهيرةٍ$ عرضٌ ومناقشةٌ وتعليقٌ.pdf
3dd1747ee9820b79	تجليات التشظي وجمالياته في ديوان: (مفردات أوشكت)، لعبد الله الوشمي	د. طلال بن أحمد الثقفي	مجلة العلوم العربية - جامعة الإمام (السعودية)	diwans	ديوان شعري | شعر وأدب	مجلة العلوم العربية - جامعة الإمام (السعودية)/73/3/4 تجليات التشظي وجمالياته في ديوان$ (مفردات أوشكت)، لعبد الله الوشمي.pdf
8d10a47078bd2d25	تجليات التناص في رسائل أبي بكرٍ الخوارزمي: الأشكال، والآليات	د. عبد الخالق بن عبد الرحمن القرني	مجلة العلوم العربية - جامعة الإمام (السعودية)	references	دراسات لغوية	مجلة العلوم العربية - جامعة الإمام (السعودية)/63/1/5 تجليات التناص في رسائل أبي بكرٍ الخوارزمي$ الأشكال، والآليات.pdf
b3e7c7ac9cc1e17a	تحولات مخاطبة الاثنين في الشعر العباسي: بين الاتباع والابتداع	د. إبراهيم بن مصطفى الدهون	مجلة العلوم العربية - جامعة الإمام (السعودية)	references	شعر وأدب	مجلة العلوم العربية - جامعة الإمام (السعودية)/74/3/5 تحولات مخاطبة الاثنين في الشعر العباسي$ بين الاتباع والابتداع.pdf
d74c5d42c062ca85	ترجيحات شراح الجزولية للعبارات النحوية في نُسَخ: (المقدمة الجزولية): دراسةٌ تحليليةٌ نقديةٌ	د. عبد العزيز بن سليمان الملحم	مجلة العلوم العربية - جامعة الإمام (السعودية)	references	دراسات لغوية	مجلة العلوم العربية - جامعة الإمام (السعودية)/78/2 ترجيحات شراح الجزولية للعبارات النحوية في نُسَخ$ (المقدمة الجزولية)$ دراسةٌ تحليليةٌ نقديةٌ.pdf
23f5316084d832de	تشكل المصطلحات الإيقاعية والعروضية بعد ظهور حركة الشعر الحر: دراسةٌ نقديةٌ	د. راشد بن فهد القثامي	مجلة العلوم العربية - جامعة الإمام (السعودية)	references	شعر وأدب	مجلة العلوم العربية - جامعة الإمام (السعودية)/79/4 تشكل المصطلحات الإيقاعية والعروضية بعد ظهور حركة الشعر الحر$ دراسةٌ نقديةٌ.pdf
4f79624557d3d590	تقعيد اللغات في النحو العربي	د. إبراهيم بن سليمان المطرودي	مجلة العلوم العربية - جامعة الإمام (السعودية)	references	نحو	مجلة العلوم العربية - جامعة الإمام (السعودية)/36/2 تقعيد اللغات في النحو العربي.pdf
3dc1bc0ebbc34d2a	تقنياتٌ حاسوبيةٌ لبناء المعاجم اللغوية لمتعلمي اللغة من غير الناطقين بها	د. عبد الله بن يحيى الفيفي	مجلة العلوم العربية - جامعة الإمام (السعودية)	dictionaries	معجم لغوي	مجلة العلوم العربية - جامعة الإمام (السعودية)/55/5 تقنياتٌ حاسوبيةٌ لبناء المعاجم اللغوية لمتعلمي اللغة من غير الناطقين بها.pdf
5d1404a33138446b	تكثيف الشاهد الشعري في المدونة البلاغية (مبحث التخييل في: (المنزع البديع)، للسجلماسي أنموذجاً)	د. محمد بن سعد القحطاني	مجلة العلوم العربية - جامعة الإمام (السعودية)	references	بلاغة	مجلة العلوم العربية - جامعة الإمام (السعودية)/65/2/7 تكثيف الشاهد الشعري في المدونة البلاغية ... التخييل في$ (المنزع البديع)، للسجلماسي أنموذجاً).pdf
022dbda2c6016a86	تناوب حروف الجر في ديوان الأخطل: دراسةٌ نحويةٌ دلاليةٌ	د. عماد بن حسن أبو دية	مجلة العلوم العربية - جامعة الإمام (السعودية)	diwans	ديوان شعري | شعر وأدب	مجلة العلوم العربية - جامعة الإمام (السعودية)/62/2 تناوب حروف الجر في ديوان الأخطل$ دراسةٌ نحويةٌ دلاليةٌ.pdf
944391b1e4c3baef	توظيف أمثال الاستبعاد في الشعر الجاهلي: دراسةٌ في صور المعاني	د. عبد الرحيم بن محمود أحمد	مجلة العلوم العربية - جامعة الإمام (السعودية)	references	شعر وأدب	مجلة العلوم العربية - جامعة الإمام (السعودية)/76/1/5 توظيف أمثال الاستبعاد في الشعر الجاهلي$ دراسةٌ في صور المعاني.pdf
9fed2ba31bf4a97d	ثلاث رسائل في النحو واللغة والبيان، ت: أحمد بن قاسم العبادي: دراسةً وتحقيقاً	أ. د. عمار بن أمين الددو	مجلة العلوم العربية - جامعة الإمام (السعودية)	references	نحو	مجلة العلوم العربية - جامعة الإمام (السعودية)/75/2/1 ثلاث رسائل في النحو واللغة والبيان، ... أحمد بن قاسم العبادي$ دراسةً وتحقيقاً.pdf
0ff45ffcde5c1434	جائحة كورونا وأثرها في الشعر السعودي: الرؤية، والتشكيل (شعراء جازان أنموذجاً)	د. سعيد بن عبد الله القرني	مجلة العلوم العربية - جامعة الإمام (السعودية)	references	شعر وأدب	مجلة العلوم العربية - جامعة الإمام (السعودية)/63/1/4 جائحة كورونا وأثرها في الشعر السعودي$ الرؤية، والتشكيل (شعراء جازان أنموذجاً).pdf
a8d893afda35d785	جمال الأداء لآي الذكر الحكيم في ضوء علم الصوتيات	أ. د. ممدوح بن إبراهيم محمود	مجلة العلوم العربية - جامعة الإمام (السعودية)	references	دراسات لغوية	مجلة العلوم العربية - جامعة الإمام (السعودية)/40/2 جمال الأداء لآي الذكر الحكيم في ضوء علم الصوتيات.pdf
27eaad1416b86ab1	(حب الكتاب) في الشعر العربي إلى نهاية القرن 7هـ: دراسةٌ موضوعاتيةٌ	أ. د. إبراهيم بن محمد أبانمي	مجلة العلوم العربية - جامعة الإمام (السعودية)	references	شعر وأدب	مجلة العلوم العربية - جامعة الإمام (السعودية)/24/3 (حب الكتاب) في الشعر العربي إلى نهاية القرن 7هـ$ دراسةٌ موضوعاتيةٌ.pdf
0a3f9461f448d611	حدود الأدبية في نصوص الرحالين العرب: مقاربةٌ نظريةٌ	أ. د. إبراهيم بن علي الدغيري	مجلة العلوم العربية - جامعة الإمام (السعودية)	references	دراسات لغوية	مجلة العلوم العربية - جامعة الإمام (السعودية)/59/4 حدود الأدبية في نصوص الرحالين العرب$ مقاربةٌ نظريةٌ.pdf
f63fabe1bd02d170	حقيقة العَلَم المختوم بـ(ويه) وأحكامه النحوية: تحليلٌ صوتيٌ دلاليٌ نحويٌ	د. عبد الله بن محمد مهدي الأنصاري	مجلة العلوم العربية - جامعة الإمام (السعودية)	references	نحو	مجلة العلوم العربية - جامعة الإمام (السعودية)/34/2 حقيقة العَلَم المختوم بـ(ويه) وأحكامه النحوية$ تحليلٌ صوتيٌ دلاليٌ نحويٌ.pdf
167c5599d4d7264b	حمل القرآن على ضرورة الشعر: دراسةٌ نحويةٌ	د. خالد بن سليمان المليفي	مجلة العلوم العربية - جامعة الإمام (السعودية)	references	شعر وأدب	مجلة العلوم العربية - جامعة الإمام (السعودية)/38/2 حمل القرآن على ضرورة الشعر$ دراسةٌ نحويةٌ.pdf
6241ac134f7b433f	خصائص الشعرية في شعر سعيد يعقوب	أ. د. ناصر بن يوسف شبانة	مجلة العلوم العربية - جامعة الإمام (السعودية)	references	شعر وأدب	مجلة العلوم العربية - جامعة الإمام (السعودية)/39/5 خصائص الشعرية في شعر سعيد يعقوب.pdf
e075307f261620a9	خطاب الرسالة الشعرية عند شعراء منطقة عسيرٍ: من 1215هـ/1800م إلى 1288هـ/1871م (رسائل آل الحفظي الشعرية أنموذجاً)	د. محمد بن ظافر القحطاني	مجلة العلوم العربية - جامعة الإمام (السعودية)	references	شعر وأدب	مجلة العلوم العربية - جامعة الإمام (السعودية)/75/2/5 خطاب الرسالة الشعرية عند شعراء منطقة ... 1288هـ&1871م (رسائل آل الحفظي الشعرية أنموذجاً).pdf
07f708ee8154af84	خطاب الهوية القومية في مقررات تعليم اللغة العربية لغةً ثانيةً	د. عيسى بن عودة برهومة، شيرين حربي جاد	مجلة العلوم العربية - جامعة الإمام (السعودية)	references	دراسات لغوية	مجلة العلوم العربية - جامعة الإمام (السعودية)/32/2 خطاب الهوية القومية في مقررات تعليم اللغة العربية لغةً ثانيةً.pdf
3bf494377dfb2e20	دراسات: (الصورة) في النقد العربي الحديث	د. صالح بن غرم الله بن زياد	مجلة العلوم العربية - جامعة الإمام (السعودية)	references	دراسات لغوية	مجلة العلوم العربية - جامعة الإمام (السعودية)/11/5 دراسات$ (الصورة) في النقد العربي الحديث.pdf
6c43ef6d17cc9b05	دراسة الشواهد البلاغية: مناهجها، واتجاهاتها	د. حمد بن عبد الله العوفي	مجلة العلوم العربية - جامعة الإمام (السعودية)	references	دراسات لغوية	مجلة العلوم العربية - جامعة الإمام (السعودية)/75/1/3 دراسة الشواهد البلاغية$ مناهجها، واتجاهاتها.pdf
f80294c22eb1a240	سرد سيرة الذات في الترجمة الأدبية (قلائد العقيان، للفتح بن خاقان أنموذجاً)	د. ياسر بن غازي الطيب	مجلة العلوم العربية - جامعة الإمام (السعودية)	references	دراسات لغوية	مجلة العلوم العربية - جامعة الإمام (السعودية)/75/1/4 سرد سيرة الذات في الترجمة الأدبية (قلائد العقيان، للفتح بن خاقان أنموذجاً).pdf
9ed9946356fbff7b	سؤالات أبي عليٍ الفارسي النحوية لشيخه أبي بكر بن السراج: جمعاً ودراسةً	أ. د. عبد الله بن محمد النغيمشي	مجلة العلوم العربية - جامعة الإمام (السعودية)	references	دراسات لغوية	مجلة العلوم العربية - جامعة الإمام (السعودية)/32/3 سؤالات أبي عليٍ الفارسي النحوية لشيخه أبي بكر بن السراج$ جمعاً ودراسةً.pdf
dd2b7c0a233827e7	شرح الدرة البهية في نظم العوامل النحوية، ت: عبد الرحمن الأريحاوي الحلي (العاري): دراسةً وتحقيقاً	أ. د. أحمد بن محمد الجندي	مجلة العلوم العربية - جامعة الإمام (السعودية)	references	دراسات لغوية	مجلة العلوم العربية - جامعة الإمام (السعودية)/49/1 شرح الدرة البهية في نظم العوامل ... الرحمن الأريحاوي الحلي (العاري)$ دراسةً وتحقيقاً.pdf
555d917e7ae2d94b	شرح اللُمَع في النحو (من أول الكتاب، إلى نهاية الأفعال)، ت: أحمد بن عبد الله المهاباذي: دراسةً وتحقيقاً	أ. د. فريد بن عبد العزيز السليم	مجلة العلوم العربية - جامعة الإمام (السعودية)	references	نحو	مجلة العلوم العربية - جامعة الإمام (السعودية)/72/2/2 شرح اللُمَع في النحو (من أول ... بن عبد الله المهاباذي$ دراسةً وتحقيقاً.pdf
64813a60285da75a	شعرية الانزياح التركيبي في قصيدة العباس بن الأحنف: (أزين نساء العالمين)	د. هبة بنت مصطفى جابر	مجلة العلوم العربية - جامعة الإمام (السعودية)	references	دراسات لغوية	مجلة العلوم العربية - جامعة الإمام (السعودية)/66/6 شعرية الانزياح التركيبي في قصيدة العباس بن الأحنف$ (أزين نساء العالمين).pdf
12271f59e63a4f61	شعرية السرد في القصة التراثية (قصة: (معاوية مع البطريق) أنموذجاً)	أ. د. عبد الله بن خليفة السويكت	مجلة العلوم العربية - جامعة الإمام (السعودية)	references	دراسات لغوية	مجلة العلوم العربية - جامعة الإمام (السعودية)/47/4 شعرية السرد في القصة التراثية (قصة$ (معاوية مع البطريق) أنموذجاً).pdf
7758063727d6ca8a	شعرية صور: (المعنى) عند عبد القاهر الجرجاني في: (أسرار البلاغة)	د. منى بنت فهد النصر	مجلة العلوم العربية - جامعة الإمام (السعودية)	references	دراسات لغوية	مجلة العلوم العربية - جامعة الإمام (السعودية)/71/1/4 شعرية صور$ (المعنى) عند عبد القاهر الجرجاني في$ (أسرار البلاغة).pdf
0a6cb0f1ace365ce	صراع السيف والقلم ودلالته في الشعر العباسي: تحليلٌ ثقافيٌ	أ. د. إبراهيم بن محمد أبانمي	مجلة العلوم العربية - جامعة الإمام (السعودية)	references	شعر وأدب	مجلة العلوم العربية - جامعة الإمام (السعودية)/38/3 صراع السيف والقلم ودلالته في الشعر العباسي$ تحليلٌ ثقافيٌ.pdf
df1f84a89cce1f3c	صورة المعوق في الشعر السعودي: دراسةٌ في المضمون والشكل	د. عبد الله بن عبد الرحمن الحيدري	مجلة العلوم العربية - جامعة الإمام (السعودية)	references	شعر وأدب	مجلة العلوم العربية - جامعة الإمام (السعودية)/15/5 صورة المعوق في الشعر السعودي$ دراسةٌ في المضمون والشكل.pdf
757bf7509e213663	ظاهرة الجمود النحوي والصرفي في العربية	د. إبراهيم بن سليمان المطرودي	مجلة العلوم العربية - جامعة الإمام (السعودية)	references	دراسات لغوية	مجلة العلوم العربية - جامعة الإمام (السعودية)/26/1 ظاهرة الجمود النحوي والصرفي في العربية.pdf
9ee16c5b930a85a2	ظاهرة الملازمة في النحو العربي: دراسةٌ في أقسام الكلام	د. مدحت بن يوسف السبع	مجلة العلوم العربية - جامعة الإمام (السعودية)	references	نحو	مجلة العلوم العربية - جامعة الإمام (السعودية)/28/1 ظاهرة الملازمة في النحو العربي$ دراسةٌ في أقسام الكلام.pdf
9500664be988a526	ظاهرة فقدان الدور التركيبي في النحو العربي	د. مدحت بن يوسف السبع	مجلة العلوم العربية - جامعة الإمام (السعودية)	references	نحو	مجلة العلوم العربية - جامعة الإمام (السعودية)/36/3 ظاهرة فقدان الدور التركيبي في النحو العربي.pdf
ae067adc9e97f302	عتبة العنوان في مصادر النقد الأدبي القديم	د. محمد بن سعد القحطاني	مجلة العلوم العربية - جامعة الإمام (السعودية)	references	دراسات لغوية	مجلة العلوم العربية - جامعة الإمام (السعودية)/73/2/4 عتبة العنوان في مصادر النقد الأدبي القديم.pdf
b4334f8c40224d10	قصيدة: (أنا والليل)، للشاعر/ عبد الله الفيصل: دراسةٌ تحليليةٌ	د. مفرح بن إدريس أحمد	مجلة العلوم العربية - جامعة الإمام (السعودية)	references	دراسات لغوية	مجلة العلوم العربية - جامعة الإمام (السعودية)/13/4 قصيدة$ (أنا والليل)، للشاعر& عبد الله الفيصل$ دراسةٌ تحليليةٌ.pdf
b7bd840b2f5b6424	قصيدة: (عفواً أمام الهدى)، للشاعر/ محمد بن عائض القرني: دراسةٌ أسلوبيةٌ بلاغيةٌ	د. عبد الخالق بن عبد الرحمن القرني	مجلة العلوم العربية - جامعة الإمام (السعودية)	references	دراسات لغوية	مجلة العلوم العربية - جامعة الإمام (السعودية)/73/1/1 قصيدة$ (عفواً أمام الهدى)، للشاعر& محمد بن عائض القرني$ دراسةٌ أسلوبيةٌ بلاغيةٌ.pdf
db22502f783e4012	كتاب العروض: (المنسوب)، لأبي بكر بن السراج	د. طارق بن مختار المليجي	مجلة العلوم العربية - جامعة الإمام (السعودية)	references	دراسات لغوية	مجلة العلوم العربية - جامعة الإمام (السعودية)/13/5 كتاب العروض$ (المنسوب)، لأبي بكر بن السراج.pdf
32da9625d040b4a7	كتاب: (القوافي)، لسيبويه: حديث النسبة، ودراسة المأثور	أ. د. سيف بن عبد الرحمن العريفي	مجلة العلوم العربية - جامعة الإمام (السعودية)	references	دراسات لغوية	مجلة العلوم العربية - جامعة الإمام (السعودية)/12/1 كتاب$ (القوافي)، لسيبويه$ حديث النسبة، ودراسة المأثور.pdf
67a5adcc5a7d9b91	لفظ: (سواء) في القرآن الكريم: بين دلالة السياق والوظيفة النحوية: دراسةٌ لغويةٌ إحصائيةٌ	أ. د. عبد الغني بن عيسى أويارخوا	مجلة العلوم العربية - جامعة الإمام (السعودية)	references	دراسات لغوية	مجلة العلوم العربية - جامعة الإمام (السعودية)/67/1/2 لفظ$ (سواء) في القرآن الكريم$ بين ... السياق والوظيفة النحوية$ دراسةٌ لغويةٌ إحصائيةٌ.pdf
354696b32ca0f302	محمد بن عبد الدائم البرماوي: حياته، واختياراته النحوية	د. ناصر بن محمد كريري	مجلة العلوم العربية - جامعة الإمام (السعودية)	references	دراسات لغوية	مجلة العلوم العربية - جامعة الإمام (السعودية)/15/1 محمد بن عبد الدائم البرماوي$ حياته، واختياراته النحوية.pdf
e5d8a13d9299f413	مختصر النحو، ت: علي بن محمد الضريري: دراسةً وتحقيقاً	أ. د. أيمن السيد الجندي، د. صفاء بنت إبراهيم عجلان	مجلة العلوم العربية - جامعة الإمام (السعودية)	references	نحو	مجلة العلوم العربية - جامعة الإمام (السعودية)/68/2/4 مختصر النحو، ت$ علي بن محمد الضريري$ دراسةً وتحقيقاً.pdf
0948dac6384e6db7	مرويات أبي ثروان العكلي وأثرها في النحو والتصريف	د. عبد العزيز بن ناصر الخريف	مجلة العلوم العربية - جامعة الإمام (السعودية)	references	نحو	مجلة العلوم العربية - جامعة الإمام (السعودية)/26/2 مرويات أبي ثروان العكلي وأثرها في النحو والتصريف.pdf
b44084a085259ce0	مسلك الإمام عبد القاهر الجرجاني في حديثه عن المجاز العقلي في كتابَيه: (أسرار البلاغة) و(دلائل الإعجاز)	أ. د. محمود بن موسى حمدان	مجلة العلوم العربية - جامعة الإمام (السعودية)	references	دراسات لغوية	مجلة العلوم العربية - جامعة الإمام (السعودية)/10/4 مسلك الإمام عبد القاهر الجرجاني في ... في كتابَيه$ (أسرار البلاغة) و(دلائل الإعجاز).pdf
e59034b74dfc14d3	مشكلة الفصاحة في اللغة العربية: بين ثوابت النظام اللغوي ومتغيراته	د. كمال قادري	مجلة العلوم العربية - جامعة الإمام (السعودية)	references	دراسات لغوية	مجلة العلوم العربية - جامعة الإمام (السعودية)/51/3 مشكلة الفصاحة في اللغة العربية$ بين ثوابت النظام اللغوي ومتغيراته.pdf
2ad2ec5c39687c01	مصطلح: (الخروج) عند الكوفيين: دراسةٌ لمدلوله وأضربه وعلاقته بالوظائف النحوية	أ. د. سيف بن عبد الرحمن العريفي	مجلة العلوم العربية - جامعة الإمام (السعودية)	references	دراسات لغوية	مجلة العلوم العربية - جامعة الإمام (السعودية)/9/1 مصطلح$ (الخروج) عند الكوفيين$ دراسةٌ لمدلوله وأضربه وعلاقته بالوظائف النحوية.pdf
0ce1bd52ce002719	ملامح الفكر النحوي التجديدي لدى/ مهدي المخزومي في كتابه: (في النحو العربي: قواعد وتطبيق على المنهج العلمي الحديث): دراسةٌ وصفيةٌ تحليليةٌ	د. محمد بن سليمان الخزيم	مجلة العلوم العربية - جامعة الإمام (السعودية)	references	نحو	مجلة العلوم العربية - جامعة الإمام (السعودية)/72/2/4 ملامح الفكر النحوي التجديدي لدى& مهدي ... المنهج العلمي الحديث)$ دراسةٌ وصفيةٌ تحليليةٌ.pdf
bfe40c494e320874	ملامح من مظاهر المبالغة في المعنى في العربية	د. ناجح جميل الصوافطة	مجلة العلوم العربية - جامعة الإمام (السعودية)	references	دراسات لغوية	مجلة العلوم العربية - جامعة الإمام (السعودية)/33/3 ملامح من مظاهر المبالغة في المعنى في العربية.pdf
5ef388540f5ffd23	من مظاهر التوافق اللفظي والاختلاف الدلالي في الأبنية الصرفية	د. مبروك بن حمود الشايع	مجلة العلوم العربية - جامعة الإمام (السعودية)	references	دراسات لغوية	مجلة العلوم العربية - جامعة الإمام (السعودية)/22/2 من مظاهر التوافق اللفظي والاختلاف الدلالي في الأبنية الصرفية.pdf
ece979681ce06770	منهج النحاة في ترتيب أبواب النحو: عرضٌ ونقدٌ	د. إبراهيم بن سالم الجهني	مجلة العلوم العربية - جامعة الإمام (السعودية)	references	نحو	مجلة العلوم العربية - جامعة الإمام (السعودية)/65/1/2 منهج النحاة في ترتيب أبواب النحو$ عرضٌ ونقدٌ.pdf
af46c89fdc645521	موقف ابن مالكٍ في شرحَي: (التسهيل) و(الكافية الشافية) من آراء ابن برهان النحوية في شرحه على: (اللمع): دراسةٌ نحويةٌ تحليليةٌ	د. صالح بن مطلق المالكي	مجلة العلوم العربية - جامعة الإمام (السعودية)	references	دراسات لغوية	مجلة العلوم العربية - جامعة الإمام (السعودية)/75/1/1 موقف ابن مالكٍ في شرحَي$ (التسهيل) ... شرحه على$ (اللمع)$ دراسةٌ نحويةٌ تحليليةٌ.pdf
f85efaba3918d5d5	نسبة العموم والخصوص المطلق في النحو والتصريف: دراسةٌ تأصيليةٌ تطبيقيةٌ	د. عبد العزيز بن علي أحمد الغامدي	مجلة العلوم العربية - جامعة الإمام (السعودية)	references	نحو	مجلة العلوم العربية - جامعة الإمام (السعودية)/54/2 نسبة العموم والخصوص المطلق في النحو والتصريف$ دراسةٌ تأصيليةٌ تطبيقيةٌ.pdf
ced2e686336268a4	نسبة العموم والخصوص الوجهي في النحو والصرف	د. جفلا بنت سعيد القرني	مجلة العلوم العربية - جامعة الإمام (السعودية)	references	نحو	مجلة العلوم العربية - جامعة الإمام (السعودية)/69/2/2 نسبة العموم والخصوص الوجهي في النحو والصرف.pdf
dea6e71d8fe893e3	نشوء الخماسي المزيد في العربية: دراسةٌ تأصيليةٌ في ضوء الدلالة في معجم: (تاج العروس)، للزبيدي	أ. د. البندري بنت عبد العزيز العجلان	مجلة العلوم العربية - جامعة الإمام (السعودية)	references	دراسات لغوية	مجلة العلوم العربية - جامعة الإمام (السعودية)/75/2/3 نشوء الخماسي المزيد في العربية$ دراسةٌ ... الدلالة في معجم$ (تاج العروس)، للزبيدي.pdf
7e510c9cbc9546a1	نظراتٌ في نشأة النحو العربي للمستشرق الألماني/ فولفديتريش فيشر	د. يوسف بن عبد الله الجوارنة	مجلة العلوم العربية - جامعة الإمام (السعودية)	references	نحو	مجلة العلوم العربية - جامعة الإمام (السعودية)/41/1 نظراتٌ في نشأة النحو العربي للمستشرق الألماني& فولفديتريش فيشر.pdf
75c4d689e79c7184	نظرية التناص وخصوصية النص القرآني: دراسةٌ في الإجراءات النقدية وإشكاليات التلقي	د. علي بن يحيى نصر	مجلة العلوم العربية - جامعة الإمام (السعودية)	references	دراسات لغوية	مجلة العلوم العربية - جامعة الإمام (السعودية)/27/5 نظرية التناص وخصوصية النص القرآني$ دراسةٌ في الإجراءات النقدية وإشكاليات التلقي.pdf
faf8708c16a2c887	نقد القراء للقراءات بالقاعدة النحوية والصرفية	د. إبراهيم بن سليمان المطرودي	مجلة العلوم العربية - جامعة الإمام (السعودية)	references	دراسات لغوية	مجلة العلوم العربية - جامعة الإمام (السعودية)/63/2/2 نقد القراء للقراءات بالقاعدة النحوية والصرفية.pdf
1c035f481027a8c1	نقد النثر في السنة النبوية: قراءةٌ تحليليةٌ في إشكاليته ومعاييره	د. صبري بن فوزي أبو حسين	مجلة العلوم العربية - جامعة الإمام (السعودية)	references	دراسات لغوية	مجلة العلوم العربية - جامعة الإمام (السعودية)/12/3 نقد النثر في السنة النبوية$ قراءةٌ تحليليةٌ في إشكاليته ومعاييره.pdf
9be767457d8ff51a	وسائل الحذق لاجتلاب المعاني الشعرية عند/ حازمٍ القرطاجني: الرؤية، والتطبيق	أ. د. سهير بنت عيسى القحطاني	مجلة العلوم العربية - جامعة الإمام (السعودية)	references	شعر وأدب	مجلة العلوم العربية - جامعة الإمام (السعودية)/74/3/2 وسائل الحذق لاجتلاب المعاني الشعرية عند& حازمٍ القرطاجني$ الرؤية، والتطبيق.pdf
3c98f8b04b52d51c	وصف الأصوات اللغوية في: (المعجم الوسيط)	د. عبد الله بن فهد الدوسري	مجلة العلوم العربية - جامعة الإمام (السعودية)	dictionaries	معجم لغوي	مجلة العلوم العربية - جامعة الإمام (السعودية)/65/2/2 وصف الأصوات اللغوية في$ (المعجم الوسيط).pdf
c3124912378543d3	أبو طالبٍ المفضل بن سلمة: مكانته اللغوية، وآراؤه واختياراته النحوية	أ. د. عبد الله بن محمد النغيمشي	مجلة العلوم العربية والإنسانية - جامعة القصيم (السعودية)	references	دراسات لغوية	مجلة العلوم العربية والإنسانية - جامعة القصيم (السعودية)/10/1/1 أبو طالبٍ المفضل بن سلمة$ مكانته اللغوية، وآراؤه واختياراته النحوية.pdf
66000e8675b58509	أثر البلاغة في الشواهد الشعرية عند النحاة	د. محمد بن عبد الرحمن آل خريف	مجلة العلوم العربية والإنسانية - جامعة القصيم (السعودية)	references	شعر وأدب	مجلة العلوم العربية والإنسانية - جامعة القصيم (السعودية)/7/1/2 أثر البلاغة في الشواهد الشعرية عند النحاة.pdf
10fcecf5756f4ac4	أثر التوثيق الصوتي في حفظ اللغة الدارجة (الشعر الشعبي أنموذجاً)	أ. د. منصور بن سعيد أبو راس	مجلة العلوم العربية والإنسانية - جامعة القصيم (السعودية)	references	شعر وأدب	مجلة العلوم العربية والإنسانية - جامعة القصيم (السعودية)/15/4/4 أثر التوثيق الصوتي في حفظ اللغة الدارجة (الشعر الشعبي أنموذجاً).pdf
764037b73c405604	أثر شعراء المعلقات العشر في الشعر الأندلسي	د. سالم بن عبيد القرارعة	مجلة العلوم العربية والإنسانية - جامعة القصيم (السعودية)	references	شعر وأدب	مجلة العلوم العربية والإنسانية - جامعة القصيم (السعودية)/8/1/6 أثر شعراء المعلقات العشر في الشعر الأندلسي.pdf
129ce7d481d67ffc	أضواءٌ على التخريجات النحوية والتصريفية للقراءات الشاذة عند/ أبي الفضل الرازي في: (اللوامح للقراءات الشاذة)	أ. د. إبراهيم بن صالح الحندود	مجلة العلوم العربية والإنسانية - جامعة القصيم (السعودية)	references	دراسات لغوية	مجلة العلوم العربية والإنسانية - جامعة القصيم (السعودية)/6/1/1 أضواءٌ على التخريجات النحوية والتصريفية للقراءات ... الفضل الرازي في$ (اللوامح للقراءات الشاذة).pdf
851c0e6d87fcf4f3	الاتساق النحوي في القرآن الكريم من منظور علم اللغة النصي	أ. د. جاسم بن علي جاسم	مجلة العلوم العربية والإنسانية - جامعة القصيم (السعودية)	references	دراسات لغوية	مجلة العلوم العربية والإنسانية - جامعة القصيم (السعودية)/8/3/5 الاتساق النحوي في القرآن الكريم من منظور علم اللغة النصي.pdf
e49b4994b6672424	الأخطاء اللغوية في الصحافة وأثرها في تعليم العربية للناطقين بغيرها	د. فاطمة بنت محمد العليمات	مجلة العلوم العربية والإنسانية - جامعة القصيم (السعودية)	references	دراسات لغوية	مجلة العلوم العربية والإنسانية - جامعة القصيم (السعودية)/10/2/6 الأخطاء اللغوية في الصحافة وأثرها في تعليم العربية للناطقين بغيرها.pdf
8f8a2885e3004912	الاستعارة في ديوان: (لا بد)، لمحمود حسن إسماعيل: دراسةٌ أسلوبيةٌ إحصائيةٌ	د. أحمد بن محمد حسانين	مجلة العلوم العربية والإنسانية - جامعة القصيم (السعودية)	diwans	ديوان شعري | شعر وأدب	مجلة العلوم العربية والإنسانية - جامعة القصيم (السعودية)/9/1/2 الاستعارة في ديوان$ (لا بد)، لمحمود حسن إسماعيل$ دراسةٌ أسلوبيةٌ إحصائيةٌ.pdf
b3f4b33a2eca5a6a	الاستعارة في قصيدة المديح بين ابن الحداد وابن سهلٍ: دراسةٌ أسلوبيةٌ إحصائيةٌ مقارنةٌ	د. محمد بن دياب غزاوي	مجلة العلوم العربية والإنسانية - جامعة القصيم (السعودية)	references	دراسات لغوية	مجلة العلوم العربية والإنسانية - جامعة القصيم (السعودية)/5/2/3 الاستعارة في قصيدة المديح بين ابن ... وابن سهلٍ$ دراسةٌ أسلوبيةٌ إحصائيةٌ مقارنةٌ.pdf
1f8027512b8d0c33	الأسس العلمية لبناء نصوص تعليم اللغة العربية للناطقين بغيرها	د. عبد المنعم بن حسن الملك عثمان	مجلة العلوم العربية والإنسانية - جامعة القصيم (السعودية)	references	دراسات لغوية	مجلة العلوم العربية والإنسانية - جامعة القصيم (السعودية)/9/3/6 الأسس العلمية لبناء نصوص تعليم اللغة العربية للناطقين بغيرها.pdf
46d36dd2e6f04d34	الإطالة التعويضية في اللغة العربية: دراسةٌ صوتيةٌ صرفيةٌ معاصرةٌ (قراءة/ الزهري نموذجاً)	د. علي بن سليمان الجوابرة	مجلة العلوم العربية والإنسانية - جامعة القصيم (السعودية)	references	دراسات لغوية	مجلة العلوم العربية والإنسانية - جامعة القصيم (السعودية)/10/1/4 الإطالة التعويضية في اللغة العربية$ دراسةٌ صوتيةٌ صرفيةٌ معاصرةٌ (قراءة& الزهري نموذجاً).pdf
7b1299d87b217be1	الإفادة في النحو العربي في ضوء نظرية الملاءمة: مقاربةٌ إدراكيةٌ	د. إبراهيم بن سليمان اللاحم	مجلة العلوم العربية والإنسانية - جامعة القصيم (السعودية)	references	نحو	مجلة العلوم العربية والإنسانية - جامعة القصيم (السعودية)/17/3/4 الإفادة في النحو العربي في ضوء نظرية الملاءمة$ مقاربةٌ إدراكيةٌ.pdf
a6e9843ed82e2423	الافتقار إلى الدليل وأثره في الأحكام النحوية عند/ ابن مالكٍ	د. سعد بن عبد الله المحمود	مجلة العلوم العربية والإنسانية - جامعة القصيم (السعودية)	references	دراسات لغوية	مجلة العلوم العربية والإنسانية - جامعة القصيم (السعودية)/12/3/1 الافتقار إلى الدليل وأثره في الأحكام النحوية عند& ابن مالكٍ.pdf
cce40663a67b5b31	الانزياح في قصيدة/ ابن الحداد الأندلسي (عساك بحق عيساك)	د. فاطمة بنت صالح البرادي	مجلة العلوم العربية والإنسانية - جامعة القصيم (السعودية)	references	دراسات لغوية	مجلة العلوم العربية والإنسانية - جامعة القصيم (السعودية)/13/4/7 الانزياح في قصيدة& ابن الحداد الأندلسي (عساك بحق عيساك).pdf
ee4cabb732d01b71	البحث عن التيار: ملامح النقد الأدبي في صحيفة القصيم المحتجبة: توثيقٌ وتحليلٌ	د. عبد الله بن صالح الوشمي	مجلة العلوم العربية والإنسانية - جامعة القصيم (السعودية)	references	دراسات لغوية	مجلة العلوم العربية والإنسانية - جامعة القصيم (السعودية)/3/1/2 البحث عن التيار$ ملامح النقد الأدبي في صحيفة القصيم المحتجبة$ توثيقٌ وتحليلٌ.pdf
51a217f18c558f7a	البعد الحجاجي في قصيدة: (الدمعة الخرساء)، لإيليا أبي ماضي	د. خلود بنت عبد اللطيف الجوهر	مجلة العلوم العربية والإنسانية - جامعة القصيم (السعودية)	references	دراسات لغوية	مجلة العلوم العربية والإنسانية - جامعة القصيم (السعودية)/10/1/6 البعد الحجاجي في قصيدة$ (الدمعة الخرساء)، لإيليا أبي ماضي.pdf
36aaf30ca1145f6b	البناء القيمي والتعبير الفني في ديوان: (الطفل العرب)، لأحمد سويلم	د. سعاد بن عبد العزيز بالطيور	مجلة العلوم العربية والإنسانية - جامعة القصيم (السعودية)	diwans	ديوان شعري | شعر وأدب	مجلة العلوم العربية والإنسانية - جامعة القصيم (السعودية)/11/1/5 البناء القيمي والتعبير الفني في ديوان$ (الطفل العرب)، لأحمد سويلم.pdf
3f7a84a835c1ff1b	التحضيض في النحو العربي: أدواته، وأحكامه	د. زياد بن محمد أبو سمور	مجلة العلوم العربية والإنسانية - جامعة القصيم (السعودية)	references	نحو	مجلة العلوم العربية والإنسانية - جامعة القصيم (السعودية)/13/4/3 التحضيض في النحو العربي$ أدواته، وأحكامه.pdf
c6921a2e44c50e37	التشابه في النحو وأثره في الحكم النحوي (باب: (الحال) نموذجاً)	أ. د. عبد العزيز بن عبد الرحمن الخثلان	مجلة العلوم العربية والإنسانية - جامعة القصيم (السعودية)	references	نحو	مجلة العلوم العربية والإنسانية - جامعة القصيم (السعودية)/12/1/2 التشابه في النحو وأثره في الحكم النحوي (باب$ (الحال) نموذجاً).pdf
fee0d98417a364f3	التشكيل الجمالي للصورة الأدبية في شعر/ جبيهاء الأشجعي	أ. د. عادل نصورة التمساحي	مجلة العلوم العربية والإنسانية - جامعة القصيم (السعودية)	references	دراسات لغوية	مجلة العلوم العربية والإنسانية - جامعة القصيم (السعودية)/13/2/6 التشكيل الجمالي للصورة الأدبية في شعر& جبيهاء الأشجعي.pdf
5bea7e41f163f0c0	التطريز في البلاغة العربية: مفهومه، تطوره، جمالياته	أ. د. عمر بن عبد العزيز المحمود	مجلة العلوم العربية والإنسانية - جامعة القصيم (السعودية)	references	دراسات لغوية	مجلة العلوم العربية والإنسانية - جامعة القصيم (السعودية)/12/4/6 التطريز في البلاغة العربية$ مفهومه، تطوره، جمالياته.pdf
bac2fae67828c0b2	التناص: بين الرؤية والتطبيق (مرثية المعري الإنسانية أنموذجاً)	د. إبراهيم بن مصطفى الدهون	مجلة العلوم العربية والإنسانية - جامعة القصيم (السعودية)	references	دراسات لغوية	مجلة العلوم العربية والإنسانية - جامعة القصيم (السعودية)/7/4/3 التناص$ بين الرؤية والتطبيق (مرثية المعري الإنسانية أنموذجاً).pdf
fd8b50f478e1dd31	التناص في ديوان: (لا تقولي وداعاً)، للشاعر/ عيسى جرابا	د. وليد بن عبد الله الدوسري	مجلة العلوم العربية والإنسانية - جامعة القصيم (السعودية)	diwans	ديوان شعري | شعر وأدب	مجلة العلوم العربية والإنسانية - جامعة القصيم (السعودية)/11/1/6 التناص في ديوان$ (لا تقولي وداعاً)، للشاعر& عيسى جرابا.pdf
1320133eacdf1702	التناص مع القرآن في شعر/ ابن سهلٍ الأندلسي (قصة/ موسى -عليه السلام- أنموذجاً)	أ. د. ثناء نجاتي عياش	مجلة العلوم العربية والإنسانية - جامعة القصيم (السعودية)	references	دراسات لغوية	مجلة العلوم العربية والإنسانية - جامعة القصيم (السعودية)/12/4/8 التناص مع القرآن في شعر& ابن ... الأندلسي (قصة& موسى -عليه السلام- أنموذجاً).pdf
b7c9f0b0e85b18dd	الثنائيات الضدية في شعر/ عبد الله البردوني (قصيدة: (نحن والحاكمون) أنموذجاً)	د. عبد الله بن حسن القرني	مجلة العلوم العربية والإنسانية - جامعة القصيم (السعودية)	references	دراسات لغوية	مجلة العلوم العربية والإنسانية - جامعة القصيم (السعودية)/16/1/5 الثنائيات الضدية في شعر& عبد الله البردوني (قصيدة$ (نحن والحاكمون) أنموذجاً).pdf
6283504d02f4bd8f	الجهود اللغوية لإسماعيل القاضي: جمعاً ودراسةً	أ. د. عبد العزيز بن صالح العمري	مجلة العلوم العربية والإنسانية - جامعة القصيم (السعودية)	references	دراسات لغوية	مجلة العلوم العربية والإنسانية - جامعة القصيم (السعودية)/15/4/1 الجهود اللغوية لإسماعيل القاضي$ جمعاً ودراسةً.pdf
625ee3f9b6b6c7c5	الحنين في الشعر الشنقيطي (ابن أحمد دام نموذجاً)	د. الشيخ أحمد المنى	مجلة العلوم العربية والإنسانية - جامعة القصيم (السعودية)	references	شعر وأدب	مجلة العلوم العربية والإنسانية - جامعة القصيم (السعودية)/9/4/4 الحنين في الشعر الشنقيطي (ابن أحمد دام نموذجاً).pdf
d353f37853e6eb67	الخصائص اللغوية لمصطلحات المدنية المعاصرة (مصطلحات وثيقة: (برنامج التحول الرقمي 2020) أنموذجاً)	أ. د. لمياء بنت حمد العقيل	مجلة العلوم العربية والإنسانية - جامعة القصيم (السعودية)	references	دراسات لغوية	مجلة العلوم العربية والإنسانية - جامعة القصيم (السعودية)/12/3/2 الخصائص اللغوية لمصطلحات المدنية المعاصرة (مصطلحات وثيقة$ (برنامج التحول الرقمي 2020) أنموذجاً).pdf
3f9a58d9aefed527	الدلالات البلاغية لـ: (إنما) في السياق النبوي	د. منيرة بنت مرعي الزهراني	مجلة العلوم العربية والإنسانية - جامعة القصيم (السعودية)	references	دراسات لغوية	مجلة العلوم العربية والإنسانية - جامعة القصيم (السعودية)/18/2/3 الدلالات البلاغية لـ$ (إنما) في السياق النبوي.pdf
bbe465796941780f	الشعر النسائي السعودي المعاصر: ملامح الرؤية الشعرية	د. ولد متالي لمرابط أحمد محمدو	مجلة العلوم العربية والإنسانية - جامعة القصيم (السعودية)	references	شعر وأدب	مجلة العلوم العربية والإنسانية - جامعة القصيم (السعودية)/10/4/5 الشعر النسائي السعودي المعاصر$ ملامح الرؤية الشعرية.pdf
511a171c8d3e7f01	الشفاهية في المرتجلات الشعرية الأندلسية في عصر دولة بني الأحمر	أ. د. خالد بن عبد العزيز الخرعان	مجلة العلوم العربية والإنسانية - جامعة القصيم (السعودية)	references	شعر وأدب	مجلة العلوم العربية والإنسانية - جامعة القصيم (السعودية)/13/4/6 الشفاهية في المرتجلات الشعرية الأندلسية في عصر دولة بني الأحمر.pdf
928ae9f4e75ec2d6	الصفات الحسية والمعنوية للذئب في الشعر العربي القديم من العصر الجاهلي حتى سنة 450هـ: دراسةٌ إحصائيةٌ	أ. د. إبراهيم بن علي الدغيري	مجلة العلوم العربية والإنسانية - جامعة القصيم (السعودية)	references	شعر وأدب	مجلة العلوم العربية والإنسانية - جامعة القصيم (السعودية)/8/2/4 الصفات الحسية والمعنوية للذئب في الشعر ... الجاهلي حتى سنة 450هـ$ دراسةٌ إحصائيةٌ.pdf
bd1e5944d6315d0d	الطيوب والعطور في الشعر العباسي	د. إبراهيم بن مصطفى الدهون	مجلة العلوم العربية والإنسانية - جامعة القصيم (السعودية)	references	شعر وأدب	مجلة العلوم العربية والإنسانية - جامعة القصيم (السعودية)/15/3/4 الطيوب والعطور في الشعر العباسي.pdf
3fd8a7f1d2290b55	الظواهر النحوية في لهجة/ قيس بن ثعلبة: جمعاً ودراسةً	د. حسان بن عبد الله الغنيمان	مجلة العلوم العربية والإنسانية - جامعة القصيم (السعودية)	references	دراسات لغوية	مجلة العلوم العربية والإنسانية - جامعة القصيم (السعودية)/4/1/1 الظواهر النحوية في لهجة& قيس بن ثعلبة$ جمعاً ودراسةً.pdf
88b4cdadf6b8c706	العتبات في ديوان: (هسيس)، للشاعر/ حسن الصلهبي: دراسةٌ سيميائيةٌ	د. تنوير بنت أحمد هندي	مجلة العلوم العربية والإنسانية - جامعة القصيم (السعودية)	diwans	ديوان شعري | شعر وأدب	مجلة العلوم العربية والإنسانية - جامعة القصيم (السعودية)/16/4/6 العتبات في ديوان$ (هسيس)، للشاعر& حسن الصلهبي$ دراسةٌ سيميائيةٌ.pdf
65ba18cc8e7b0839	العروض العربي: بين دعاوى التيسير وعبقرية بنائه: دراسةٌ تحليليةٌ نقديةٌ ورؤيةٌ جديدةٌ	د. وليد بن مقبل الديب	مجلة العلوم العربية والإنسانية - جامعة القصيم (السعودية)	references	دراسات لغوية	مجلة العلوم العربية والإنسانية - جامعة القصيم (السعودية)/14/3/4 العروض العربي$ بين دعاوى التيسير وعبقرية بنائه$ دراسةٌ تحليليةٌ نقديةٌ ورؤيةٌ جديدةٌ.pdf
21885bc8d622ebb8	العَلَم السعودي في الشعر المواكب ليوم العَلَم: دراسةٌ سيميائيةٌ	د. عبد الرحمن بن صالح الخميس	مجلة العلوم العربية والإنسانية - جامعة القصيم (السعودية)	references	شعر وأدب	مجلة العلوم العربية والإنسانية - جامعة القصيم (السعودية)/17/2/1 العَلَم السعودي في الشعر المواكب ليوم العَلَم$ دراسةٌ سيميائيةٌ.pdf
24ebc1822ee5549f	العمدة والفضلة في النحو العربي: المصطلح، والدلالة	د. علاء دسوقي أحمد علي	مجلة العلوم العربية والإنسانية - جامعة القصيم (السعودية)	references	نحو	مجلة العلوم العربية والإنسانية - جامعة القصيم (السعودية)/12/4/1 العمدة والفضلة في النحو العربي$ المصطلح، والدلالة.pdf
18534e382c1147bf	القافية في الشعر التفعيلي: دراسةٌ إحصائيةٌ تحليليةٌ	د. وليد بن خالد الحازمي	مجلة العلوم العربية والإنسانية - جامعة القصيم (السعودية)	references	شعر وأدب	مجلة العلوم العربية والإنسانية - جامعة القصيم (السعودية)/15/4/5 القافية في الشعر التفعيلي$ دراسةٌ إحصائيةٌ تحليليةٌ.pdf
a549b068509e9da6	القضايا النقدية في مقدمة ديوان الزهاوي وتمثلها في شعره	د. عبد الرحمن بن صالح الخميس	مجلة العلوم العربية والإنسانية - جامعة القصيم (السعودية)	diwans	ديوان شعري | شعر وأدب	مجلة العلوم العربية والإنسانية - جامعة القصيم (السعودية)/11/3/5 القضايا النقدية في مقدمة ديوان الزهاوي وتمثلها في شعره.pdf
17e21c22f7c62608	الكثرة والشيوع في شواهد النحو العربي بين منهج النظر ومنهج التطبيق: دراسةٌ نقديةٌ	د. طارق بن محمود محمد	مجلة العلوم العربية والإنسانية - جامعة القصيم (السعودية)	references	نحو	مجلة العلوم العربية والإنسانية - جامعة القصيم (السعودية)/9/4/2 الكثرة والشيوع في شواهد النحو العربي ... منهج النظر ومنهج التطبيق$ دراسةٌ نقديةٌ.pdf
88743a491ae765da	الكفاية اللغوية في أدب الأطفال (الأنشودة نموذجاً): حلقةٌ ميدانيةٌ	د. راشد بن علي عيسى، د. جمال بن دليع العريني	مجلة العلوم العربية والإنسانية - جامعة القصيم (السعودية)	references	دراسات لغوية	مجلة العلوم العربية والإنسانية - جامعة القصيم (السعودية)/9/1/6 الكفاية اللغوية في أدب الأطفال (الأنشودة نموذجاً)$ حلقةٌ ميدانيةٌ.pdf
1684923fce3f94a8	اللهجات في: (معاني القرآن)، لقطربٍ: دراسةٌ في المستوى النحوي	أ. د. ماجد بن عمر القرني	مجلة العلوم العربية والإنسانية - جامعة القصيم (السعودية)	references	دراسات لغوية	مجلة العلوم العربية والإنسانية - جامعة القصيم (السعودية)/13/2/3 اللهجات في$ (معاني القرآن)، لقطربٍ$ دراسةٌ في المستوى النحوي.pdf
c6b61effba9cf658	المدونات اللغوية ودراسة الظواهر النحوية: مدخلٌ ونماذج	د. أشرف بن محمد علي	مجلة العلوم العربية والإنسانية - جامعة القصيم (السعودية)	references	دراسات لغوية	مجلة العلوم العربية والإنسانية - جامعة القصيم (السعودية)/12/3/3 المدونات اللغوية ودراسة الظواهر النحوية$ مدخلٌ ونماذج.pdf
17961bd2f0e0ed93	المستويات اللغوية في الرواية السعودية (الأديبة/ بهية بو سبيت نموذجاً)	د. محمد أمين بن أحمد الروابدة، د. توفيق بن محمود القرم	مجلة العلوم العربية والإنسانية - جامعة القصيم (السعودية)	references	دراسات لغوية	مجلة العلوم العربية والإنسانية - جامعة القصيم (السعودية)/10/4/4 المستويات اللغوية في الرواية السعودية (الأديبة& بهية بو سبيت نموذجاً).pdf
017645d76f5c7596	المضامين الثقافية الحديثة في كتب تعليم اللغة العربية الحديثة (سلسلة: (كلمة ونغم) أنموذجاً)	د. ولاء بنت فهد السبيت	مجلة العلوم العربية والإنسانية - جامعة القصيم (السعودية)	references	دراسات لغوية	مجلة العلوم العربية والإنسانية - جامعة القصيم (السعودية)/17/4/2 المضامين الثقافية الحديثة في كتب تعليم ... العربية الحديثة (سلسلة$ (كلمة ونغم) أنموذجاً).pdf
8b98f21f77811c80	الوظائف التعبيرية في رسائل الجاحظ الأدبية ((رسالةٌ في الجد والهزل) أنموذجاً): دراسةٌ إنشائيةٌ	د. صالح بن عبد الله التويجري	مجلة العلوم العربية والإنسانية - جامعة القصيم (السعودية)	references	دراسات لغوية	مجلة العلوم العربية والإنسانية - جامعة القصيم (السعودية)/12/1/4 الوظائف التعبيرية في رسائل الجاحظ الأدبية ... في الجد والهزل) أنموذجاً)$ دراسةٌ إنشائيةٌ.pdf
9e990629803dbdb9	آليات الحجاج في كتاب: (الفروق اللغوية)، لأبي هلالٍ العسكري (الباب الأول نموذجاً)	أ. د. أماني بنت عبد العزيز الداود	مجلة العلوم العربية والإنسانية - جامعة القصيم (السعودية)	references	دراسات لغوية	مجلة العلوم العربية والإنسانية - جامعة القصيم (السعودية)/15/3/3 آليات الحجاج في كتاب$ (الفروق اللغوية)، لأبي هلالٍ العسكري (الباب الأول نموذجاً).pdf
c2d44c28b69af7ee	بناء: (فِعلَاء) في العربية: دراسةٌ صرفيةٌ لغويةٌ	د. سعود بن سعيد الرحيلي	مجلة العلوم العربية والإنسانية - جامعة القصيم (السعودية)	references	دراسات لغوية	مجلة العلوم العربية والإنسانية - جامعة القصيم (السعودية)/18/1/2 بناء$ (فِعلَاء) في العربية$ دراسةٌ صرفيةٌ لغويةٌ.pdf
d4ec0f5d9a395a59	بنية المعجم الشعري عند/ محمد الثبيتي: الرؤية، والدلالة	د. سهيل بن عبد اللطيف الفتياني	مجلة العلوم العربية والإنسانية - جامعة القصيم (السعودية)	dictionaries	معجم لغوي	مجلة العلوم العربية والإنسانية - جامعة القصيم (السعودية)/9/2/4 بنية المعجم الشعري عند& محمد الثبيتي$ الرؤية، والدلالة.pdf
b6624cf469df5f10	تأصيل: (الظاهرة الأسلوبية) في البلاغة العربية ((مفتاح العلوم)، للسكاكي نموذجاً)	أ. د. حسام بن محمد أيوب	مجلة العلوم العربية والإنسانية - جامعة القصيم (السعودية)	references	دراسات لغوية	مجلة العلوم العربية والإنسانية - جامعة القصيم (السعودية)/8/2/3 تأصيل$ (الظاهرة الأسلوبية) في البلاغة العربية ((مفتاح العلوم)، للسكاكي نموذجاً).pdf
33eb6168f37f17d2	تحليل أخطاء العدد في اللغة العربية	أ. د. جاسم بن علي جاسم	مجلة العلوم العربية والإنسانية - جامعة القصيم (السعودية)	references	دراسات لغوية	مجلة العلوم العربية والإنسانية - جامعة القصيم (السعودية)/5/1/2 تحليل أخطاء العدد في اللغة العربية.pdf
2a691aae8a309918	تداخل الأنواع في شعر/ ابن خفاجة الأندلسي (قصيدة: (وصف جبل) أنموذجاً)	د. نوال بنت محمد الصيخان	مجلة العلوم العربية والإنسانية - جامعة القصيم (السعودية)	references	دراسات لغوية	مجلة العلوم العربية والإنسانية - جامعة القصيم (السعودية)/12/3/6 تداخل الأنواع في شعر& ابن خفاجة الأندلسي (قصيدة$ (وصف جبل) أنموذجاً).pdf
85c0961305afd9fa	تداولية الخطاب المقدماتي في نماذج من الرسائل الأدبية الحديثة	د. سالم بن محمد الضمادي	مجلة العلوم العربية والإنسانية - جامعة القصيم (السعودية)	references	دراسات لغوية	مجلة العلوم العربية والإنسانية - جامعة القصيم (السعودية)/19/2/1 تداولية الخطاب المقدماتي في نماذج من الرسائل الأدبية الحديثة.pdf
fbdd09a2685250fd	تذكير المؤنث: دراسةٌ تحليليةٌ للأخطاء اللغوية الشائعة	د. إبراهيم بن آدم إسحاق	مجلة العلوم العربية والإنسانية - جامعة القصيم (السعودية)	references	دراسات لغوية	مجلة العلوم العربية والإنسانية - جامعة القصيم (السعودية)/7/1/4 تذكير المؤنث$ دراسةٌ تحليليةٌ للأخطاء اللغوية الشائعة.pdf
28a5ca1b77a75ab9	تطوير الخطاب في بيئات العمل في ضوء معطيات المناهج اللغوية النقدية: من التقاليد الإدارية إلى الإمكانات اللغوية	أ. د. محمد بن سعيد اللويمي	مجلة العلوم العربية والإنسانية - جامعة القصيم (السعودية)	references	دراسات لغوية	مجلة العلوم العربية والإنسانية - جامعة القصيم (السعودية)/16/1/2 تطوير الخطاب في بيئات العمل في ... من التقاليد الإدارية إلى الإمكانات اللغوية.pdf
d6b7504e6bc67037	تمنطق النحو: بين مدكورٍ وجيرار تروبو	د. عبد العزيز بن أحمد البجادي	مجلة العلوم العربية والإنسانية - جامعة القصيم (السعودية)	references	نحو	مجلة العلوم العربية والإنسانية - جامعة القصيم (السعودية)/10/2/1 تمنطق النحو$ بين مدكورٍ وجيرار تروبو.pdf
139719b69742c0e2	توجيهات المفسرين النحوية في كتاب سيبويه	د. علي بن محمود خير	مجلة العلوم العربية والإنسانية - جامعة القصيم (السعودية)	references	دراسات لغوية	مجلة العلوم العربية والإنسانية - جامعة القصيم (السعودية)/9/4/1 توجيهات المفسرين النحوية في كتاب سيبويه.pdf
128770c24959580d	توظيف الشعر في روايات/ غازي القصيبي: دراسةٌ نقديةٌ	أ. د. أحمد بن ماطر اليتيمي	مجلة العلوم العربية والإنسانية - جامعة القصيم (السعودية)	references	شعر وأدب	مجلة العلوم العربية والإنسانية - جامعة القصيم (السعودية)/14/1/2 توظيف الشعر في روايات& غازي القصيبي$ دراسةٌ نقديةٌ.pdf
7de9554a1c791170	توظيف مصطلحات علوم اللغة العربية في القصيدة الحديثة	د. هدى بنت صالح الفايز	مجلة العلوم العربية والإنسانية - جامعة القصيم (السعودية)	references	دراسات لغوية	مجلة العلوم العربية والإنسانية - جامعة القصيم (السعودية)/13/1/3 توظيف مصطلحات علوم اللغة العربية في القصيدة الحديثة.pdf
f5678f53587bbad3	جماليات الإيقاع في شعر/ ابن عبدون (قصيدة: (الدهر) نموذجاً)	د. محمود بن سليم هياجنة	مجلة العلوم العربية والإنسانية - جامعة القصيم (السعودية)	references	دراسات لغوية	مجلة العلوم العربية والإنسانية - جامعة القصيم (السعودية)/14/2/7 جماليات الإيقاع في شعر& ابن عبدون (قصيدة$ (الدهر) نموذجاً).pdf
9507205d97976b6b	جماليات السرد في قصة/ زكريا -عليه السلام- في القرآن	د. منصور بن عبد العزيز المهوس	مجلة العلوم العربية والإنسانية - جامعة القصيم (السعودية)	references	دراسات لغوية	مجلة العلوم العربية والإنسانية - جامعة القصيم (السعودية)/13/1/7 جماليات السرد في قصة& زكريا -عليه السلام- في القرآن.pdf
988ddb57d49303c0	جماليات اللغة الشعرية في ديوان: (مزاجها زنجبيل)، لفواز اللعبون	أ. د. عبد الرحمن بن أحمد السبت	مجلة العلوم العربية والإنسانية - جامعة القصيم (السعودية)	diwans	ديوان شعري | شعر وأدب	مجلة العلوم العربية والإنسانية - جامعة القصيم (السعودية)/15/4/6 جماليات اللغة الشعرية في ديوان$ (مزاجها زنجبيل)، لفواز اللعبون.pdf
d51710e703bbff1a	جوابات/ ابن الحاجب النحوية في أماليه عما أُورِد على كافيته: دراسةٌ نحويةٌ ومنهجيةٌ	د. عبد الله بن عبد العزيز الوقيت	مجلة العلوم العربية والإنسانية - جامعة القصيم (السعودية)	references	دراسات لغوية	مجلة العلوم العربية والإنسانية - جامعة القصيم (السعودية)/10/1/2 جوابات& ابن الحاجب النحوية في أماليه ... أُورِد على كافيته$ دراسةٌ نحويةٌ ومنهجيةٌ.pdf
d17f6ce703459e62	حجاجية المناظرات الأدبية (المناظرة بين السيف والقلم)، لابن نباتة المصري أنموذجاً): مقاربةٌ أسلوبيةٌ	أ. د. عبد الرحمن بن أحمد السبت	مجلة العلوم العربية والإنسانية - جامعة القصيم (السعودية)	references	دراسات لغوية	مجلة العلوم العربية والإنسانية - جامعة القصيم (السعودية)/11/2/3 حجاجية المناظرات الأدبية (المناظرة بين السيف ... لابن نباتة المصري أنموذجاً)$ مقاربةٌ أسلوبيةٌ.pdf
8ef2c0cab0803948	حديث: (بُعثت بجوامع الكلم): دلالاته، وأسراره البلاغية	أ. د. عبد العزيز بن صالح العمار	مجلة العلوم العربية والإنسانية - جامعة القصيم (السعودية)	references	دراسات لغوية	مجلة العلوم العربية والإنسانية - جامعة القصيم (السعودية)/4/1/3 حديث$ (بُعثت بجوامع الكلم)$ دلالاته، وأسراره البلاغية.pdf
bbce20e129f2ed9b	حذف الآخر في القرآن الكريم لغير مقتضٍ نحويٍ أو تصريفيٍ	د. عبد العزيز بن أحمد المنيع	مجلة العلوم العربية والإنسانية - جامعة القصيم (السعودية)	references	نحو	مجلة العلوم العربية والإنسانية - جامعة القصيم (السعودية)/14/2/2 حذف الآخر في القرآن الكريم لغير مقتضٍ نحويٍ أو تصريفيٍ.pdf
b6e50c9410ec55bc	سؤالات/ أبي العباس المبرد النحوية والتصريفية لشيخه/ أبي عثمان المازني: جمعاً ودراسةً	أ. د. عبد الله بن محمد النغيمشي	مجلة العلوم العربية والإنسانية - جامعة القصيم (السعودية)	references	دراسات لغوية	مجلة العلوم العربية والإنسانية - جامعة القصيم (السعودية)/5/2/1 سؤالات& أبي العباس المبرد النحوية والتصريفية لشيخه& أبي عثمان المازني$ جمعاً ودراسةً.pdf
95f2d8d406d459cf	شعرية الانحراف الأسلوبي واتساع دوائر الدلالة في ديوان: (التباس)، لحسنٍ الزهراني	د. أسماء بنت عبد الله الزهراني	مجلة العلوم العربية والإنسانية - جامعة القصيم (السعودية)	diwans	ديوان شعري | شعر وأدب	مجلة العلوم العربية والإنسانية - جامعة القصيم (السعودية)/17/3/2 شعرية الانحراف الأسلوبي واتساع دوائر الدلالة في ديوان$ (التباس)، لحسنٍ الزهراني.pdf
759c04b44f243851	ظواهر التماسك النصي في قصيدة: (لا تطرق الباب)، للشاعر العراقي/ عبد الرزاق عبد الواحد: مقاربةٌ لسانيةٌ	د. ابتسام بنت زيدان التميمي	مجلة العلوم العربية والإنسانية - جامعة القصيم (السعودية)	references	دراسات لغوية	مجلة العلوم العربية والإنسانية - جامعة القصيم (السعودية)/13/1/5 ظواهر التماسك النصي في قصيدة$ (لا ... عبد الرزاق عبد الواحد$ مقاربةٌ لسانيةٌ.pdf
8da8d17286883704	علامات الجمع في اللغة العربية	د. زكريا بن سليمان التميمي	مجلة العلوم العربية والإنسانية - جامعة القصيم (السعودية)	references	دراسات لغوية	مجلة العلوم العربية والإنسانية - جامعة القصيم (السعودية)/12/1/3 علامات الجمع في اللغة العربية.pdf
7e0ddc75666c143b	علم اللغة الجغرافي: بين حداثة المصطلح وأصوله لدى العرب	د. عبد العزيز بن حميد الحميد	مجلة العلوم العربية والإنسانية - جامعة القصيم (السعودية)	references	دراسات لغوية	مجلة العلوم العربية والإنسانية - جامعة القصيم (السعودية)/6/2/4 علم اللغة الجغرافي$ بين حداثة المصطلح وأصوله لدى العرب.pdf
2b7dd8e36cc5c3d5	قراءةٌ عروضيةٌ لآراء/ د. شعبان صلاح في كتابه: (موسيقى الشعر): عرضٌ ومناقشةٌ	د. بدر بن محمد الراشد	مجلة العلوم العربية والإنسانية - جامعة القصيم (السعودية)	references	شعر وأدب	مجلة العلوم العربية والإنسانية - جامعة القصيم (السعودية)/13/1/4 قراءةٌ عروضيةٌ لآراء& د. شعبان صلاح في كتابه$ (موسيقى الشعر)$ عرضٌ ومناقشةٌ.pdf
7676cf6c23e1b2f4	قلق الكتابة وتمرد الشخصيات في الرواية السعودية: ما وراء القص في المباني الحكائية	د. منصور بن محمد البلوي	مجلة العلوم العربية والإنسانية - جامعة القصيم (السعودية)	references	دراسات لغوية	مجلة العلوم العربية والإنسانية - جامعة القصيم (السعودية)/15/2/4 قلق الكتابة وتمرد الشخصيات في الرواية ... ما وراء القص في المباني الحكائية.pdf
153c60c646532ece	كتاب: (ذا القِد) في النحو، لأبي الفتح بن جنيٍ: دراسة وجمع ما تبقى منه	د. صالح بن مرشود الصاعدي	مجلة العلوم العربية والإنسانية - جامعة القصيم (السعودية)	references	نحو	مجلة العلوم العربية والإنسانية - جامعة القصيم (السعودية)/15/3/1 كتاب$ (ذا القِد) في النحو، لأبي ... جنيٍ$ دراسة وجمع ما تبقى منه.pdf
cd217ec84552f2c2	مسائل الخلاف في الإملاء	د. سليمان بن علي الضحيان	مجلة العلوم العربية والإنسانية - جامعة القصيم (السعودية)	references	دراسات لغوية	مجلة العلوم العربية والإنسانية - جامعة القصيم (السعودية)/5/2/6 مسائل الخلاف في الإملاء.pdf
e09aa14f4f0f14d3	مسائل كتاب: (ملجئة المتفقهين إلى معرفة غوامض النحويين واللغويين)، لأبي بكر بن العربي اللغوية والتصريفية: جمعاً ودراسةً	أ. د. فريد بن عبد العزيز السليم	مجلة العلوم العربية والإنسانية - جامعة القصيم (السعودية)	references	دراسات لغوية	مجلة العلوم العربية والإنسانية - جامعة القصيم (السعودية)/10/3/1 مسائل كتاب$ (ملجئة المتفقهين إلى معرفة ... بن العربي اللغوية والتصريفية$ جمعاً ودراسةً.pdf
c1477dd6f548ac39	مظاهر التجديد وعوامل التجديد في الشعر السعودي المعاصر (نص: (أغمضتُ عليكِ المصباح)، لجاسمٍ الصحيح نموذجاً): دراسةٌ تحليليةٌ	د. فهد بن صالح الملحم	مجلة العلوم العربية والإنسانية - جامعة القصيم (السعودية)	references	شعر وأدب	مجلة العلوم العربية والإنسانية - جامعة القصيم (السعودية)/13/3/4 مظاهر التجديد وعوامل التجديد في الشعر ... المصباح)، لجاسمٍ الصحيح نموذجاً)$ دراسةٌ تحليليةٌ.pdf
8875687f84aaaa1b	مظاهر من الإبدال الصوتي في لهجة منطقتَي/ السَدَة والنادِرَة بمحافظة/ إب في/ اليمن	د. منير بن عبد الله أحمد	مجلة العلوم العربية والإنسانية - جامعة القصيم (السعودية)	references	دراسات لغوية	مجلة العلوم العربية والإنسانية - جامعة القصيم (السعودية)/17/4/1 مظاهر من الإبدال الصوتي في لهجة ... السَدَة والنادِرَة بمحافظة& إب في& اليمن.pdf
3797258799215c30	مفهوم الشعر عند المفسرين: حضور المفهوم، وبيان محدداته	د. خالد بن عايش الحافي	مجلة العلوم العربية والإنسانية - جامعة القصيم (السعودية)	references	شعر وأدب	مجلة العلوم العربية والإنسانية - جامعة القصيم (السعودية)/18/4/6 مفهوم الشعر عند المفسرين$ حضور المفهوم، وبيان محدداته.pdf
b649f0acc4c44f17	مفهوم العماد بين اللسانيات والنحو العربي: دراسةٌ لسانيةٌ	د. إبراهيم بن سليمان اللاحم	مجلة العلوم العربية والإنسانية - جامعة القصيم (السعودية)	references	دراسات لغوية	مجلة العلوم العربية والإنسانية - جامعة القصيم (السعودية)/18/1/1 مفهوم العماد بين اللسانيات والنحو العربي$ دراسةٌ لسانيةٌ.pdf
b3bc409d411c0e88	مقدمةٌ مختصرةٌ جداً في صناعة النحو والعربية، ت: محمد بن إبراهيم بن جماعة	د. محمد بن سليمان الخزيم	مجلة العلوم العربية والإنسانية - جامعة القصيم (السعودية)	references	نحو	مجلة العلوم العربية والإنسانية - جامعة القصيم (السعودية)/13/2/1 مقدمةٌ مختصرةٌ جداً في صناعة النحو ... ت$ محمد بن إبراهيم بن جماعة.pdf
51d687e66fa74839	ملامح السرد في سرديات العزلة: قراءةٌ في يوميات: (قيس يمكن)، لحسن النعمي	د. تهاني بنت قليل الجهني	مجلة العلوم العربية والإنسانية - جامعة القصيم (السعودية)	references	دراسات لغوية	مجلة العلوم العربية والإنسانية - جامعة القصيم (السعودية)/16/1/6 ملامح السرد في سرديات العزلة$ قراءةٌ في يوميات$ (قيس يمكن)، لحسن النعمي.pdf
27a27dc4880acd4c	من الآثار اللغوية لمراعاة الجوار في العربية	د. عبد الناصر بن محمود عيسى	مجلة العلوم العربية والإنسانية - جامعة القصيم (السعودية)	references	دراسات لغوية	مجلة العلوم العربية والإنسانية - جامعة القصيم (السعودية)/4/1/2 من الآثار اللغوية لمراعاة الجوار في العربية.pdf
74427579fdc1d036	من جماليات الشعر الإسلامي المعاصر: قراءةٌ نقديةٌ في نصٍ شعريٍ	أ. د. إبراهيم بن منصور التركي	مجلة العلوم العربية والإنسانية - جامعة القصيم (السعودية)	references	شعر وأدب	مجلة العلوم العربية والإنسانية - جامعة القصيم (السعودية)/2/1/3 من جماليات الشعر الإسلامي المعاصر$ قراءةٌ نقديةٌ في نصٍ شعريٍ.pdf
452f0cfb7a2b0e80	من جماليات المفارقة في قصيدة: (حديقة الغروب)، لغازي القصيبي: دراسةٌ بلاغيةٌ نقديةٌ	د. حصة بنت سعود الهزاني	مجلة العلوم العربية والإنسانية - جامعة القصيم (السعودية)	references	دراسات لغوية	مجلة العلوم العربية والإنسانية - جامعة القصيم (السعودية)/15/1/2 من جماليات المفارقة في قصيدة$ (حديقة الغروب)، لغازي القصيبي$ دراسةٌ بلاغيةٌ نقديةٌ.pdf
550a83bd7c7e4859	من مظاهر اللهجات اليمنية القديمة في اللهجة القصيمية المعاصرة: دراسةٌ دلاليةٌ لألفاظ مختلفةٌ تبدأ بحرفَي الباء والراء وحروفٍ أخرى بينهما	د. خالد بن محمد الجمعة	مجلة العلوم العربية والإنسانية - جامعة القصيم (السعودية)	references	دراسات لغوية	مجلة العلوم العربية والإنسانية - جامعة القصيم (السعودية)/9/2/2 من مظاهر اللهجات اليمنية القديمة في ... بحرفَي الباء والراء وحروفٍ أخرى بينهما.pdf
7f19a289410658ca	من مظاهر اللهجات اليمنية القديمة في اللهجة القصيمية المعاصرة: دراسةٌ في المستوى الدلالي من خلال موادٍ لغويةٍ مختلفةٍ تبدأ بحرفَي الشين والنون وحروفٍ أخرى بينهما	د. خالد بن محمد الجمعة	مجلة العلوم العربية والإنسانية - جامعة القصيم (السعودية)	references	دراسات لغوية	مجلة العلوم العربية والإنسانية - جامعة القصيم (السعودية)/10/2/5 من مظاهر اللهجات اليمنية القديمة في ... بحرفَي الشين والنون وحروفٍ أخرى بينهما.pdf
99e7aba30a985d0c	من مظاهر لهجة/ طيئٍ في اللهجة القصيمية المعاصرة	د. خالد بن محمد الجمعة	مجلة العلوم العربية والإنسانية - جامعة القصيم (السعودية)	references	دراسات لغوية	مجلة العلوم العربية والإنسانية - جامعة القصيم (السعودية)/6/2/6 من مظاهر لهجة& طيئٍ في اللهجة القصيمية المعاصرة.pdf
d34833eb191bf433	منهاج تعليم اللغة العربية للناطقين بغيرها في ضوء النظرية الخليلية	د. سهام موساوي	مجلة العلوم العربية والإنسانية - جامعة القصيم (السعودية)	references	دراسات لغوية	مجلة العلوم العربية والإنسانية - جامعة القصيم (السعودية)/9/1/4 منهاج تعليم اللغة العربية للناطقين بغيرها في ضوء النظرية الخليلية.pdf
deb31d0c6f6fed78	نظرية التقدير عند النحاة العرب والمسلمين وأثرها في نحاة الغرب المعاصرين تشومسكي مجدد النحو العربي	أ. د. جاسم بن علي جاسم، أ. د. زيدان بن علي جاسم	مجلة العلوم العربية والإنسانية - جامعة القصيم (السعودية)	references	نحو	مجلة العلوم العربية والإنسانية - جامعة القصيم (السعودية)/3/1/1 نظرية التقدير عند النحاة العرب والمسلمين ... الغرب المعاصرين تشومسكي مجدد النحو العربي.pdf
2cef6aa4a5ed8402	والآخر الصدى ... المتنبي في الذائقة الشعرية السعودية	د. إبراهيم بن محمد البطشان	مجلة العلوم العربية والإنسانية - جامعة القصيم (السعودية)	references	شعر وأدب	مجلة العلوم العربية والإنسانية - جامعة القصيم (السعودية)/7/4/1 والآخر الصدى ... المتنبي في الذائقة الشعرية السعودية.pdf
fbbb88ece5172ea0	المظاهر الأسلوبية في سورة: (الإخلاص) عند المفسرين	أ. د. إيمان بنت عبد الله العمودي	مجلة تبيان للدراسات القرآنية (السعودية)	references	دراسات لغوية	مجلة تبيان للدراسات القرآنية (السعودية)/35/5 المظاهر الأسلوبية في سورة$ (الإخلاص) عند المفسرين.pdf
f5e9b679b484fcd4	أهمية القراءات القرآنية في المعاجم (تهذيب اللغة للأزهري أنموذجاً)	ابن عبد الله واسيني	مجلة تبيان للدراسات القرآنية (السعودية)	dictionaries	معجم لغوي	مجلة تبيان للدراسات القرآنية (السعودية)/9/2 أهمية القراءات القرآنية في المعاجم (تهذيب اللغة للأزهري أنموذجاً).pdf
3c8bae373fc0c9bf	توكيد الضمير في العربية: دراسةٌ نحويةٌ قرآنيةٌ	د. عبد الله بن عبد القادر الطويل	مجلة تبيان للدراسات القرآنية (السعودية)	references	دراسات لغوية	مجلة تبيان للدراسات القرآنية (السعودية)/29/5 توكيد الضمير في العربية$ دراسةٌ نحويةٌ قرآنيةٌ.pdf
777b3b850dd3afc2	مقامات مادة الذوق في القرآن الكريم، وأسرارها البلاغية	أ. د. عبد العزيز بن صالح العمار	مجلة تبيان للدراسات القرآنية (السعودية)	references	دراسات لغوية	مجلة تبيان للدراسات القرآنية (السعودية)/14/2 مقامات مادة الذوق في القرآن الكريم، وأسرارها البلاغية.pdf
a0107a1dc953ddd5	استخراج القواعد البلاغية من القراءات القرآنية: دراسةٌ تطبيقيةٌ	د. طلال بن أحمد علي	مجلة تدبر (السعودية)	references	دراسات لغوية	مجلة تدبر (السعودية)/5/9/1 استخراج القواعد البلاغية من القراءات القرآنية$ دراسةٌ تطبيقيةٌ.pdf
3c1efee75aebb2ff	الجوانب البلاغية في سورة الفاتحة: دراسةٌ تحليليةٌ	د. محمد وسيم خان	مجلة تدبر (السعودية)	references	دراسات لغوية	مجلة تدبر (السعودية)/5/10/3 الجوانب البلاغية في سورة الفاتحة$ دراسةٌ تحليليةٌ.pdf
5b832a434bda351e	الشواهد الشعرية على غريب القرآن من معلقة عمرو بن كلثوم التغلبي	أ. د. صالح بن ثنيان الثنيان	مجلة تعظيم الوحيين (السعودية)	references	شعر وأدب	مجلة تعظيم الوحيين (السعودية)/7/1 الشواهد الشعرية على غريب القرآن من معلقة عمرو بن كلثوم التغلبي.pdf
236beb2ac78c77bd	الشواهد الشعرية في توجيه القراءات الأصولية المتواترة من خلال كتب توجيه القراءات: جمعاً ودراسةً	الطاهر محمد مارنونا	مجلة تعظيم الوحيين (السعودية)	references	شعر وأدب	مجلة تعظيم الوحيين (السعودية)/13/7 الشواهد الشعرية في توجيه القراءات الأصولية ... خلال كتب توجيه القراءات$ جمعاً ودراسةً.pdf
309c6b786890d618	الفروق الدلالية بين (كل) و(جميع) في اللغة العربية والقرآن الكريم: دراسةٌ لغويةٌ قرآنيةٌ	أ. د. نبيل بن محمد الجوهري	مجلة تعظيم الوحيين (السعودية)	references	دراسات لغوية	مجلة تعظيم الوحيين (السعودية)/2/1 الفروق الدلالية بين (كل) و(جميع) في ... العربية والقرآن الكريم$ دراسةٌ لغويةٌ قرآنيةٌ.pdf
79d0dd5bb64aa6a0	تقويم مناهج تعليم اللغة العربية في الغرب (منهج تعليم اللغة العربية من خلال القرآن (لألان جونز) نموذجاً)	د. عبد الرحمن أبو المجد صالح	مجلة تعظيم الوحيين (السعودية)	references	دراسات لغوية	مجلة تعظيم الوحيين (السعودية)/9/4 تقويم مناهج تعليم اللغة العربية في ... من خلال القرآن (لألان جونز) نموذجاً).pdf
bece154345fe6a5e	نقد مقالة المستشرق الألماني: كارل بروكلمان في (القراءات)، في كتابه: (تاريخ الأدب العربي)	أ. د. خلف بن حمود الشغدلي	مجلة تعظيم الوحيين (السعودية)	references	دراسات لغوية	مجلة تعظيم الوحيين (السعودية)/3/1 نقد مقالة المستشرق الألماني$ كارل بروكلمان ... (القراءات)، في كتابه$ (تاريخ الأدب العربي).pdf
1991968a46a34755	العلاقات الدلالية وأثرها في الانسجام النصي: دراسةٌ تطبيقيةٌ في ديوان: (عاشقة الزمن الوردي)، لمحمد الثبيتي	د. عبد الرحمن بن أحمد المقري	مجلة جامعة الإمام عبد الرحمن بن فيصل للعلوم الإنسانية والتربوية (السعودية)	diwans	ديوان شعري | شعر وأدب	مجلة جامعة الإمام عبد الرحمن بن فيصل للعلوم الإنسانية والتربوية (السعودية)/3/1/6 العلاقات الدلالية وأثرها في الانسجام النصي$ ... ديوان$ (عاشقة الزمن الوردي)، لمحمد الثبيتي.pdf
52388c99a144d457	صورة الحجاج في الشعر الوطني السعودي: دراسةٌ في الأدوات والتأثير	د. نوير بنت عبد الله العنزي	مجلة جامعة الإمام عبد الرحمن بن فيصل للعلوم الإنسانية والتربوية (السعودية)	references	شعر وأدب	مجلة جامعة الإمام عبد الرحمن بن فيصل للعلوم الإنسانية والتربوية (السعودية)/3/3/2 صورة الحجاج في الشعر الوطني السعودي$ دراسةٌ في الأدوات والتأثير.pdf
555a89ab8728b787	أثر الاختلاف اللهجي وتعدد القراءات القرآنية واختلاف المعاني في تعدد الصيغ الصرفية	د. سهير سيد خليل يوسف	مجلة جامعة الباحة للعلوم الإنسانية (السعودية)	references	دراسات لغوية	مجلة جامعة الباحة للعلوم الإنسانية (السعودية)/5/19/7 أثر الاختلاف اللهجي وتعدد القراءات القرآنية واختلاف المعاني في تعدد الصيغ الصرفية.pdf
73db79dd84cf463e	أسماء العسل في العربية: دراسةٌ في ضوء نظرية الحقول الدلالية	أ. د. مكين بن حوفان القرني	مجلة جامعة الباحة للعلوم الإنسانية (السعودية)	references	دراسات لغوية	مجلة جامعة الباحة للعلوم الإنسانية (السعودية)/3/9/1 أسماء العسل في العربية$ دراسةٌ في ضوء نظرية الحقول الدلالية.pdf
c18bfc9cb855a690	التشكيل السياقي ودلالاته في النص الشعري (قصيدة: (ركعة في محراب أمي)، للشاعر/ صالح الزهراني أنموذجاً)	د. ساري بن محمد الزهراني	مجلة جامعة الباحة للعلوم الإنسانية (السعودية)	references	دراسات لغوية	مجلة جامعة الباحة للعلوم الإنسانية (السعودية)/9/36/1 التشكيل السياقي ودلالاته في النص الشعري ... محراب أمي)، للشاعر& صالح الزهراني أنموذجاً).pdf
51c3f28b95efa653	الخطاب السردي في ديوان/ الحمى، لغازي القصيبي	د. مثيبة بنت ماطر الهذلي	مجلة جامعة الباحة للعلوم الإنسانية (السعودية)	diwans	ديوان شعري | شعر وأدب	مجلة جامعة الباحة للعلوم الإنسانية (السعودية)/7/25/10 الخطاب السردي في ديوان& الحمى، لغازي القصيبي.pdf
705a42dd24ada340	الذات في مواجهة الزمن في القصيدة العربية القديمة: دراسةٌ تحليليةٌ تأويليةٌ في قصيدة الأعشى في مدح قيسٍ الكندي	د. تهاني بنت قليل الجهني	مجلة جامعة الباحة للعلوم الإنسانية (السعودية)	references	دراسات لغوية	مجلة جامعة الباحة للعلوم الإنسانية (السعودية)/7/27/7 الذات في مواجهة الزمن في القصيدة ... قصيدة الأعشى في مدح قيسٍ الكندي.pdf
a420cc4591db80e8	الشاهد البلاغي عند ابن المعتز في كتابه: (البديع): دراسةٌ في المنهج	د. حمد بن عبد الله العوفي	مجلة جامعة الباحة للعلوم الإنسانية (السعودية)	references	بلاغة	مجلة جامعة الباحة للعلوم الإنسانية (السعودية)/8/31/8 الشاهد البلاغي عند ابن المعتز في كتابه$ (البديع)$ دراسةٌ في المنهج.pdf
4b2bec199fda69dd	الشعر الصوفي العربي في دراسات المستشرقين (رينولد نيكلسون أنموذجاً)	د. أحمد بن صالح الغامدي	مجلة جامعة الباحة للعلوم الإنسانية (السعودية)	references	شعر وأدب	مجلة جامعة الباحة للعلوم الإنسانية (السعودية)/7/26/11 الشعر الصوفي العربي في دراسات المستشرقين (رينولد نيكلسون أنموذجاً).pdf
d2b0192774b1a30d	الشعر العربي من العروض الخليلية إلى العرضة الجنوبية: دراسةٌ تتبعيةٌ للانحرافات الدلالية والصوتية	د. محمد بن عبد الله الغامدي	مجلة جامعة الباحة للعلوم الإنسانية (السعودية)	references	شعر وأدب	مجلة جامعة الباحة للعلوم الإنسانية (السعودية)/3/12/5 الشعر العربي من العروض الخليلية إلى ... الجنوبية$ دراسةٌ تتبعيةٌ للانحرافات الدلالية والصوتية.pdf
f93f373d8e52d947	الصبغة التداولية للصيغة الصرفية في لغتنا العربية	أ. د. خالد بن زويد السلمي	مجلة جامعة الباحة للعلوم الإنسانية (السعودية)	references	دراسات لغوية	مجلة جامعة الباحة للعلوم الإنسانية (السعودية)/9/35/4 الصبغة التداولية للصيغة الصرفية في لغتنا العربية.pdf
a6a749432f150a7d	الصدام الداخلي في صورة الآخر في الشعر العربي القديم (تأبط شراً والبحتري أنموذجاً)	د. سعيد بن عبد الله القرني	مجلة جامعة الباحة للعلوم الإنسانية (السعودية)	references	شعر وأدب	مجلة جامعة الباحة للعلوم الإنسانية (السعودية)/5/18/5 الصدام الداخلي في صورة الآخر في ... العربي القديم (تأبط شراً والبحتري أنموذجاً).pdf
b84e8f995a043c2d	الظواهر التركيبية والدلالية التي استنبطها ابن صالحٍ التيمي من تحليل الشواهد الشعرية في كتابه: (تحفة المعرب وطرفة المغرب)	أ. د. مليحة بنت محمد القحطاني	مجلة جامعة الباحة للعلوم الإنسانية (السعودية)	references	شعر وأدب	مجلة جامعة الباحة للعلوم الإنسانية (السعودية)/7/29/7 الظواهر التركيبية والدلالية التي استنبطها ابن ... في كتابه$ (تحفة المعرب وطرفة المغرب).pdf
685f9449c126d048	القناع في الشعر السعودي: دراسةٌ تحليليةٌ نصيةٌ لنماذج مختارةٍ	د. حمدان بن محسن الحارثي	مجلة جامعة الباحة للعلوم الإنسانية (السعودية)	references	شعر وأدب	مجلة جامعة الباحة للعلوم الإنسانية (السعودية)/7/28/9 القناع في الشعر السعودي$ دراسةٌ تحليليةٌ نصيةٌ لنماذج مختارةٍ.pdf
40547cf6e3bd35b3	اللغة العربية: بين المنطوقة والمكتوبة	أ. د. يحيى بن عبد الله الشريف	مجلة جامعة الباحة للعلوم الإنسانية (السعودية)	references	دراسات لغوية	مجلة جامعة الباحة للعلوم الإنسانية (السعودية)/1/1/6 اللغة العربية$ بين المنطوقة والمكتوبة.pdf
ab0658fde8446d53	اللغة في الاستعمال الواقعي ومادة المعجم: دراسةٌ في منهج المعجميين العرب في جمع المادة اللغوية	د. عبد الله بن حسن الذنيبات، د. زياد بن محمد أبو سمور، د. نضال بن محمود الفراية	مجلة جامعة الباحة للعلوم الإنسانية (السعودية)	dictionaries	معجم لغوي	مجلة جامعة الباحة للعلوم الإنسانية (السعودية)/1/2/2 اللغة في الاستعمال الواقعي ومادة المعجم$ ... المعجميين العرب في جمع المادة اللغوية.pdf
47e2a77d980bb7f0	المأثور من كتاب: (التعاقب في العربية)، لابن جنيٍ: جمعاً ودراسةً	د. نواف بن أحمد حكمي	مجلة جامعة الباحة للعلوم الإنسانية (السعودية)	references	دراسات لغوية	مجلة جامعة الباحة للعلوم الإنسانية (السعودية)/10/38/3 المأثور من كتاب$ (التعاقب في العربية)، لابن جنيٍ$ جمعاً ودراسةً.pdf
561a62af115ad4ac	النزعة الدينية في شعر عبد الله آل جازان (ديوان/ ذكرى أنموذجاً): دراسةٌ وصفيةٌ تحليليةٌ	أ. د. فلاح بن مرشد العتيبي	مجلة جامعة الباحة للعلوم الإنسانية (السعودية)	diwans	ديوان شعري | شعر وأدب	مجلة جامعة الباحة للعلوم الإنسانية (السعودية)/5/19/2 النزعة الدينية في شعر عبد الله ... (ديوان& ذكرى أنموذجاً)$ دراسةٌ وصفيةٌ تحليليةٌ.pdf
2aee17791abf11b7	تجاهل النحاة لبعض لهجات القبائل العربية وأثره في بناء القواعد النحوية	د. سهير سيد خليل يوسف	مجلة جامعة الباحة للعلوم الإنسانية (السعودية)	references	دراسات لغوية	مجلة جامعة الباحة للعلوم الإنسانية (السعودية)/1/4/3 تجاهل النحاة لبعض لهجات القبائل العربية وأثره في بناء القواعد النحوية.pdf
5360121a0ab5edfc	تجربة الدلالة الأصلية لـ (كان) وأخواتها في تراث النحو العربي	د. محمد بن علي محمد العمري	مجلة جامعة الباحة للعلوم الإنسانية (السعودية)	references	نحو	مجلة جامعة الباحة للعلوم الإنسانية (السعودية)/3/9/7 تجربة الدلالة الأصلية لـ (كان) وأخواتها في تراث النحو العربي.pdf
4a76658778a0e42e	تشكلات البديع عند/ عبد القاهر الجرجاني	أ. د. سعاد بنت فريح الثقفي	مجلة جامعة الباحة للعلوم الإنسانية (السعودية)	references	بلاغة	مجلة جامعة الباحة للعلوم الإنسانية (السعودية)/1/2/3 تشكلات البديع عند& عبد القاهر الجرجاني.pdf
03f9356c46c1e85a	تعقيبات أبي حيان النحوية على آراء سيبويه في كتاب: (التذييل والتكميل) في شرح التسهيل: دراسةٌ وتقويمٌ	د. سعود بن علي الزهراني	مجلة جامعة الباحة للعلوم الإنسانية (السعودية)	references	دراسات لغوية	مجلة جامعة الباحة للعلوم الإنسانية (السعودية)/8/32/4 تعقيبات أبي حيان النحوية على آراء ... والتكميل) في شرح التسهيل$ دراسةٌ وتقويمٌ.pdf
b2250a567bf851c0	تمثيلات الآخر في تجربة القصيبي الشعرية	د. حمدان بن محسن الحارثي	مجلة جامعة الباحة للعلوم الإنسانية (السعودية)	references	شعر وأدب	مجلة جامعة الباحة للعلوم الإنسانية (السعودية)/2/3/5 تمثيلات الآخر في تجربة القصيبي الشعرية.pdf
44d31d79314ac1b2	جدلية الشعري والسردي (ديوان/ سحيم، لغازي القصيبي أنموذجاً)	د. حمدان بن محسن الحارثي	مجلة جامعة الباحة للعلوم الإنسانية (السعودية)	diwans	ديوان شعري | شعر وأدب	مجلة جامعة الباحة للعلوم الإنسانية (السعودية)/7/25/12 جدلية الشعري والسردي (ديوان& سحيم، لغازي القصيبي أنموذجاً).pdf
db47e8b5bb15f80e	سيميائية العنوان اللفظي في ديوان: (معركةٌ بلا رايةٍ)، لغازي القصيبي	د. إبراهيم الأغبش الأمين	مجلة جامعة الباحة للعلوم الإنسانية (السعودية)	diwans	ديوان شعري | شعر وأدب	مجلة جامعة الباحة للعلوم الإنسانية (السعودية)/10/37/5 سيميائية العنوان اللفظي في ديوان$ (معركةٌ بلا رايةٍ)، لغازي القصيبي.pdf
b1fc67bda5b224eb	علامات الأسماء في النحو العربي: دراسةٌ في الجانب التركيبي	د. فاطمة بنت حسن عبد الرحيم	مجلة جامعة الباحة للعلوم الإنسانية (السعودية)	references	نحو	مجلة جامعة الباحة للعلوم الإنسانية (السعودية)/1/4/4 علامات الأسماء في النحو العربي$ دراسةٌ في الجانب التركيبي.pdf
b3506f85f840c142	علل تجديد النحو وتيسيره عند/ شوقي ضيف: مقاربةٌ نقديةٌ لظاهرة الحذف	أ. د. عبيد بن أحمد المالكي	مجلة جامعة الباحة للعلوم الإنسانية (السعودية)	references	نحو	مجلة جامعة الباحة للعلوم الإنسانية (السعودية)/4/16/5 علل تجديد النحو وتيسيره عند& شوقي ضيف$ مقاربةٌ نقديةٌ لظاهرة الحذف.pdf
d34791f7830a78b3	ما رده الزجاج إلى كلام العرب من -المسائل النحوية- في كتابه: (معاني القرآن وإعرابه)	د. عبد الرحمن بن عثمان اليتيمي	مجلة جامعة الباحة للعلوم الإنسانية (السعودية)	references	دراسات لغوية	مجلة جامعة الباحة للعلوم الإنسانية (السعودية)/7/28/11 ما رده الزجاج إلى كلام العرب ... النحوية- في كتابه$ (معاني القرآن وإعرابه).pdf
c70ee0f068fe1f85	نصية الخطاب الشعري في قصيدة أبي تمامٍ: فحواك عينٌ على نجواك يا مذل/حتام لا يقتضى قولك الخطل	أ. د. وفاء بنت مياح العنزي	مجلة جامعة الباحة للعلوم الإنسانية (السعودية)	references	دراسات لغوية	مجلة جامعة الباحة للعلوم الإنسانية (السعودية)/5/19/1 نصية الخطاب الشعري في قصيدة أبي ... يا مذل&حتام لا يقتضى قولك الخطل.pdf
01dd300e297cad7d	أثر الجهل بالأساليب البلاغية المرتبطة بأصول الفقه في التكفير أو التبديع أو التفسيق	أ. د. ياسر بن عجيل النشمي	مجلة جامعة الشارقة للعلوم الشرعية والدراسات الإسلامية (الإمارات)	references	دراسات لغوية	مجلة جامعة الشارقة للعلوم الشرعية والدراسات الإسلامية (الإمارات)/17/2/10 أثر الجهل بالأساليب البلاغية المرتبطة بأصول ... في التكفير أو التبديع أو التفسيق.pdf
2bef33fae8e39a48	الفوائد الحديثية في تعقيبات الطبراني على أحاديثه في: (المعجم الصغير)	د. خلود بنت محمد الحسبان	مجلة جامعة الشارقة للعلوم الشرعية والدراسات الإسلامية (الإمارات)	dictionaries	معجم لغوي	مجلة جامعة الشارقة للعلوم الشرعية والدراسات الإسلامية (الإمارات)/19/3/5 الفوائد الحديثية في تعقيبات الطبراني على أحاديثه في$ (المعجم الصغير).pdf
238ee280dabfed31	تطبيقات الدلالة اللغوية في القرآن (سورة: (الزلزلة) نموذجاً)	د. إلهام مبروك، أ. د. نايل بن ممدوح أبو زيد	مجلة جامعة الشارقة للعلوم الشرعية والدراسات الإسلامية (الإمارات)	references	دراسات لغوية	مجلة جامعة الشارقة للعلوم الشرعية والدراسات الإسلامية (الإمارات)/20/4/11 تطبيقات الدلالة اللغوية في القرآن (سورة$ (الزلزلة) نموذجاً).pdf
21dda32ed74dff0d	ظاهرة العدول عن الأصل بين صيغ المشتقات الصرفية وأثرها في معاني الألفاظ القرآنية: دراسةٌ في كتاب: (مجاز القرآن)، لأبي عبيدة معمر بن المثنى	د. فادي بن محمود الرياحنة	مجلة جامعة الشارقة للعلوم الشرعية والدراسات الإسلامية (الإمارات)	references	دراسات لغوية	مجلة جامعة الشارقة للعلوم الشرعية والدراسات الإسلامية (الإمارات)/19/2/8 ظاهرة العدول عن الأصل بين صيغ ... القرآن)، لأبي عبيدة معمر بن المثنى.pdf
c397e602f7160b62	مستجدات في الطهارة: التنظيف الجاف - تكرير مياه الصرف الصحي	د. محمد بن حسين الأحمد، أ. د. إسماعيل بن كاظم العيساوي	مجلة جامعة الشارقة للعلوم الشرعية والدراسات الإسلامية (الإمارات)	references	صرف	مجلة جامعة الشارقة للعلوم الشرعية والدراسات الإسلامية (الإمارات)/18/1/3 مستجدات في الطهارة$ التنظيف الجاف - تكرير مياه الصرف الصحي.pdf
8dd47dbcc349edc5	مصطلح: (التكريم) في القرآن الكريم من خلال منهج الدراسة المصطلحية: بين الدراسة المعجمية والدراسة النصية	عادل عادل الوادي، أ. د. محمد بن أحمد الينبعي	مجلة جامعة الشارقة للعلوم الشرعية والدراسات الإسلامية (الإمارات)	dictionaries	معجم لغوي	مجلة جامعة الشارقة للعلوم الشرعية والدراسات الإسلامية (الإمارات)/21/2/4 مصطلح$ (التكريم) في القرآن الكريم من ... المصطلحية$ بين الدراسة المعجمية والدراسة النصية.pdf
6884ff0fcd4c1b91	مفهوم: (الإذن) في القرآن الكريم من خلال منهج الدراسة المصطلحية: بين الدراسة المعجمية والدراسة النصية	أ. د. محمد بن أحمد الينبعي	مجلة جامعة الشارقة للعلوم الشرعية والدراسات الإسلامية (الإمارات)	dictionaries	معجم لغوي	مجلة جامعة الشارقة للعلوم الشرعية والدراسات الإسلامية (الإمارات)/21/2/15 مفهوم$ (الإذن) في القرآن الكريم من ... المصطلحية$ بين الدراسة المعجمية والدراسة النصية.pdf
4398a0343a1ce254	مفهوم العزة في القرآن الكريم من خلال منهج الدراسة المصطلحية: بين الدراسة المعجمية والدراسة النصية	عادل عادل الوادي، كريمة الصلعي، د. امحمد الينبعي	مجلة جامعة الشارقة للعلوم الشرعية والدراسات الإسلامية (الإمارات)	dictionaries	معجم لغوي	مجلة جامعة الشارقة للعلوم الشرعية والدراسات الإسلامية (الإمارات)/21/4/15 مفهوم العزة في القرآن الكريم من ... المصطلحية$ بين الدراسة المعجمية والدراسة النصية.pdf
75250e5c401c4663	تقوية الآثار الضعيفة في التفسير بالشواهد الشعرية (من أول القرآن، حتى نهاية: سورة: (البقرة))	د. إبراهيم بن عبد الرحيم حافظ	مجلة جامعة الطائف للعلوم الشرعية والقانونية (السعودية)	references	شعر وأدب	مجلة جامعة الطائف للعلوم الشرعية والقانونية (السعودية)/3/11/8 تقوية الآثار الضعيفة في التفسير بالشواهد ... أول القرآن، حتى نهاية$ سورة$ (البقرة)).pdf
4f8bb58805f44371	أثر النحو الكوفي في الوصول إلى المعنى من خلال: (التفسير الكبير)، للفخر الرازي	د. شريف بن عبد الكريم النجار	مجلة جامعة الملك خالد للعلوم الشرعية والدراسات الإسلامية (السعودية)	references	نحو	مجلة جامعة الملك خالد للعلوم الشرعية والدراسات الإسلامية (السعودية)/6/1/1 أثر النحو الكوفي في الوصول إلى ... من خلال$ (التفسير الكبير)، للفخر الرازي.pdf
a52445692ab5c8ba	التيارات الفكرية في المناهج الأدبية الغربية (الواقعية والماركسية والسريالية)	أ. د. عبد الرحمن بن غالب عواجي	مجلة جامعة الملك خالد للعلوم الشرعية والدراسات الإسلامية (السعودية)	references	دراسات لغوية	مجلة جامعة الملك خالد للعلوم الشرعية والدراسات الإسلامية (السعودية)/19/5/4 التيارات الفكرية في المناهج الأدبية الغربية (الواقعية والماركسية والسريالية).pdf
773db9f4d8ec8869	الرقية الشرعية عبر الصوتيات المعاصرة: دراسةٌ فقهيةٌ	أ. د. سليمان بن ضيف الله اليوسف	مجلة جامعة الملك خالد للعلوم الشرعية والدراسات الإسلامية (السعودية)	references	دراسات لغوية	مجلة جامعة الملك خالد للعلوم الشرعية والدراسات الإسلامية (السعودية)/21/1/4 الرقية الشرعية عبر الصوتيات المعاصرة$ دراسةٌ فقهيةٌ.pdf
c65a7443f814de70	الشُبَه اللغوية وأثرها على النص الشرعي (النصوص المتعلقة بمسألة رؤية الله تعالى في الآخرة أنموذجاً)	د. عادل بن عبد الرحمن العليان	مجلة جامعة الملك خالد للعلوم الشرعية والدراسات الإسلامية (السعودية)	references	دراسات لغوية	مجلة جامعة الملك خالد للعلوم الشرعية والدراسات الإسلامية (السعودية)/18/2/6 الشُبَه اللغوية وأثرها على النص الشرعي ... رؤية الله تعالى في الآخرة أنموذجاً).pdf
a9e0ae6d0392ac9d	المعاجم الأصولية: حقيقتها، وأهميتها في العلم الشرعي	د. منيرة بنت علي آل مناحي	مجلة جامعة الملك خالد للعلوم الشرعية والدراسات الإسلامية (السعودية)	dictionaries	معجم لغوي	مجلة جامعة الملك خالد للعلوم الشرعية والدراسات الإسلامية (السعودية)/20/7/1 المعاجم الأصولية$ حقيقتها، وأهميتها في العلم الشرعي.pdf
4753ff5ee852063a	دراسةٌ في الآيات القرآنية المشكلة إعراباً (مما خالف ظاهره القواعد النحوية)	د. حسين بن عثمان الحكمي	مجلة جامعة الملك خالد للعلوم الشرعية والدراسات الإسلامية (السعودية)	references	دراسات لغوية	مجلة جامعة الملك خالد للعلوم الشرعية والدراسات الإسلامية (السعودية)/5/2/1 دراسةٌ في الآيات القرآنية المشكلة إعراباً (مما خالف ظاهره القواعد النحوية).pdf
6b8c8c3b67c05bf9	فكرة التحسين والتقبيح في الشعر عند حازمٍ القرطاجني: أصولها، وأبعادها	د. عايش الحسن	مجلة جامعة الملك خالد للعلوم الشرعية والدراسات الإسلامية (السعودية)	references	شعر وأدب	مجلة جامعة الملك خالد للعلوم الشرعية والدراسات الإسلامية (السعودية)/8/2/5 فكرة التحسين والتقبيح في الشعر عند حازمٍ القرطاجني$ أصولها، وأبعادها.pdf
b81f8f2182ce1e03	أثر الباعث الديني في نشأة البلاغة العربية: قراءةٌ في حقبة التكوين إلى التأليف المستقل	د. وائل بن عمر العمري	مجلة جامعة الملك عبد العزيز - الآداب والعلوم الإنسانية (السعودية)	references	دراسات لغوية	مجلة جامعة الملك عبد العزيز - الآداب والعلوم الإنسانية (السعودية)/27/1/7 أثر الباعث الديني في نشأة البلاغة ... في حقبة التكوين إلى التأليف المستقل.pdf
e9b396702561662c	أثر العدول عن قرينة الرتبة النحوية في توجيه المعنى (الخبر أنموذجاً)	د. منيرة بنت ناصر الغامدي	مجلة جامعة الملك عبد العزيز - الآداب والعلوم الإنسانية (السعودية)	references	دراسات لغوية	مجلة جامعة الملك عبد العزيز - الآداب والعلوم الإنسانية (السعودية)/29/7/1 أثر العدول عن قرينة الرتبة النحوية في توجيه المعنى (الخبر أنموذجاً).pdf
7fb8a6bc936dbb7a	أحرف الجر المؤكدة في العربية: دراسةٌ نظريةٌ تطبيقيةٌ	د. سعيد بن محمد آل موسى	مجلة جامعة الملك عبد العزيز - الآداب والعلوم الإنسانية (السعودية)	references	دراسات لغوية	مجلة جامعة الملك عبد العزيز - الآداب والعلوم الإنسانية (السعودية)/29/1/15 أحرف الجر المؤكدة في العربية$ دراسةٌ نظريةٌ تطبيقيةٌ.pdf
fa02621da03718f9	آراء/ سيبويه النحوية والصرفية في: (شرح الحماسة)، للمرزوقي، وموقفه منها	د. سعد بن عبد الله المحمود	مجلة جامعة الملك عبد العزيز - الآداب والعلوم الإنسانية (السعودية)	references	دراسات لغوية	مجلة جامعة الملك عبد العزيز - الآداب والعلوم الإنسانية (السعودية)/29/6/4 آراء& سيبويه النحوية والصرفية في$ (شرح الحماسة)، للمرزوقي، وموقفه منها.pdf
ee4062ac602d4898	الأبعاد الدرامية في ديوان: (يقف وحيداً كشجرتين)، لعامرٍ الطيب	د. أمل بنت عبد الله برزنجي	مجلة جامعة الملك عبد العزيز - الآداب والعلوم الإنسانية (السعودية)	diwans	ديوان شعري | شعر وأدب	مجلة جامعة الملك عبد العزيز - الآداب والعلوم الإنسانية (السعودية)/29/6/18 الأبعاد الدرامية في ديوان$ (يقف وحيداً كشجرتين)، لعامرٍ الطيب.pdf
5d142881d7750798	الأبنية الصرفية (يَفتَعِل) (تَفَاعَل) (مَفعَل) ودورها الدلالي في الكلمة القرآنية: دراسةٌ تحليليةٌ استقرائيةٌ	د. علي بن خليفة عطوة	مجلة جامعة الملك عبد العزيز - الآداب والعلوم الإنسانية (السعودية)	references	دراسات لغوية	مجلة جامعة الملك عبد العزيز - الآداب والعلوم الإنسانية (السعودية)/28/11/2 الأبنية الصرفية (يَفتَعِل) (تَفَاعَل) (مَفعَل) ودورها ... في الكلمة القرآنية$ دراسةٌ تحليليةٌ استقرائيةٌ.pdf
567fa81b5596ec83	الاتساق النصي وخصائص الروابط الإحالية في قصيدة: (أندلسية)، لأحمد شوقي: دراسةٌ لسانيةٌ إحصائيةٌ	أ. د. سامي الوافي	مجلة جامعة الملك عبد العزيز - الآداب والعلوم الإنسانية (السعودية)	references	دراسات لغوية	مجلة جامعة الملك عبد العزيز - الآداب والعلوم الإنسانية (السعودية)/28/11/1 الاتساق النصي وخصائص الروابط الإحالية في ... (أندلسية)، لأحمد شوقي$ دراسةٌ لسانيةٌ إحصائيةٌ.pdf
553aae9ea57bc130	الأدلة النحوية في رد الشواهد الكوفية عند/ أبي سعيدٍ السيرافي في شرحه على كتاب سيبويه: دراسةٌ أصوليةٌ	د. أحمد بن عتيق الحربي	مجلة جامعة الملك عبد العزيز - الآداب والعلوم الإنسانية (السعودية)	references	دراسات لغوية	مجلة جامعة الملك عبد العزيز - الآداب والعلوم الإنسانية (السعودية)/28/5/6 الأدلة النحوية في رد الشواهد الكوفية ... شرحه على كتاب سيبويه$ دراسةٌ أصوليةٌ.pdf
7309829c05ed5b22	الإشاريات التداولية في قصيدة: (الوطن بأبجديةٍ ثانيةٍ)، للشاعر/ جاسمٍ الصحيح	د. صالح بن سالم الحارثي	مجلة جامعة الملك عبد العزيز - الآداب والعلوم الإنسانية (السعودية)	references	دراسات لغوية	مجلة جامعة الملك عبد العزيز - الآداب والعلوم الإنسانية (السعودية)/31/3/5 الإشاريات التداولية في قصيدة$ (الوطن بأبجديةٍ ثانيةٍ)، للشاعر& جاسمٍ الصحيح.pdf
abfe8ab37dca1409	الأنا والآخر في قصيدة: (قراءةٌ في وجه لندن)، للشاعر/ غازي القصيبي: مقاربةٌ موضوعاتيةٌ	د. أشجان بنت محمد هندي	مجلة جامعة الملك عبد العزيز - الآداب والعلوم الإنسانية (السعودية)	references	دراسات لغوية	مجلة جامعة الملك عبد العزيز - الآداب والعلوم الإنسانية (السعودية)/26/3/12 الأنا والآخر في قصيدة$ (قراءةٌ في ... لندن)، للشاعر& غازي القصيبي$ مقاربةٌ موضوعاتيةٌ.pdf
5f3e55650e5a619b	البلاغة المرئية للصور الرسمية والكاريكاتوريةفي طرح قضايا الفساد	د. منيرة بنت مرعي الزهراني	مجلة جامعة الملك عبد العزيز - الآداب والعلوم الإنسانية (السعودية)	references	دراسات لغوية	مجلة جامعة الملك عبد العزيز - الآداب والعلوم الإنسانية (السعودية)/32/3/10 البلاغة المرئية للصور الرسمية والكاريكاتوريةفي طرح قضايا الفساد.pdf
e622cb2d7eca4498	التحولات الصرفية وأثرها الدلالي في شعر/ الأخطل: دراسةٌ نحويةٌ دلاليةٌ	د. حسين بن راضي العايدي	مجلة جامعة الملك عبد العزيز - الآداب والعلوم الإنسانية (السعودية)	references	دراسات لغوية	مجلة جامعة الملك عبد العزيز - الآداب والعلوم الإنسانية (السعودية)/28/12/4 التحولات الصرفية وأثرها الدلالي في شعر& الأخطل$ دراسةٌ نحويةٌ دلاليةٌ.pdf
c7c661b92c4167cf	التعريف بالاسم الموصول في سورة: (الحشر) وأسراره البلاغية	أ. د. نوال بنت سعود الفرهود	مجلة جامعة الملك عبد العزيز - الآداب والعلوم الإنسانية (السعودية)	references	دراسات لغوية	مجلة جامعة الملك عبد العزيز - الآداب والعلوم الإنسانية (السعودية)/32/4/2 التعريف بالاسم الموصول في سورة$ (الحشر) وأسراره البلاغية.pdf
5d049fa127530524	التفاعل النصي مع الشعر القديم (التشطير أنموذجاً)	د. سارة بنت عبد الملك الشريف	مجلة جامعة الملك عبد العزيز - الآداب والعلوم الإنسانية (السعودية)	references	شعر وأدب	مجلة جامعة الملك عبد العزيز - الآداب والعلوم الإنسانية (السعودية)/30/5/7 التفاعل النصي مع الشعر القديم (التشطير أنموذجاً).pdf
328965d2cc4232a4	الخطاب الإنساني في القصة القصيرة جداً (القصة القصيرة جداً في السعودية أنموذجاً)	سلطان بن عاطف العيسي	مجلة جامعة الملك عبد العزيز - الآداب والعلوم الإنسانية (السعودية)	references	دراسات لغوية	مجلة جامعة الملك عبد العزيز - الآداب والعلوم الإنسانية (السعودية)/27/6/18 الخطاب الإنساني في القصة القصيرة جداً (القصة القصيرة جداً في السعودية أنموذجاً).pdf
1851302d5eacdee8	الرجبية في الشعر القديم: المفهوم، والسياق	د. علي بن أحمد الهمامي	مجلة جامعة الملك عبد العزيز - الآداب والعلوم الإنسانية (السعودية)	references	شعر وأدب	مجلة جامعة الملك عبد العزيز - الآداب والعلوم الإنسانية (السعودية)/32/1/3 الرجبية في الشعر القديم$ المفهوم، والسياق.pdf
2315d9ef00a8b4d6	السياسة اللغوية السعودية: تحليلٌ ودراسةٌ	د. محمود بن عبد الله المحمود	مجلة جامعة الملك عبد العزيز - الآداب والعلوم الإنسانية (السعودية)	references	دراسات لغوية	مجلة جامعة الملك عبد العزيز - الآداب والعلوم الإنسانية (السعودية)/28/13/7 السياسة اللغوية السعودية$ تحليلٌ ودراسةٌ.pdf
34bb6c6db0ecd647	الشعر النسائي في كتاب: (الوحشيات)، لأبي تمامٍ: تحليلٌ ودراسةٌ	د. صفية بنت ناشي العتيبي	مجلة جامعة الملك عبد العزيز - الآداب والعلوم الإنسانية (السعودية)	references	شعر وأدب	مجلة جامعة الملك عبد العزيز - الآداب والعلوم الإنسانية (السعودية)/31/5/12 الشعر النسائي في كتاب$ (الوحشيات)، لأبي تمامٍ$ تحليلٌ ودراسةٌ.pdf
03235b0c4ba80038	الشهادة الأدبية وبناء صورة الذات (الساردات السعوديات نموذجاً)	أ. د. عبد الله بن حمود الفوزان	مجلة جامعة الملك عبد العزيز - الآداب والعلوم الإنسانية (السعودية)	references	دراسات لغوية	مجلة جامعة الملك عبد العزيز - الآداب والعلوم الإنسانية (السعودية)/28/3/8 الشهادة الأدبية وبناء صورة الذات (الساردات السعوديات نموذجاً).pdf
5fc3c92c0c5d7c4f	الضرورة الشعرية في كتاب: (التنبيه على شرح مشكلات الحماسة)، لابن جنيٍ: دراسةٌ نحويةٌ	د. إبراهيم بن غازي الحربي	مجلة جامعة الملك عبد العزيز - الآداب والعلوم الإنسانية (السعودية)	references	شعر وأدب	مجلة جامعة الملك عبد العزيز - الآداب والعلوم الإنسانية (السعودية)/28/12/1 الضرورة الشعرية في كتاب$ (التنبيه على ... مشكلات الحماسة)، لابن جنيٍ$ دراسةٌ نحويةٌ.pdf
5ca9694fc95499c7	ألفاظ المكان المعربة والدخيلة في ديوان/ الأخطل	وعد بنت صالح الجهني	مجلة جامعة الملك عبد العزيز - الآداب والعلوم الإنسانية (السعودية)	diwans	ديوان شعري | شعر وأدب	مجلة جامعة الملك عبد العزيز - الآداب والعلوم الإنسانية (السعودية)/32/3/5 ألفاظ المكان المعربة والدخيلة في ديوان& الأخطل.pdf
314c1fb1e8838960	الموازنة بين الطائفيَين: دراسةٌ نقديةٌ لكتابَي: (شخصية/وأبعاد (اللطائف الشعرية)، للقرشي والثبيتي	أ. د. أحمد بن عيسى الهلالي	مجلة جامعة الملك عبد العزيز - الآداب والعلوم الإنسانية (السعودية)	references	شعر وأدب	مجلة جامعة الملك عبد العزيز - الآداب والعلوم الإنسانية (السعودية)/28/3/6 الموازنة بين الطائفيَين$ دراسةٌ نقديةٌ لكتابَي$ (شخصية&وأبعاد (اللطائف الشعرية)، للقرشي والثبيتي.pdf
8ebc3d09707e73f3	الموازين في اللغة العربية... تكاملٌ أم تعارضٌ؟	أ. د. عبيد بن أحمد المالكي	مجلة جامعة الملك عبد العزيز - الآداب والعلوم الإنسانية (السعودية)	references	دراسات لغوية	مجلة جامعة الملك عبد العزيز - الآداب والعلوم الإنسانية (السعودية)/29/3/1 الموازين في اللغة العربية... تكاملٌ أم تعارضٌ؟.pdf
d8213a42a0efb811	النظائر المخادعة في تعليم اللغة الأجنبية وتعلمها (اللغة العربية نموذجاً)	د. صالح بن عياد الحجوري	مجلة جامعة الملك عبد العزيز - الآداب والعلوم الإنسانية (السعودية)	references	دراسات لغوية	مجلة جامعة الملك عبد العزيز - الآداب والعلوم الإنسانية (السعودية)/26/2/8 النظائر المخادعة في تعليم اللغة الأجنبية وتعلمها (اللغة العربية نموذجاً).pdf
bea6fc15aa01c0bd	أنواع معاملات الصرف في الأسواق المالية باعتبار الملكية وحق الاختيار وتضعيف القوة الشرائية وأحكامها	أ. د. منصور بن عبد الرحمن الغامدي	مجلة جامعة الملك عبد العزيز - الآداب والعلوم الإنسانية (السعودية)	references	صرف	مجلة جامعة الملك عبد العزيز - الآداب والعلوم الإنسانية (السعودية)/28/2/2 أنواع معاملات الصرف في الأسواق المالية ... وحق الاختيار وتضعيف القوة الشرائية وأحكامها.pdf
4bb3ba8148c73f0d	بنية العلامة غير اللغوية في مسرحية صالح زمانان (مسرحية: (الحفلة الأخيرة) أنموذجاً): دراسةٌ سيميائيةٌ	د. فارس بن سعود القثامي	مجلة جامعة الملك عبد العزيز - الآداب والعلوم الإنسانية (السعودية)	references	دراسات لغوية	مجلة جامعة الملك عبد العزيز - الآداب والعلوم الإنسانية (السعودية)/32/3/7 بنية العلامة غير اللغوية في مسرحية ... (مسرحية$ (الحفلة الأخيرة) أنموذجاً)$ دراسةٌ سيميائيةٌ.pdf
7a3d006c7d546eab	تأسيس برنامجٍ أكاديميٍ للطلبة الدوليين في الدراسات الأدبية المقارنة: الجدوى الثقافية والتحديات والحلول	أ. د. مصطفى محمد تقي الله بن مايابا، د. لبنى بنت محمد الشنقيطي	مجلة جامعة الملك عبد العزيز - الآداب والعلوم الإنسانية (السعودية)	references	دراسات لغوية	مجلة جامعة الملك عبد العزيز - الآداب والعلوم الإنسانية (السعودية)/32/4/1 تأسيس برنامجٍ أكاديميٍ للطلبة الدوليين في ... الأدبية المقارنة$ الجدوى الثقافية والتحديات والحلول.pdf
47138448ca295847	تباين الرؤى حول كتاب: (البديع)، لابن المعتز: دراسةٌ في آراء الباحثين المعاصرين	أ. د. عبد الله بن عبد الرحمن بانقيب	مجلة جامعة الملك عبد العزيز - الآداب والعلوم الإنسانية (السعودية)	references	بلاغة	مجلة جامعة الملك عبد العزيز - الآداب والعلوم الإنسانية (السعودية)/27/1/3 تباين الرؤى حول كتاب$ (البديع)، لابن المعتز$ دراسةٌ في آراء الباحثين المعاصرين.pdf
54ccbd3c075237b8	تداخل الأنواع الأدبية التمظهر التبادلي (القصة القصيرة جداً وقصيدة الهايكو أنموذجاً)	أ. د. محمد بن راضي الشريف	مجلة جامعة الملك عبد العزيز - الآداب والعلوم الإنسانية (السعودية)	references	دراسات لغوية	مجلة جامعة الملك عبد العزيز - الآداب والعلوم الإنسانية (السعودية)/29/1/2 تداخل الأنواع الأدبية التمظهر التبادلي (القصة القصيرة جداً وقصيدة الهايكو أنموذجاً).pdf
c0a4f3e35b1bd3aa	تعليم النقد الأدبي في المدرسة السعودية: بين وعود التجديد وصوارفه	د. أحمد بن سعيد الغامدي	مجلة جامعة الملك عبد العزيز - الآداب والعلوم الإنسانية (السعودية)	references	دراسات لغوية	مجلة جامعة الملك عبد العزيز - الآداب والعلوم الإنسانية (السعودية)/30/2/1 تعليم النقد الأدبي في المدرسة السعودية$ بين وعود التجديد وصوارفه.pdf
c98b703097e5d028	تغيرات الصيغة والبنية الصرفية في كتاب: (لحن العوام)، لأبي بكرٍ الزبيدي (صيغ المشتقات - أبنية الجمع نموذجاً)	د. وضحى بنت أحمد آل ورقش	مجلة جامعة الملك عبد العزيز - الآداب والعلوم الإنسانية (السعودية)	references	دراسات لغوية	مجلة جامعة الملك عبد العزيز - الآداب والعلوم الإنسانية (السعودية)/32/3/4 تغيرات الصيغة والبنية الصرفية في كتاب$ ... (صيغ المشتقات - أبنية الجمع نموذجاً).pdf
2bf245a0e8eb7f90	تلقي الشعرية العربية القديمة لدى/ أدونيس	د. خالد بن ناصر القحطاني	مجلة جامعة الملك عبد العزيز - الآداب والعلوم الإنسانية (السعودية)	references	شعر وأدب	مجلة جامعة الملك عبد العزيز - الآداب والعلوم الإنسانية (السعودية)/29/6/24 تلقي الشعرية العربية القديمة لدى& أدونيس.pdf
09773cf9ad57d7f3	توظيف الأدلة الجدلية في تقرير مسائل النحوية والصرفية (ابن جنيٍ في كتابه: (الخصائص) أنموذجاً)	د. تركية بنت عامر العميري	مجلة جامعة الملك عبد العزيز - الآداب والعلوم الإنسانية (السعودية)	references	دراسات لغوية	مجلة جامعة الملك عبد العزيز - الآداب والعلوم الإنسانية (السعودية)/30/2/9 توظيف الأدلة الجدلية في تقرير مسائل ... (ابن جنيٍ في كتابه$ (الخصائص) أنموذجاً).pdf
b0e6bea5bda43e67	جدلية الحضور والغياب في شعر/ جرير بن عطية الخطفي (قصيدة: (بان الخليط) أنموذجاً): دراسةٌ في سيميائية الاتصال والانفصال	أ. د. أسماء بنت عبد العزيز الجنوبي	مجلة جامعة الملك عبد العزيز - الآداب والعلوم الإنسانية (السعودية)	references	دراسات لغوية	مجلة جامعة الملك عبد العزيز - الآداب والعلوم الإنسانية (السعودية)/30/3/7 جدلية الحضور والغياب في شعر& جرير ... أنموذجاً)$ دراسةٌ في سيميائية الاتصال والانفصال.pdf
76ed2a1475c129f8	جماليات الصبر في قصيدة: (أرى الصبر محموداً)، لابن الرومي: دراسةٌ تحليليةٌ في الدلالات والأساليب	د. نور بنت عويض الرفاعي	مجلة جامعة الملك عبد العزيز - الآداب والعلوم الإنسانية (السعودية)	references	دراسات لغوية	مجلة جامعة الملك عبد العزيز - الآداب والعلوم الإنسانية (السعودية)/28/1/3 جماليات الصبر في قصيدة$ (أرى الصبر ... الرومي$ دراسةٌ تحليليةٌ في الدلالات والأساليب.pdf
524c1ebcd5e795fa	حوارية النص الشعري في ديوان: (الخروج إلى الحمراء)، للمتوكل طه	د. فايزة بنت أحمد الحربي	مجلة جامعة الملك عبد العزيز - الآداب والعلوم الإنسانية (السعودية)	diwans	ديوان شعري | شعر وأدب	مجلة جامعة الملك عبد العزيز - الآداب والعلوم الإنسانية (السعودية)/28/7/2 حوارية النص الشعري في ديوان$ (الخروج إلى الحمراء)، للمتوكل طه.pdf
915b511ae5c07803	خاتمة: (القصيدة الديوان) في الشعر العربي المعاصر: دراسةٌ نقديةٌ	د. وليد بن خالد الحازمي	مجلة جامعة الملك عبد العزيز - الآداب والعلوم الإنسانية (السعودية)	references	شعر وأدب	مجلة جامعة الملك عبد العزيز - الآداب والعلوم الإنسانية (السعودية)/32/3/2 خاتمة$ (القصيدة الديوان) في الشعر العربي المعاصر$ دراسةٌ نقديةٌ.pdf
84a5c271e8a4b749	خلاصة علم البيان عند/ ابن الأثير	د. بدر بن طاهر العنزي	مجلة جامعة الملك عبد العزيز - الآداب والعلوم الإنسانية (السعودية)	references	دراسات لغوية	مجلة جامعة الملك عبد العزيز - الآداب والعلوم الإنسانية (السعودية)/30/6/11 خلاصة علم البيان عند& ابن الأثير.pdf
6aafcf04a2653608	دراسات النقد الأدبي في مجلات/ الجامعة الإسلامية: اتجاهاتها، ومناهجها	أ. د. عبد الرحمن بن دخيل ربه المطرفي	مجلة جامعة الملك عبد العزيز - الآداب والعلوم الإنسانية (السعودية)	references	دراسات لغوية	مجلة جامعة الملك عبد العزيز - الآداب والعلوم الإنسانية (السعودية)/31/5/5 دراسات النقد الأدبي في مجلات& الجامعة الإسلامية$ اتجاهاتها، ومناهجها.pdf
6ac61f66cd805bad	ديوان: (ظلالٌ ولا أغصان)، للشاعر السعودي/ عبد العزيز الرفاعي: دراسةٌ أسلوبيةٌ	د. نورة بنت حميد الكبكبي	مجلة جامعة الملك عبد العزيز - الآداب والعلوم الإنسانية (السعودية)	diwans	ديوان شعري | شعر وأدب	مجلة جامعة الملك عبد العزيز - الآداب والعلوم الإنسانية (السعودية)/32/4/15 ديوان$ (ظلالٌ ولا أغصان)، للشاعر السعودي& عبد العزيز الرفاعي$ دراسةٌ أسلوبيةٌ.pdf
f6851edad2e794fe	رمزية: (الذئب) في السرد النسائي (قصة: (ليلى والذئب) أنموذجاً)	د. أمل بنت محيسن القثامي	مجلة جامعة الملك عبد العزيز - الآداب والعلوم الإنسانية (السعودية)	references	دراسات لغوية	مجلة جامعة الملك عبد العزيز - الآداب والعلوم الإنسانية (السعودية)/29/3/8 رمزية$ (الذئب) في السرد النسائي (قصة$ (ليلى والذئب) أنموذجاً).pdf
653f91995686d109	رمزية: (الوادي الكبير) في الشعر الأندلسي والإسباني: دراسةٌ مقارنةٌ في نماذج مختارةٍ	أ. د. صالح بن عيظة الزهراني	مجلة جامعة الملك عبد العزيز - الآداب والعلوم الإنسانية (السعودية)	references	شعر وأدب	مجلة جامعة الملك عبد العزيز - الآداب والعلوم الإنسانية (السعودية)/29/3/11 رمزية$ (الوادي الكبير) في الشعر الأندلسي والإسباني$ دراسةٌ مقارنةٌ في نماذج مختارةٍ.pdf
79be34062a6c5740	زمانية الرؤيا الأسطورية في الشعر من خلال نص: (خريفٌ جديدٌ لأمرأة النار)، لمحمود درويش	د. علي بن قاسم الكلباني	مجلة جامعة الملك عبد العزيز - الآداب والعلوم الإنسانية (السعودية)	references	شعر وأدب	مجلة جامعة الملك عبد العزيز - الآداب والعلوم الإنسانية (السعودية)/30/1/5 زمانية الرؤيا الأسطورية في الشعر من ... (خريفٌ جديدٌ لأمرأة النار)، لمحمود درويش.pdf
12899822d2976135	سيمياء الجسد في ديوان: (أول الجسد آخر البحر)، لأدونيس: الانفتاح الدلالي والتشاكل السيميائي	د. منى بنت محمد الغامدي	مجلة جامعة الملك عبد العزيز - الآداب والعلوم الإنسانية (السعودية)	diwans	ديوان شعري | شعر وأدب	مجلة جامعة الملك عبد العزيز - الآداب والعلوم الإنسانية (السعودية)/27/3/6 سيمياء الجسد في ديوان$ (أول الجسد ... البحر)، لأدونيس$ الانفتاح الدلالي والتشاكل السيميائي.pdf
96da36991c32e95a	سيميائية الغياب في ديوان: (ما تلاه علي الغياب): دراسةٌ في ضوء سيميائية الأهواء	أ. د. الريم بنت مفوز الفواز	مجلة جامعة الملك عبد العزيز - الآداب والعلوم الإنسانية (السعودية)	diwans	ديوان شعري | شعر وأدب	مجلة جامعة الملك عبد العزيز - الآداب والعلوم الإنسانية (السعودية)/27/4/7 سيميائية الغياب في ديوان$ (ما تلاه ... الغياب)$ دراسةٌ في ضوء سيميائية الأهواء.pdf
fd6e399cbd09c39f	شعرية التفاصيل الصغيرة في قصيدة النثر العربية	أ. د. عبد الناصر بن عبد الحميد هلال، د. نعمان بن محمد كدوه	مجلة جامعة الملك عبد العزيز - الآداب والعلوم الإنسانية (السعودية)	references	دراسات لغوية	مجلة جامعة الملك عبد العزيز - الآداب والعلوم الإنسانية (السعودية)/30/6/13 شعرية التفاصيل الصغيرة في قصيدة النثر العربية.pdf
500770c7fa4bf326	شعرية مستويات الحجاج في دحض الإرهاب (قصيدة: (أكعبتي) نموذجاً)	أ. د. تيسير بنت عباس الشريف	مجلة جامعة الملك عبد العزيز - الآداب والعلوم الإنسانية (السعودية)	references	دراسات لغوية	مجلة جامعة الملك عبد العزيز - الآداب والعلوم الإنسانية (السعودية)/28/11/11 شعرية مستويات الحجاج في دحض الإرهاب (قصيدة$ (أكعبتي) نموذجاً).pdf
6f70e126dd6b7a2c	صعوبات النحو العربي لدى الناطقين بلغاتٍ أخرى وطرق علاجها	د. سلوى بنت إدريس بابكر	مجلة جامعة الملك عبد العزيز - الآداب والعلوم الإنسانية (السعودية)	references	نحو	مجلة جامعة الملك عبد العزيز - الآداب والعلوم الإنسانية (السعودية)/31/6/2 صعوبات النحو العربي لدى الناطقين بلغاتٍ أخرى وطرق علاجها.pdf
f56cb8be930e3a4f	عزلة المثقف وانشطار السرد (رواية: (دفاتر الوراق)، لجلال برجس أنموذجاً)	د. أسماء بنت مقبل الأحمدي	مجلة جامعة الملك عبد العزيز - الآداب والعلوم الإنسانية (السعودية)	references	دراسات لغوية	مجلة جامعة الملك عبد العزيز - الآداب والعلوم الإنسانية (السعودية)/30/7/17 عزلة المثقف وانشطار السرد (رواية$ (دفاتر الوراق)، لجلال برجس أنموذجاً).pdf
ad25890346ea162b	فوائت المعاجم من كتاب: (الجيم)، لأبي عمروٍ الشيباني (باب: (الجيم) أنموذجاً)	أ. د. حمد بن طالع العلوي	مجلة جامعة الملك عبد العزيز - الآداب والعلوم الإنسانية (السعودية)	dictionaries	معجم لغوي	مجلة جامعة الملك عبد العزيز - الآداب والعلوم الإنسانية (السعودية)/31/4/1 فوائت المعاجم من كتاب$ (الجيم)، لأبي عمروٍ الشيباني (باب$ (الجيم) أنموذجاً).pdf
60e960e95e2fa04f	قصيدة المديح الإحيائية: البيعة والخلافة	د. عبد المعين بن حسن بالفاس	مجلة جامعة الملك عبد العزيز - الآداب والعلوم الإنسانية (السعودية)	references	دراسات لغوية	مجلة جامعة الملك عبد العزيز - الآداب والعلوم الإنسانية (السعودية)/27/4/6 قصيدة المديح الإحيائية$ البيعة والخلافة.pdf
07aca447ed98598e	مفاهيم التدريب وأساليبه في تعليم اللغة العربية	أ. د. نوح بن يحيى الشهري	مجلة جامعة الملك عبد العزيز - الآداب والعلوم الإنسانية (السعودية)	references	دراسات لغوية	مجلة جامعة الملك عبد العزيز - الآداب والعلوم الإنسانية (السعودية)/27/5/6 مفاهيم التدريب وأساليبه في تعليم اللغة العربية.pdf
2e47379857de1d7c	ملامح الهوية الوطنية في الشعر السعودي (ديوان: (وطني عشقتك)، للشاعر/ مسلم فريج العطوي نموذجاً): دراسةٌ أسلوبيةٌ	د. ياسر بن أحمد حامد	مجلة جامعة الملك عبد العزيز - الآداب والعلوم الإنسانية (السعودية)	diwans	ديوان شعري | شعر وأدب	مجلة جامعة الملك عبد العزيز - الآداب والعلوم الإنسانية (السعودية)/28/15/9 ملامح الهوية الوطنية في الشعر السعودي ... مسلم فريج العطوي نموذجاً)$ دراسةٌ أسلوبيةٌ.pdf
45ac6f7685280eb8	موضوعات علم المعاني في سورة: (القلم): دراسةٌ بلاغيةٌ	د. سارة بنت نجر العتيبي	مجلة جامعة الملك عبد العزيز - الآداب والعلوم الإنسانية (السعودية)	references	دراسات لغوية	مجلة جامعة الملك عبد العزيز - الآداب والعلوم الإنسانية (السعودية)/27/1/6 موضوعات علم المعاني في سورة$ (القلم)$ دراسةٌ بلاغيةٌ.pdf
d08448f858799ace	هيمنة الأنا في ديوان: (خائنة الشبه)، للشاعر السعودي/ حسن الصلهبي: قراءةٌ نسقيةٌ ثقافيةٌ	د. سامية بنت عبد الله العمري	مجلة جامعة الملك عبد العزيز - الآداب والعلوم الإنسانية (السعودية)	diwans	ديوان شعري | شعر وأدب	مجلة جامعة الملك عبد العزيز - الآداب والعلوم الإنسانية (السعودية)/32/1/8 هيمنة الأنا في ديوان$ (خائنة الشبه)، ... السعودي& حسن الصلهبي$ قراءةٌ نسقيةٌ ثقافيةٌ.pdf
26251c63a17bd26a	وصف الأطلال في الشعر العباسي (قصيدة: (سلام عليكم) أنموذجاً): دراسةٌ نقديةٌ	د. حمدة بنت مشارك الرويلي	مجلة جامعة الملك عبد العزيز - الآداب والعلوم الإنسانية (السعودية)	references	شعر وأدب	مجلة جامعة الملك عبد العزيز - الآداب والعلوم الإنسانية (السعودية)/28/8/7 وصف الأطلال في الشعر العباسي (قصيدة$ (سلام عليكم) أنموذجاً)$ دراسةٌ نقديةٌ.pdf
d2431494209232b8	الفروق اللغوية بين ألفاظ الأخذ في القرآن الكريم	د. محمد أديب محمد شكور	مجلة جامعة أم القرى لعلوم الشريعة والدراسات الإسلامية (السعودية)	references	دراسات لغوية	مجلة جامعة أم القرى لعلوم الشريعة والدراسات الإسلامية (السعودية)/50/1/3 الفروق اللغوية بين ألفاظ الأخذ في القرآن الكريم.pdf
754f775b343fc08c	(إنما) وأحكامها اللغوية ودلالاتها البيانية في القرآن الكريم	د. أحمد عطا محمد عمر	مجلة جامعة أم القرى لعلوم الشريعة والدراسات الإسلامية (السعودية)	references	دراسات لغوية	مجلة جامعة أم القرى لعلوم الشريعة والدراسات الإسلامية (السعودية)/86/2 (إنما) وأحكامها اللغوية ودلالاتها البيانية في القرآن الكريم.pdf
d59be7722809580c	مصطلح الإيثار في القرآن الكريم من خلال منهج الدراسة المصطلحية: بين الدراسة المعجمية والدراسة النصية	عادل عادل الوادي، أ. د. محمد بن أحمد الينبعي	مجلة جامعة أم القرى لعلوم الشريعة والدراسات الإسلامية (السعودية)	dictionaries	معجم لغوي	مجلة جامعة أم القرى لعلوم الشريعة والدراسات الإسلامية (السعودية)/89/10 مصطلح الإيثار في القرآن الكريم من ... المصطلحية$ بين الدراسة المعجمية والدراسة النصية.pdf
19d5caa4fc79e83e	الأثر الإقناعي للأساليب البلاغية في آيات الحث على تدبر القرآن	د. بخيت بن حمود الجهني	مجلة جامعة بيشة للعلوم الإنسانية (السعودية)	references	دراسات لغوية	مجلة جامعة بيشة للعلوم الإنسانية (السعودية)/الأعداد/4/10 الأثر الإقناعي للأساليب البلاغية في آيات الحث على تدبر القرآن.pdf
83c375e7c73099af	الاحتجاج بعدم السماع: دراسةٌ في النحو الكوفي	د. عبد الرحمن بن محمد الدخيل	مجلة جامعة بيشة للعلوم الإنسانية (السعودية)	references	نحو	مجلة جامعة بيشة للعلوم الإنسانية (السعودية)/الأعداد/1/3 الاحتجاج بعدم السماع$ دراسةٌ في النحو الكوفي.pdf
702f83b128964dcd	الإشاريات التداولية في شرح الأمثال العربية (كتاب: (جمهرة الأمثال)، لأبي هلالٍ العسكري أنموذجاً)	د. علي بن محسن مشعوف	مجلة جامعة بيشة للعلوم الإنسانية (السعودية)	references	دراسات لغوية	مجلة جامعة بيشة للعلوم الإنسانية (السعودية)/الأعداد/5/1 الإشاريات التداولية في شرح الأمثال العربية ... (جمهرة الأمثال)، لأبي هلالٍ العسكري أنموذجاً).pdf
0d5c80dbc47b5e3f	البلاغة وسؤال المنهج عند/ الخطابي	أ. د. صالح بن سعيد الزهراني	مجلة جامعة بيشة للعلوم الإنسانية (السعودية)	references	دراسات لغوية	مجلة جامعة بيشة للعلوم الإنسانية (السعودية)/الأعداد/2/2 البلاغة وسؤال المنهج عند& الخطابي.pdf
70a4036b15cd0669	التناص القرآني في شعر/ النعمان بن بشيرٍ الأنصاري	د. عامر بن سمار الرشيدي	مجلة جامعة بيشة للعلوم الإنسانية (السعودية)	references	دراسات لغوية	مجلة جامعة بيشة للعلوم الإنسانية (السعودية)/الأعداد/3/8 التناص القرآني في شعر& النعمان بن بشيرٍ الأنصاري.pdf
b4e4399d9392a653	التوظيف الفني للصورة في شعر/ محمدٍ العلي (قصيدة: (يا سوف) أنموذجاً)	د. حنان بنت غالب المطيري	مجلة جامعة بيشة للعلوم الإنسانية (السعودية)	references	دراسات لغوية	مجلة جامعة بيشة للعلوم الإنسانية (السعودية)/الأعداد/4/9 التوظيف الفني للصورة في شعر& محمدٍ العلي (قصيدة$ (يا سوف) أنموذجاً).pdf
a08cbbf87ee87672	الثنائيات الضدية في ديوان: (قارات الأوبئة)، للشاعر/ فوزي كريم	د. نايف بن فهد الرشيدي	مجلة جامعة بيشة للعلوم الإنسانية (السعودية)	diwans	ديوان شعري | شعر وأدب	مجلة جامعة بيشة للعلوم الإنسانية (السعودية)/الأعداد/1/11 الثنائيات الضدية في ديوان$ (قارات الأوبئة)، للشاعر& فوزي كريم.pdf
8b9cc2485f60d21b	الذات في ديوان: (لم يعد أزرقاُ)، لمحمد عبد الباري: دراسةٌ موضوعاتيةٌ	د. عبد العزيز بن عياد المطيري	مجلة جامعة بيشة للعلوم الإنسانية (السعودية)	diwans	ديوان شعري | شعر وأدب	مجلة جامعة بيشة للعلوم الإنسانية (السعودية)/الأعداد/4/22 الذات في ديوان$ (لم يعد أزرقاُ)، لمحمد عبد الباري$ دراسةٌ موضوعاتيةٌ.pdf
2f5aa89e7c5ee69c	الطبيعة الصامتة في ديوان: (نوارس بلون البحر)	د. زهير بن حسن العمري	مجلة جامعة بيشة للعلوم الإنسانية (السعودية)	diwans	ديوان شعري | شعر وأدب	مجلة جامعة بيشة للعلوم الإنسانية (السعودية)/الأعداد/1/5 الطبيعة الصامتة في ديوان$ (نوارس بلون البحر).pdf
0376c5b1d7b45c5f	الظواهر التركيبية ودلالتها الأسلوبية في شعر/ إبراهيم خليل العلاف	أ. د. محمد بن يحيى آل عجيم	مجلة جامعة بيشة للعلوم الإنسانية (السعودية)	references	دراسات لغوية	مجلة جامعة بيشة للعلوم الإنسانية (السعودية)/الأعداد/3/17 الظواهر التركيبية ودلالتها الأسلوبية في شعر& إبراهيم خليل العلاف.pdf
5bf678e3d056967f	النص الموازي في ديوان: (الآهل بالفقد)، لياسين البكالي: قراءةٌ سيميائيةٌ	د. عمر بن عيضة الحارثي	مجلة جامعة بيشة للعلوم الإنسانية (السعودية)	diwans	ديوان شعري | شعر وأدب	مجلة جامعة بيشة للعلوم الإنسانية (السعودية)/الأعداد/3/19 النص الموازي في ديوان$ (الآهل بالفقد)، لياسين البكالي$ قراءةٌ سيميائيةٌ.pdf
8a1bd969a3895971	آليات السرد في رواية: (أهل الشمس)، لنجوى العمري	د. ثناء بنت حسين الظفيري	مجلة جامعة بيشة للعلوم الإنسانية (السعودية)	references	دراسات لغوية	مجلة جامعة بيشة للعلوم الإنسانية (السعودية)/المجلدات/5/1/8 آليات السرد في رواية$ (أهل الشمس)، لنجوى العمري.pdf
fe2889105be83162	بلاغة الحجاج (قصيدة: (أم أحمد)، لصالحٍ الزهراني أنموذجاً)	د. سامي بن صالح الغامدي	مجلة جامعة بيشة للعلوم الإنسانية (السعودية)	references	دراسات لغوية	مجلة جامعة بيشة للعلوم الإنسانية (السعودية)/الأعداد/4/19 بلاغة الحجاج (قصيدة$ (أم أحمد)، لصالحٍ الزهراني أنموذجاً).pdf
e7dbfd0c88005de6	تجليات الذات والآخر في ديوان: (لرياح الأخيلية)، لعبد العزيز العجلان	د. كريمة بنت دغيمان العنزي	مجلة جامعة بيشة للعلوم الإنسانية (السعودية)	diwans	ديوان شعري | شعر وأدب	مجلة جامعة بيشة للعلوم الإنسانية (السعودية)/الأعداد/3/16 تجليات الذات والآخر في ديوان$ (لرياح الأخيلية)، لعبد العزيز العجلان.pdf
806c78a8f29df448	تمثلات الكولاج في الرواية السعودية المعاصرة: مقاربةٌ محايثةٌ في البنية والدلالة	د. منصور بن محمد البلوي	مجلة جامعة بيشة للعلوم الإنسانية (السعودية)	references	دراسات لغوية	مجلة جامعة بيشة للعلوم الإنسانية (السعودية)/الأعداد/1/10 تمثلات الكولاج في الرواية السعودية المعاصرة$ مقاربةٌ محايثةٌ في البنية والدلالة.pdf
703ccebd57be1d17	جماليات النص الموازي في الرواية السعودية المنسوبة (روايات/ أثير عبد الله النشمي أنموذجاً)	د. نهى بنت فؤاد السيد	مجلة جامعة بيشة للعلوم الإنسانية (السعودية)	references	دراسات لغوية	مجلة جامعة بيشة للعلوم الإنسانية (السعودية)/الأعداد/2/13 جماليات النص الموازي في الرواية السعودية ... (روايات& أثير عبد الله النشمي أنموذجاً).pdf
97755dd0fc93e1dc	دور الصورة الاستعارية والفراغ النصي في بناء المعاني الوطنية في قصيدة: (وطنٌ لا ينطفئ)، لعيسى جرابا: دراسةٌ تحليليةٌ	د. محسنة بنت عبد الله الحارثي	مجلة جامعة بيشة للعلوم الإنسانية (السعودية)	references	دراسات لغوية	مجلة جامعة بيشة للعلوم الإنسانية (السعودية)/المجلدات/4/2/6 دور الصورة الاستعارية والفراغ النصي في ... لا ينطفئ)، لعيسى جرابا$ دراسةٌ تحليليةٌ.pdf
e9cdf484fcc2c43f	ضعف تأليف الجملة بين النحو والبلاغة	د. عبد الرحمن بن أحمد المقري	مجلة جامعة بيشة للعلوم الإنسانية (السعودية)	references	نحو	مجلة جامعة بيشة للعلوم الإنسانية (السعودية)/الأعداد/2/4 ضعف تأليف الجملة بين النحو والبلاغة.pdf
0bfe7da0e427d7d7	قصيدة/ عروة بن الورد: (أقلي علي اللوم): مقاربةٌ أسلوبيةٌ	أ. د. فواز بن زايد الشمري	مجلة جامعة بيشة للعلوم الإنسانية (السعودية)	references	دراسات لغوية	مجلة جامعة بيشة للعلوم الإنسانية (السعودية)/الأعداد/2/9 قصيدة& عروة بن الورد$ (أقلي علي اللوم)$ مقاربةٌ أسلوبيةٌ.pdf
a810cb54ae5959ae	مصر في شعر غير المصريين (ديوان: (مصر في عيون الشعراء) أنموذجاً): دراسةٌ وصفيةٌ نقديةٌ	أ. د. فلاح بن مرشد العتيبي	مجلة جامعة بيشة للعلوم الإنسانية (السعودية)	diwans	ديوان شعري | شعر وأدب	مجلة جامعة بيشة للعلوم الإنسانية (السعودية)/الأعداد/2/3 مصر في شعر غير المصريين (ديوان$ ... عيون الشعراء) أنموذجاً)$ دراسةٌ وصفيةٌ نقديةٌ.pdf
c0e698d82d201549	وضع/ ابن مالكٍ لشواهد النحو: قراءةٌ في حجج المثبتين والنافين	د. موسى بن ناصر الموسى	مجلة جامعة بيشة للعلوم الإنسانية (السعودية)	references	نحو	مجلة جامعة بيشة للعلوم الإنسانية (السعودية)/المجلدات/5/1/3 وضع& ابن مالكٍ لشواهد النحو$ قراءةٌ في حجج المثبتين والنافين.pdf
22a90068468b3b35	اتحاد بنية الأدوات واختلاف وظائفها في النحو العربي ((ما) و(لا) نموذجاً)	د. بدر بن عبد العزيز المرشدي	مجلة جامعة تبوك للعلوم الإنسانية والاجتماعية (السعودية)	references	نحو	مجلة جامعة تبوك للعلوم الإنسانية والاجتماعية (السعودية)/المجلدات/4/4/1/6 اتحاد بنية الأدوات واختلاف وظائفها في النحو العربي ((ما) و(لا) نموذجاً).pdf
3d90d4974cd29fe1	الإبل في الشواهد والأمثلة النحوية: دراسةٌ في التركيب والبنية	د. خلود بنت عبد الله النازل	مجلة جامعة تبوك للعلوم الإنسانية والاجتماعية (السعودية)	references	دراسات لغوية	مجلة جامعة تبوك للعلوم الإنسانية والاجتماعية (السعودية)/المجلدات/5/3/6 الإبل في الشواهد والأمثلة النحوية$ دراسةٌ في التركيب والبنية.pdf
8cff14f1c2a9beb2	الآليات التداولية في خطاب الملك/ سلمان بن عبد العزيز آل سعودٍ: تحليلٌ تداوليٌ لخطاب مجلس الشورى (السنة الثالثة-الدورة الثامنة)	أ. د. حجاب بن محمد القحطاني	مجلة جامعة تبوك للعلوم الإنسانية والاجتماعية (السعودية)	references	دراسات لغوية	مجلة جامعة تبوك للعلوم الإنسانية والاجتماعية (السعودية)/المجلدات/5/4/3 الآليات التداولية في خطاب الملك& سلمان ... لخطاب مجلس الشورى (السنة الثالثة-الدورة الثامنة).pdf
85623057106a6627	التأثير الحضاري في الشعر السعودي (شعر/ أحمد اللهيب أنموذجاً)	د. عبد العزيز بن حمود البلوي	مجلة جامعة تبوك للعلوم الإنسانية والاجتماعية (السعودية)	references	شعر وأدب	مجلة جامعة تبوك للعلوم الإنسانية والاجتماعية (السعودية)/المجلدات/5/2/13 التأثير الحضاري في الشعر السعودي (شعر& أحمد اللهيب أنموذجاً).pdf
11f95c21f0f1e5c5	التمثيل بالمحسوسات في القاعدة النحوية: أهميته، وأثره	د. مضيان بن عواد الرشيدي	مجلة جامعة تبوك للعلوم الإنسانية والاجتماعية (السعودية)	references	دراسات لغوية	مجلة جامعة تبوك للعلوم الإنسانية والاجتماعية (السعودية)/المجلدات/4/2/2/33 التمثيل بالمحسوسات في القاعدة النحوية$ أهميته، وأثره.pdf
9e99f5f3a27c7f4d	التوجيهات النحوية للقراءات القرآنية في سورة: (الزخرف) وأثرها في المعنى	د. عائشة بنت قاسم شماخي	مجلة جامعة تبوك للعلوم الإنسانية والاجتماعية (السعودية)	references	دراسات لغوية	مجلة جامعة تبوك للعلوم الإنسانية والاجتماعية (السعودية)/المجلدات/5/2/11 التوجيهات النحوية للقراءات القرآنية في سورة$ (الزخرف) وأثرها في المعنى.pdf
d32ac052b852ad81	الحجاج المضمر في نماذج من النقد العربي القديم (من الجاهلية إلى القرن 3هـ): دراسةٌ بلاغيةٌ في ضوء علم البيان	أ. د. النوراني عبد الكريم كبور	مجلة جامعة تبوك للعلوم الإنسانية والاجتماعية (السعودية)	references	دراسات لغوية	مجلة جامعة تبوك للعلوم الإنسانية والاجتماعية (السعودية)/المجلدات/4/3/2/32 الحجاج المضمر في نماذج من النقد ... دراسةٌ بلاغيةٌ في ضوء علم البيان.pdf
462edbca76e32e19	الحوار الشعري في قصيدة الحب (ديوان/ عمر بن أبي ربيعة أنموذجاً)	د. مذكر بن ناصر القحطاني	مجلة جامعة تبوك للعلوم الإنسانية والاجتماعية (السعودية)	diwans	ديوان شعري | شعر وأدب	مجلة جامعة تبوك للعلوم الإنسانية والاجتماعية (السعودية)/المجلدات/5/1/11 الحوار الشعري في قصيدة الحب (ديوان& عمر بن أبي ربيعة أنموذجاً).pdf
4a2126352c72ee2c	الرفض والتمرد في ديوان: (ريق الغيمات)	أ. د. مجدي بن عيد الأحمدي	مجلة جامعة تبوك للعلوم الإنسانية والاجتماعية (السعودية)	diwans	ديوان شعري | شعر وأدب	مجلة جامعة تبوك للعلوم الإنسانية والاجتماعية (السعودية)/الأعداد/3/4 الرفض والتمرد في ديوان$ (ريق الغيمات).pdf
f6d04c59820d2439	السرد الأدبي وأثره في تعليم العربية للناطقين بغيرها (القصة القصيرة نموذجاً)	د. بدر بن ندا العتيبي	مجلة جامعة تبوك للعلوم الإنسانية والاجتماعية (السعودية)	references	دراسات لغوية	مجلة جامعة تبوك للعلوم الإنسانية والاجتماعية (السعودية)/الأعداد/5/4 السرد الأدبي وأثره في تعليم العربية للناطقين بغيرها (القصة القصيرة نموذجاً).pdf
b611a90129e23f19	السيميائيات اللغوية: بحثٌ في المرجعية اللسانية المؤسسة والأنساق السيميائية الحافة	أ. د. نورة بنت صبيان الجهني	مجلة جامعة تبوك للعلوم الإنسانية والاجتماعية (السعودية)	references	دراسات لغوية	مجلة جامعة تبوك للعلوم الإنسانية والاجتماعية (السعودية)/الأعداد/9/10 السيميائيات اللغوية$ بحثٌ في المرجعية اللسانية المؤسسة والأنساق السيميائية الحافة.pdf
4af77b2f41ad307f	الصورة الناقدة لليهودي في الرواية العربية (آخر اليهود واليهودي الأخير نموذجان)	د. أحمد بن صالح الغامدي	مجلة جامعة تبوك للعلوم الإنسانية والاجتماعية (السعودية)	references	دراسات لغوية	مجلة جامعة تبوك للعلوم الإنسانية والاجتماعية (السعودية)/المجلدات/4/2/2/1 الصورة الناقدة لليهودي في الرواية العربية (آخر اليهود واليهودي الأخير نموذجان).pdf
1cdb670d346a5d29	العبور السياسي ورموزه في قصيدة: (خطوة إلى الاتحاد العربي)، لمحمد حسن عواد	أ. د. مصطفى محمد تقي الله بن مايابا	مجلة جامعة تبوك للعلوم الإنسانية والاجتماعية (السعودية)	references	دراسات لغوية	مجلة جامعة تبوك للعلوم الإنسانية والاجتماعية (السعودية)/الأعداد/10/9 العبور السياسي ورموزه في قصيدة$ (خطوة إلى الاتحاد العربي)، لمحمد حسن عواد.pdf
7419aa115a4e874e	العروض والقافية عند/ التدميري في: (شرح غريب الفصيح)	د. عبد الله بن صالح الهمامي	مجلة جامعة تبوك للعلوم الإنسانية والاجتماعية (السعودية)	references	دراسات لغوية	مجلة جامعة تبوك للعلوم الإنسانية والاجتماعية (السعودية)/المجلدات/4/2/2/21 العروض والقافية عند& التدميري في$ (شرح غريب الفصيح).pdf
73cc947ba0bbe81b	القيود الاقتصادية الأدنوية: نماذج في ضوء اللغة العربية	د. سويلم بن فريج العطوي	مجلة جامعة تبوك للعلوم الإنسانية والاجتماعية (السعودية)	references	دراسات لغوية	مجلة جامعة تبوك للعلوم الإنسانية والاجتماعية (السعودية)/المجلدات/2/4/8 القيود الاقتصادية الأدنوية$ نماذج  في ضوء اللغة العربية.pdf
e65f49d8d6b39a22	المكان في شعر/ محمد جبر الحربي (ديوان: (خديجة) أنموذجاً)	د. نايف بن فهد الرشيدي	مجلة جامعة تبوك للعلوم الإنسانية والاجتماعية (السعودية)	diwans	ديوان شعري | شعر وأدب	مجلة جامعة تبوك للعلوم الإنسانية والاجتماعية (السعودية)/المجلدات/2/1/10 المكان في شعر& محمد جبر الحربي (ديوان$ (خديجة) أنموذجاً).pdf
447392b7527aa1e8	النقائض الشعرية في حرب: (البسوس): دراسةٌ تحليليةٌ لنظرية الأفعال الكلامية	د. رشا بنت عبد الرؤوف الحبيشي، أ. د. سعيد بن محمد آل يزيد، أشراف مسعود القحطاني	مجلة جامعة تبوك للعلوم الإنسانية والاجتماعية (السعودية)	references	شعر وأدب	مجلة جامعة تبوك للعلوم الإنسانية والاجتماعية (السعودية)/المجلدات/4/3/1/5 النقائض الشعرية في حرب$ (البسوس)$ دراسةٌ تحليليةٌ لنظرية الأفعال الكلامية.pdf
be4e154a8207db6c	النقد الثقافي: مفاتيح جديدةٌ في قراءة النصوص الشعرية	د. أحمد بن جمال المرازيق	مجلة جامعة تبوك للعلوم الإنسانية والاجتماعية (السعودية)	references	شعر وأدب	مجلة جامعة تبوك للعلوم الإنسانية والاجتماعية (السعودية)/المجلدات/1/1/10 النقد الثقافي$ مفاتيح جديدةٌ في قراءة النصوص الشعرية.pdf
cc87af8e7ba1f25b	أنماط الحوار في ديوان/ بشار بن بردٍ وأبعاده التداولية	د. عادل بن حماد البلوي	مجلة جامعة تبوك للعلوم الإنسانية والاجتماعية (السعودية)	diwans	ديوان شعري | شعر وأدب	مجلة جامعة تبوك للعلوم الإنسانية والاجتماعية (السعودية)/المجلدات/3/4/1/16 أنماط الحوار في ديوان& بشار بن بردٍ وأبعاده التداولية.pdf
bcd09ea956f0d49e	بلاغة السرد الشعري في ديوان/ علي الألمعي	د. شومة بنت محمد البلوي	مجلة جامعة تبوك للعلوم الإنسانية والاجتماعية (السعودية)	diwans	ديوان شعري | شعر وأدب	مجلة جامعة تبوك للعلوم الإنسانية والاجتماعية (السعودية)/المجلدات/4/4/2/19 بلاغة السرد الشعري في ديوان& علي الألمعي.pdf
f197c39da98b00db	تأويل المحدثين لنماذج من العقائد في الشعر الجاهلي	د. مذكر بن ناصر القحطاني	مجلة جامعة تبوك للعلوم الإنسانية والاجتماعية (السعودية)	references	شعر وأدب	مجلة جامعة تبوك للعلوم الإنسانية والاجتماعية (السعودية)/الأعداد/12/5 تأويل المحدثين لنماذج من العقائد في الشعر الجاهلي.pdf
4b2f8564727c0abd	تجليات الأمير/ محمد بن سلمان في الشعر السعودي (ديوان: (خمسون قصيدةً في خمسة أعوامٍ) نموذجاً)	د. زاهر بن حسين الفيفي	مجلة جامعة تبوك للعلوم الإنسانية والاجتماعية (السعودية)	diwans	ديوان شعري | شعر وأدب	مجلة جامعة تبوك للعلوم الإنسانية والاجتماعية (السعودية)/المجلدات/4/2/2/15 تجليات الأمير& محمد بن سلمان في ... (خمسون قصيدةً في خمسة أعوامٍ) نموذجاً).pdf
eb25548d34ca67e2	(تويتر) ودوره في خدمة المعجم: مشروع: (فوائت المعاجم القطعية والظنية) أنموذجاً)	د. عبد العزيز بن جمعان الغامدي	مجلة جامعة تبوك للعلوم الإنسانية والاجتماعية (السعودية)	dictionaries	معجم لغوي	مجلة جامعة تبوك للعلوم الإنسانية والاجتماعية (السعودية)/المجلدات/4/3/2/31 (تويتر) ودوره في خدمة المعجم$ مشروع$ (فوائت المعاجم القطعية والظنية) أنموذجاً).pdf
3602ca1f47c67eb1	جدلية الأنا والذات والمرايا ولمسة ميداس في قصيدة: (آن للشاعر أن يقتل نفسه)، لمحمود درويش	د. سمر بنت كمال السقا	مجلة جامعة تبوك للعلوم الإنسانية والاجتماعية (السعودية)	references	دراسات لغوية	مجلة جامعة تبوك للعلوم الإنسانية والاجتماعية (السعودية)/المجلدات/4/4/1/10 جدلية الأنا والذات والمرايا ولمسة ميداس ... للشاعر أن يقتل نفسه)، لمحمود درويش.pdf
41ada6a57d2495dc	جماليات التضاد في قصيدة/ سابقٍ بن عبد الله البربري: (باسم الذي أنزلت من عنده السور)	د. أحمد بن دخيل الجهني	مجلة جامعة تبوك للعلوم الإنسانية والاجتماعية (السعودية)	references	دراسات لغوية	مجلة جامعة تبوك للعلوم الإنسانية والاجتماعية (السعودية)/المجلدات/3/4/2/18 جماليات التضاد في قصيدة& سابقٍ بن ... (باسم الذي أنزلت من عنده السور).pdf
2910f8c5dee58d4c	جمالية الانزياح في قصيدة: (للحب أعداء)، لجميل بثينة: دراسةٌ في التركيب والصورة الفنية	د. فوزية بنت سعد القرني	مجلة جامعة تبوك للعلوم الإنسانية والاجتماعية (السعودية)	references	دراسات لغوية	مجلة جامعة تبوك للعلوم الإنسانية والاجتماعية (السعودية)/المجلدات/4/4/1/33 جمالية الانزياح في قصيدة$ (للحب أعداء)، ... بثينة$ دراسةٌ في التركيب والصورة الفنية.pdf
1edf3b3a6c0823d7	حسن الصياغة في إثبات ثناء عليٍ على الصحابة من: (نهج البلاغة): دراسةٌ استقرائيةٌ تحليليةٌ	د. غزوى بنت سليمان العنزي	مجلة جامعة تبوك للعلوم الإنسانية والاجتماعية (السعودية)	references	دراسات لغوية	مجلة جامعة تبوك للعلوم الإنسانية والاجتماعية (السعودية)/المجلدات/5/4/10 حسن الصياغة في إثبات ثناء عليٍ ... من$ (نهج البلاغة)$ دراسةٌ استقرائيةٌ تحليليةٌ.pdf
62b00e190d8792e5	سيميائية الإيقاع الشعري: دراسةٌ دلاليةٌ (قصيدة: (لا تصالح)، لأمل دنقل نموذجاً)	د. هبة بنت أحمد ياسين	مجلة جامعة تبوك للعلوم الإنسانية والاجتماعية (السعودية)	references	دراسات لغوية	مجلة جامعة تبوك للعلوم الإنسانية والاجتماعية (السعودية)/المجلدات/2/1/4 سيميائية الإيقاع الشعري$ دراسةٌ دلاليةٌ (قصيدة$ (لا تصالح)، لأمل دنقل نموذجاً).pdf
17e87b9f354ce6af	شعرية العتبات النصية في ديوان: (الأمرليس كما تظن)، للشاعر السعودي/ محمد إبراهيم يعقوب	د. بدر بن ندا العتيبي	مجلة جامعة تبوك للعلوم الإنسانية والاجتماعية (السعودية)	diwans	ديوان شعري | شعر وأدب	مجلة جامعة تبوك للعلوم الإنسانية والاجتماعية (السعودية)/المجلدات/4/4/2/8 شعرية العتبات النصية في ديوان$ (الأمرليس ... تظن)، للشاعر السعودي& محمد إبراهيم يعقوب.pdf
7dc0e1c6685620fb	صورة الإبل في الرواية العربية (رواية: (ناقة صالحة)، لسعودٍ السنعوسي نموذجاً): دراسةٌ وصفيةٌ تحليليةٌ	د. ياسر بن أحمد حامد	مجلة جامعة تبوك للعلوم الإنسانية والاجتماعية (السعودية)	references	دراسات لغوية	مجلة جامعة تبوك للعلوم الإنسانية والاجتماعية (السعودية)/المجلدات/5/4/21 صورة الإبل في الرواية العربية (رواية$ ... لسعودٍ السنعوسي نموذجاً)$ دراسةٌ وصفيةٌ تحليليةٌ.pdf
8451fc586564c2ac	ظاهرة: (التناص) في رواية: (صوت الحمير)، لأيمن العتوم	د. إبراهيم بن مصطفى الدهون	مجلة جامعة تبوك للعلوم الإنسانية والاجتماعية (السعودية)	references	دراسات لغوية	مجلة جامعة تبوك للعلوم الإنسانية والاجتماعية (السعودية)/المجلدات/4/2/1/2 ظاهرة$ (التناص) في رواية$ (صوت الحمير)، لأيمن العتوم.pdf
d6d3aefa1810039c	فضاءات الشعرية في النص الملقى عبر القنوات الإلكترونية (قصيدة: (الجليل)، للشاعر/ تميم البرغوثي أنموذجاً)	أ. د. مجدي بن عيد الأحمدي، د. محمد بن عبد الله الدوسري	مجلة جامعة تبوك للعلوم الإنسانية والاجتماعية (السعودية)	references	شعر وأدب	مجلة جامعة تبوك للعلوم الإنسانية والاجتماعية (السعودية)/المجلدات/4/1/1/7 فضاءات الشعرية في النص الملقى عبر ... (قصيدة$ (الجليل)، للشاعر& تميم البرغوثي أنموذجاً).pdf
6054a0b474cc9d0b	قصيدة: (القصيدة)، لمحمدٍ الثبيتي: دراسةٌ فنيةٌ	د. ياسر بن أحمد حامد	مجلة جامعة تبوك للعلوم الإنسانية والاجتماعية (السعودية)	references	دراسات لغوية	مجلة جامعة تبوك للعلوم الإنسانية والاجتماعية (السعودية)/المجلدات/3/4/1/19 قصيدة$ (القصيدة)، لمحمدٍ الثبيتي$ دراسةٌ فنيةٌ.pdf
25a5f2441bc66071	مسالك التركب واندماج الأفضية في عنوانات: (ديوان ظمأ أزرق)، لحوراء الهميلي: مقاربةٌ نقديةٌ في ضوء النحو الإدراكي	أ. د. عبد الرحمن بن حسن البارقي	مجلة جامعة تبوك للعلوم الإنسانية والاجتماعية (السعودية)	diwans	ديوان شعري | نحو | شعر وأدب	مجلة جامعة تبوك للعلوم الإنسانية والاجتماعية (السعودية)/المجلدات/4/3/1/11 مسالك التركب واندماج الأفضية في عنوانات$ ... مقاربةٌ نقديةٌ في ضوء النحو الإدراكي.pdf
3b6c7ddb30632479	مصطلح: (البدل النحوي): بين الموافقة المعجمية وشمولية المفهوم: دراسةٌ في التصور الوظيفة	د. خالد بن فهاد العظامات، د. نهلة بنت عبد العزيز الشقران، د. محمود بن عيسى عزام	مجلة جامعة تبوك للعلوم الإنسانية والاجتماعية (السعودية)	dictionaries	معجم لغوي	مجلة جامعة تبوك للعلوم الإنسانية والاجتماعية (السعودية)/المجلدات/3/4/2/12 مصطلح$ (البدل النحوي)$ بين الموافقة المعجمية وشمولية المفهوم$ دراسةٌ في التصور الوظيفة.pdf
66b6970e12a9d0d3	ملامح الشخصية القروية في جنوب السعودية: مقاربةٌ أنثروبولوجية ثقافيةٌ في القصة القصيرة: مجموعة: (أسرار)، لموسى سعيد الزهراني	د. فهد بن مرسي البقمي	مجلة جامعة تبوك للعلوم الإنسانية والاجتماعية (السعودية)	references	دراسات لغوية	مجلة جامعة تبوك للعلوم الإنسانية والاجتماعية (السعودية)/المجلدات/4/2/2/32 ملامح الشخصية القروية في جنوب السعودية$ ... القصيرة$ مجموعة$ (أسرار)، لموسى سعيد الزهراني.pdf
edb8060bc7023bc2	ملامح من درامية الموقف الشعري (ديوان: (ما لم تقله الجفون)، لحسن الزهراني أنموذجاً)	د. فهد بن مرسي البقمي	مجلة جامعة تبوك للعلوم الإنسانية والاجتماعية (السعودية)	diwans	ديوان شعري | شعر وأدب	مجلة جامعة تبوك للعلوم الإنسانية والاجتماعية (السعودية)/الأعداد/1/6 ملامح من درامية الموقف الشعري (ديوان$ ... لم تقله الجفون)، لحسن الزهراني أنموذجاً).pdf
82cd67e59fa936f6	من مظاهر الاغتراب النفسي في الشعر العربي القديم: دراسةٌ في الصورة والمضمون	د. عودة بن سويلم الشمري	مجلة جامعة تبوك للعلوم الإنسانية والاجتماعية (السعودية)	references	شعر وأدب	مجلة جامعة تبوك للعلوم الإنسانية والاجتماعية (السعودية)/المجلدات/2/3/3 من مظاهر الاغتراب النفسي في الشعر العربي القديم$ دراسةٌ في الصورة والمضمون.pdf
55b1d777b7bbe76f	مناوبة الصوت والصدى في مراثي المدن والديار بين شعراء الأندلس وأحمد عبد المعطي حجازي (قصيدة: (مرثية للعمر الجميل) نموذجاً)	د. سمر بنت كمال السقا	مجلة جامعة تبوك للعلوم الإنسانية والاجتماعية (السعودية)	references	دراسات لغوية	مجلة جامعة تبوك للعلوم الإنسانية والاجتماعية (السعودية)/المجلدات/3/3/1/17 مناوبة الصوت والصدى في مراثي المدن ... حجازي (قصيدة$ (مرثية للعمر الجميل) نموذجاً).pdf
07eb0203e424e37a	موقف الإمام/ ابن مطرفٍ الكناني القرطبي من الطعن في القراءات المتواترة من خلال كتابه: (البديع في شرح القراءات السبع)	د. هاشم بن محمد بالخير	مجلة جامعة تبوك للعلوم الإنسانية والاجتماعية (السعودية)	references	بلاغة	مجلة جامعة تبوك للعلوم الإنسانية والاجتماعية (السعودية)/المجلدات/5/1/9 موقف الإمام& ابن مطرفٍ الكناني القرطبي ... كتابه$ (البديع في شرح القراءات السبع).pdf
d8ee65a7c67f159f	واقع استخدام اللغة العربية في بيئة الأعمال في المملكة العربية السعودية: عوامل، ومعوقاتٌ	د. عبير بنت عمر بن ماضي، أ. د. محمد بن سعيد الحويطي	مجلة جامعة تبوك للعلوم الإنسانية والاجتماعية (السعودية)	references	دراسات لغوية	مجلة جامعة تبوك للعلوم الإنسانية والاجتماعية (السعودية)/المجلدات/4/1/2/25 واقع استخدام اللغة العربية في بيئة ... في المملكة العربية السعودية$ عوامل، ومعوقاتٌ.pdf
cd378285467cebbf	إبداع الأجناس الأدبية وتلقيها: بين سلطتَي الموروث والتجديد	د. أشجان بنت محمد هندي	مجلة جامعة طيبة للآداب والعلوم الإنسانية (السعودية)	references	دراسات لغوية	مجلة جامعة طيبة للآداب والعلوم الإنسانية (السعودية)/18/4 إبداع الأجناس الأدبية وتلقيها$ بين سلطتَي الموروث والتجديد.pdf
6756269a3b833085	إجراء الوصل مجرى الوقف في العربية: جمعٌ ودراسةٌ	أ. د. علي بن عبدالله القرني	مجلة جامعة طيبة للآداب والعلوم الإنسانية (السعودية)	references	دراسات لغوية	مجلة جامعة طيبة للآداب والعلوم الإنسانية (السعودية)/4/8 إجراء الوصل مجرى الوقف في العربية$ جمعٌ ودراسةٌ.pdf
33d15516e106378d	استخدام المؤكدات العربية في اللهجات السعودية التونسية: دراسةٌ لما بين الثقافات	د. ثريا الزهاني، د. مساعد بن رشيد الرحيلي	مجلة جامعة طيبة للآداب والعلوم الإنسانية (السعودية)	references	دراسات لغوية	مجلة جامعة طيبة للآداب والعلوم الإنسانية (السعودية)/39/1/13 استخدام المؤكدات العربية في اللهجات السعودية التونسية$ دراسةٌ لما بين الثقافات.pdf
bd0c56a1bcb3aa35	أسلوب التأبيد في العربية: دراسةٌ تركيبيةٌ دلاليةٌ	د. محمد بن سلمان الرحيلي	مجلة جامعة طيبة للآداب والعلوم الإنسانية (السعودية)	references	دراسات لغوية	مجلة جامعة طيبة للآداب والعلوم الإنسانية (السعودية)/17/5 أسلوب التأبيد في العربية$ دراسةٌ تركيبيةٌ دلاليةٌ.pdf
a07b42e46fc8d497	أشكال الشهادة الأدبية في الأدب العربي الحديث: دراسةٌ تحليليةٌ	أ. د. محمد بن سالم الصفراني	مجلة جامعة طيبة للآداب والعلوم الإنسانية (السعودية)	references	دراسات لغوية	مجلة جامعة طيبة للآداب والعلوم الإنسانية (السعودية)/33/6 أشكال الشهادة الأدبية في الأدب العربي الحديث$ دراسةٌ تحليليةٌ.pdf
b5eaae47e5b88da4	الأساليب البلاغية وأثرها في بيان الهدايات القرآنية في سورة: (التكاثر)	د. محمد بن مرضي الشراري	مجلة جامعة طيبة للآداب والعلوم الإنسانية (السعودية)	references	دراسات لغوية	مجلة جامعة طيبة للآداب والعلوم الإنسانية (السعودية)/41/1/9 الأساليب البلاغية وأثرها في بيان الهدايات القرآنية في سورة$ (التكاثر).pdf
e01791b390ff1663	الاستعلاء في العربية: دراسةٌ نحويةٌ	أ. د. أحمد بن محمد القرشي	مجلة جامعة طيبة للآداب والعلوم الإنسانية (السعودية)	references	دراسات لغوية	مجلة جامعة طيبة للآداب والعلوم الإنسانية (السعودية)/3/11 الاستعلاء في العربية$ دراسةٌ نحويةٌ.pdf
6ec525c735b816da	الاستلزام الحواري في الأساليب النحوية: دراسةٌ وصفيةٌ تحليليةٌ لنماذج من: (صحيح مسلمٍ)	د. سلطان بن محمد المطرفي	مجلة جامعة طيبة للآداب والعلوم الإنسانية (السعودية)	references	دراسات لغوية	مجلة جامعة طيبة للآداب والعلوم الإنسانية (السعودية)/29/7 الاستلزام الحواري في الأساليب النحوية$ دراسةٌ وصفيةٌ تحليليةٌ لنماذج من$ (صحيح مسلمٍ).pdf
a48f6e05b4a01e41	الاعتراض بالصنعة النحوية على تأويلات بعض السلف للقرآن الكريم	أ. د. عبد الله بن محمد النغيمشي	مجلة جامعة طيبة للآداب والعلوم الإنسانية (السعودية)	references	دراسات لغوية	مجلة جامعة طيبة للآداب والعلوم الإنسانية (السعودية)/28/1 الاعتراض بالصنعة النحوية على تأويلات بعض السلف للقرآن الكريم.pdf
073ec66bae08474e	الأغراض البلاغية لتعدية الفعل الواحد بنفسه وبواسطة حرف الجر	د. عبد الرحمن بن أحمد المقري	مجلة جامعة طيبة للآداب والعلوم الإنسانية (السعودية)	references	دراسات لغوية	مجلة جامعة طيبة للآداب والعلوم الإنسانية (السعودية)/40/1/8 الأغراض البلاغية لتعدية الفعل الواحد بنفسه وبواسطة حرف الجر.pdf
a91264bd7889f800	الأفعال الشائعة وتضمينها في مقررات التركيب والقواعد لمتعلمي اللغة العربية الناطقين بلغاتٍ أخرى: (سورة: (البقرة) أنموذجاً)	د. مصطفى بن سعد الخضر	مجلة جامعة طيبة للآداب والعلوم الإنسانية (السعودية)	references	دراسات لغوية	مجلة جامعة طيبة للآداب والعلوم الإنسانية (السعودية)/29/9 الأفعال الشائعة وتضمينها في مقررات التركيب ... الناطقين بلغاتٍ أخرى$ (سورة$ (البقرة) أنموذجاً).pdf
755f73115d2b6f68	الانزياح في قصيدة: (صلوات في هيكل الحب)، لأبي القاسم الشابي	د. افتخار بن سليم محي الدين، د. فتحي بن محمد رفيق أبو مراد	مجلة جامعة طيبة للآداب والعلوم الإنسانية (السعودية)	references	دراسات لغوية	مجلة جامعة طيبة للآداب والعلوم الإنسانية (السعودية)/11/11 الانزياح في قصيدة$ (صلوات في هيكل الحب)، لأبي القاسم الشابي.pdf
34e8e5ae25020696	التأليف المشترك: دوافعه، ومنطلقاته: قراءةٌ في نماذج من الأدب العربي والسعودي الحديث	أ. د. كوثر بنت محمد القاضي	مجلة جامعة طيبة للآداب والعلوم الإنسانية (السعودية)	references	دراسات لغوية	مجلة جامعة طيبة للآداب والعلوم الإنسانية (السعودية)/30/9 التأليف المشترك$ دوافعه، ومنطلقاته$ قراءةٌ في نماذج من الأدب العربي والسعودي الحديث.pdf
2f165590107200a8	التأويل النحوي عند ابن جنيٍ في: (الفسر) شرح ابن جنيٍ الكبير على ديوان المتنبي	د. سعيد بن محمد آل موسى، د. عبد الغني بن شوقي الأدبعي	مجلة جامعة طيبة للآداب والعلوم الإنسانية (السعودية)	diwans	ديوان شعري | شعر وأدب	مجلة جامعة طيبة للآداب والعلوم الإنسانية (السعودية)/22/4 التأويل النحوي عند ابن جنيٍ في$ ... ابن جنيٍ الكبير على ديوان المتنبي.pdf
bcdc2a36ffa6b894	التبعية اللغوية وأثرها على النهضة والتنمية العربية	أ. د. هاجد بن دميثان الحربي	مجلة جامعة طيبة للآداب والعلوم الإنسانية (السعودية)	references	دراسات لغوية	مجلة جامعة طيبة للآداب والعلوم الإنسانية (السعودية)/18/5 التبعية اللغوية وأثرها على النهضة والتنمية العربية.pdf
5b4600f598fb009e	التحليل الدلالي للبنية الصرفية في سورة: (الفتح)	أ. د. حمدي بن صلاح الهدهد	مجلة جامعة طيبة للآداب والعلوم الإنسانية (السعودية)	references	دراسات لغوية	مجلة جامعة طيبة للآداب والعلوم الإنسانية (السعودية)/8/7 التحليل الدلالي للبنية الصرفية في سورة$ (الفتح).pdf
77e4375a0073d3cd	التصغير وبنية الكلمة في ضوء علم اللغة المعاصر	د. علي بن سليمان الجوابرة	مجلة جامعة طيبة للآداب والعلوم الإنسانية (السعودية)	references	دراسات لغوية	مجلة جامعة طيبة للآداب والعلوم الإنسانية (السعودية)/6/4 التصغير وبنية الكلمة في ضوء علم اللغة المعاصر.pdf
1f416e92fac41cc5	التعاقب بين الهمزة والهاء في العربية: دراسةٌ صرفيةٌ تحليليةٌ	أ. د. حمد بن طالع العلوي	مجلة جامعة طيبة للآداب والعلوم الإنسانية (السعودية)	references	دراسات لغوية	مجلة جامعة طيبة للآداب والعلوم الإنسانية (السعودية)/40/1/11 التعاقب بين الهمزة والهاء في العربية$ دراسةٌ صرفيةٌ تحليليةٌ.pdf
47bd575e4f045c81	التفريق بين تفسير المعنى وتقدير الإعراب في التفاسير اللغوية: نماذج تطبيقيةٌ في سورة: (آل عمران)	د. صالح بن حسين الحارثي	مجلة جامعة طيبة للآداب والعلوم الإنسانية (السعودية)	references	دراسات لغوية	مجلة جامعة طيبة للآداب والعلوم الإنسانية (السعودية)/44/1/10 التفريق بين تفسير المعنى وتقدير الإعراب ... نماذج تطبيقيةٌ في سورة$ (آل عمران).pdf
8836ccd3fd40535d	التلقي في شرح ديوان/ البهاء زهير (تحقيق إدارة الطباعة المنيرية نموذجاً)	د. وئام محمد سيد أحمد	مجلة جامعة طيبة للآداب والعلوم الإنسانية (السعودية)	diwans	ديوان شعري | شعر وأدب	مجلة جامعة طيبة للآداب والعلوم الإنسانية (السعودية)/44/2/12 التلقي في شرح ديوان& البهاء زهير (تحقيق إدارة الطباعة المنيرية نموذجاً).pdf
b0f13953ffc65f2f	التماسك النصي في قصيدة: (رياح عامرية)، للشاعر/ سلطان السبهان	د. مي بنت عبد المحسن البنيان	مجلة جامعة طيبة للآداب والعلوم الإنسانية (السعودية)	references	دراسات لغوية	مجلة جامعة طيبة للآداب والعلوم الإنسانية (السعودية)/31/7 التماسك النصي في قصيدة$ (رياح عامرية)، للشاعر& سلطان السبهان.pdf
20842e13eabdabd8	التناص في شعر جائحة كورونا	د. مزنة بنت عبد الله البهلال	مجلة جامعة طيبة للآداب والعلوم الإنسانية (السعودية)	references	دراسات لغوية	مجلة جامعة طيبة للآداب والعلوم الإنسانية (السعودية)/38/2/10 التناص في شعر جائحة كورونا.pdf
e3d8afc161531b57	التوجيهات النحوية لقراءة أبي حيوة بالنصب	أ. د. حسن بن محمد القرني	مجلة جامعة طيبة للآداب والعلوم الإنسانية (السعودية)	references	دراسات لغوية	مجلة جامعة طيبة للآداب والعلوم الإنسانية (السعودية)/5/10 التوجيهات النحوية لقراءة أبي حيوة بالنصب.pdf
b3c7f5840731111e	(الخزامى) في الشعر العربي القديم: دراسةٌ وصفيةٌ تحليليةٌ	د. عبد الرحمن بن مناور الحربي	مجلة جامعة طيبة للآداب والعلوم الإنسانية (السعودية)	references	شعر وأدب	مجلة جامعة طيبة للآداب والعلوم الإنسانية (السعودية)/43/1/9 (الخزامى) في الشعر العربي القديم$ دراسةٌ وصفيةٌ تحليليةٌ.pdf
86e8da0080a9976c	الخلاف المعجمي في المصادر المعجمية (خلاف ابن الطيب الفاسي والملا علي أنموذجاً)	د. طارق بن مطلق المطيري	مجلة جامعة طيبة للآداب والعلوم الإنسانية (السعودية)	dictionaries	معجم لغوي	مجلة جامعة طيبة للآداب والعلوم الإنسانية (السعودية)/41/2/9 الخلاف المعجمي في المصادر المعجمية (خلاف ابن الطيب الفاسي والملا علي أنموذجاً).pdf
a60b46be4e2ea3c2	الرناطة كنتيجة للاتصال بين اللغات: دراسةٌ نظريةٌ ترتكز على علم اللغة الاجتماعي لفهم ظاهرة الرناطة	أ. د. محمد بن ظافر الحازمي	مجلة جامعة طيبة للآداب والعلوم الإنسانية (السعودية)	references	دراسات لغوية	مجلة جامعة طيبة للآداب والعلوم الإنسانية (السعودية)/18/7 الرناطة كنتيجة للاتصال بين اللغات$ دراسةٌ ... علم اللغة الاجتماعي لفهم ظاهرة الرناطة.pdf
375d60a4c87ff37d	السرد الوسائطي في قصة: (ربع مخيفة): قراءةٌ سيميوثقافيةٌ	د. وصفي ياسين عباس	مجلة جامعة طيبة للآداب والعلوم الإنسانية (السعودية)	references	دراسات لغوية	مجلة جامعة طيبة للآداب والعلوم الإنسانية (السعودية)/29/11 السرد الوسائطي في قصة$ (ربع مخيفة)$ قراءةٌ سيميوثقافيةٌ.pdf
ee6553416f411728	الشخصية بوصفها معياراً للنضج الروائي: حضور المرأة في بواكير الرواية السعودية	أ. د. معجب بن سعيد العدواني	مجلة جامعة طيبة للآداب والعلوم الإنسانية (السعودية)	references	دراسات لغوية	مجلة جامعة طيبة للآداب والعلوم الإنسانية (السعودية)/13/15 الشخصية بوصفها معياراً للنضج الروائي$ حضور المرأة في بواكير الرواية السعودية.pdf
0dfcb363c8daadb0	العلاقة بين تصور ابن درستويه لنشأة اللغة وآرائه اللغوية	أ. د. مقبل بن علي الدعدي	مجلة جامعة طيبة للآداب والعلوم الإنسانية (السعودية)	references	دراسات لغوية	مجلة جامعة طيبة للآداب والعلوم الإنسانية (السعودية)/36/1/3 العلاقة بين تصور ابن درستويه لنشأة اللغة وآرائه اللغوية.pdf
72ebe999c6611e54	الفضاء النصي وتشكلاته في ديوان: (سيرة الشجن)، لمحمد السقاف: مقاربةٌ تداوليةٌ لاستجابة القارئ	أ. د. أمل بنت محسن العميري	مجلة جامعة طيبة للآداب والعلوم الإنسانية (السعودية)	diwans	ديوان شعري | شعر وأدب	مجلة جامعة طيبة للآداب والعلوم الإنسانية (السعودية)/28/4 الفضاء النصي وتشكلاته في ديوان$ (سيرة ... لمحمد السقاف$ مقاربةٌ تداوليةٌ لاستجابة القارئ.pdf
062db1e761573661	القضايا البلاغية والنقدية في رسالة: (البلاغة)، لأبي العباس المبرد	أماني بنت سليمان داود	مجلة جامعة طيبة للآداب والعلوم الإنسانية (السعودية)	references	دراسات لغوية	مجلة جامعة طيبة للآداب والعلوم الإنسانية (السعودية)/14/12 القضايا البلاغية والنقدية في رسالة$ (البلاغة)، لأبي العباس المبرد.pdf
5521b67856f16bc6	اللغة بين مقتضى القاعدة النحوية وعلم النفس (أسلوب النداء أنموذجاً)	أ. د. عبد الله بن عويقل السلمي	مجلة جامعة طيبة للآداب والعلوم الإنسانية (السعودية)	references	دراسات لغوية	مجلة جامعة طيبة للآداب والعلوم الإنسانية (السعودية)/16/5 اللغة بين مقتضى القاعدة النحوية وعلم النفس (أسلوب النداء أنموذجاً).pdf
000dfd386a63c1b3	المسائل الصرفية التي استدركها ابن إيازٍ على ابن الأنباري في كتابه: (الإسعاف بتتمة الإنصاف)	أ. د. حمود بن حماد الربعي	مجلة جامعة طيبة للآداب والعلوم الإنسانية (السعودية)	references	دراسات لغوية	مجلة جامعة طيبة للآداب والعلوم الإنسانية (السعودية)/35/12 المسائل الصرفية التي استدركها ابن إيازٍ ... الأنباري في كتابه$ (الإسعاف بتتمة الإنصاف).pdf
c714fafaf2c28607	المستويات اللغوية في: (أقرب الموارد): دراسةٌ في المصادر والترتيب والتعريف المعجمي	د. عبد الله بن عيسى الفضيخ	مجلة جامعة طيبة للآداب والعلوم الإنسانية (السعودية)	references	دراسات لغوية	مجلة جامعة طيبة للآداب والعلوم الإنسانية (السعودية)/31/9 المستويات اللغوية في$ (أقرب الموارد)$ دراسةٌ في المصادر والترتيب والتعريف المعجمي.pdf
546febd04481ac13	المعاني البلاغية لحرفَي التنفيس في النظم القرآني	أ. د. ظافر بن غرمان العمري	مجلة جامعة طيبة للآداب والعلوم الإنسانية (السعودية)	references	دراسات لغوية	مجلة جامعة طيبة للآداب والعلوم الإنسانية (السعودية)/14/14 المعاني البلاغية لحرفَي التنفيس في النظم القرآني.pdf
acb1541cd5203505	المعجم الشعري للمدائح النبوية في شعر لسان الدين ابن الخطيب	أ. د. أنور بن يعقوب زمان	مجلة جامعة طيبة للآداب والعلوم الإنسانية (السعودية)	dictionaries	معجم لغوي	مجلة جامعة طيبة للآداب والعلوم الإنسانية (السعودية)/28/5 المعجم الشعري للمدائح النبوية في شعر لسان الدين ابن الخطيب.pdf
78cd11f3ce5e99f1	المعجمية عند ياقوت الحموي	أ. د. عليان بن محمد الحازمي	مجلة جامعة طيبة للآداب والعلوم الإنسانية (السعودية)	dictionaries	معجم لغوي	مجلة جامعة طيبة للآداب والعلوم الإنسانية (السعودية)/16/4 المعجمية عند ياقوت الحموي.pdf
5e1d6915443a5c31	الموقف النقدي وسؤال الشعرية عند قدامة بن جعفرٍ: دراسةٌ نقديةٌ	د. هاني بن فراج أبو بكر	مجلة جامعة طيبة للآداب والعلوم الإنسانية (السعودية)	references	شعر وأدب	مجلة جامعة طيبة للآداب والعلوم الإنسانية (السعودية)/6/6 الموقف النقدي وسؤال الشعرية عند قدامة بن جعفرٍ$ دراسةٌ نقديةٌ.pdf
766ce0d56fa69e53	النوستالجيا وتجلياتها في التجربة الشعرية للشعراء المنفيين في العصر الزنكي والأيوبي (ابن عنينٍ نموذجاً)	أ. د. وفاء بنت مياح العنزي	مجلة جامعة طيبة للآداب والعلوم الإنسانية (السعودية)	references	شعر وأدب	مجلة جامعة طيبة للآداب والعلوم الإنسانية (السعودية)/40/1/13 النوستالجيا وتجلياتها في التجربة الشعرية للشعراء ... العصر الزنكي والأيوبي (ابن عنينٍ نموذجاً).pdf
8708691a43a70896	الوعي بمسألة المنهج في خطاب النقد العربي المعاصر من خلال نماذج محددةٍ: الإشكالية، والتطور	د. عبد الله بن محمد هتان	مجلة جامعة طيبة للآداب والعلوم الإنسانية (السعودية)	references	دراسات لغوية	مجلة جامعة طيبة للآداب والعلوم الإنسانية (السعودية)/42/1/8 الوعي بمسألة المنهج في خطاب النقد ... من خلال نماذج محددةٍ$ الإشكالية، والتطور.pdf
8d93c77aec4e82b6	أنساق التماثل الصوتي في ديوان: (تيه ونار)، لعبد الرحيم عمر	أ. د. حسام بن محمد أيوب، د. إبراهيم بن عبد الله البعول	مجلة جامعة طيبة للآداب والعلوم الإنسانية (السعودية)	diwans	ديوان شعري | شعر وأدب	مجلة جامعة طيبة للآداب والعلوم الإنسانية (السعودية)/4/5 أنساق التماثل الصوتي في ديوان$ (تيه ونار)، لعبد الرحيم عمر.pdf
f1ed081eb179da66	برنامجٌ قائمٌ على الكتاب الإلكتروني لتنمية مهارات علامات الترقيم لدى متعلمي اللغة العربية الناطقين بلغاتٍ أخرى	د. صلاح بن ملهي السحيمي	مجلة جامعة طيبة للآداب والعلوم الإنسانية (السعودية)	references	دراسات لغوية	مجلة جامعة طيبة للآداب والعلوم الإنسانية (السعودية)/33/9 برنامجٌ قائمٌ على الكتاب الإلكتروني لتنمية ... متعلمي اللغة العربية الناطقين بلغاتٍ أخرى.pdf
f13056dd26c8fee4	بلاغة السرد المسرحي في مسرحية: (السجن الكبير)، لنعمان كدوه	أ. د. تيسير بنت عباس الشريف	مجلة جامعة طيبة للآداب والعلوم الإنسانية (السعودية)	references	دراسات لغوية	مجلة جامعة طيبة للآداب والعلوم الإنسانية (السعودية)/43/1/11 بلاغة السرد المسرحي في مسرحية$ (السجن الكبير)، لنعمان كدوه.pdf
a5b832622855fdc9	بنية الجملة الفعلية في القصة القصيرة جداً عند/ جبير المليحان في قصصٍ صغيرةٍ: دراسةٌ نحويةٌ دلاليةٌ	د. مطيعة بنت محمد الحربي	مجلة جامعة طيبة للآداب والعلوم الإنسانية (السعودية)	references	دراسات لغوية	مجلة جامعة طيبة للآداب والعلوم الإنسانية (السعودية)/40/1/10 بنية الجملة الفعلية في القصة القصيرة ... في قصصٍ صغيرةٍ$ دراسةٌ نحويةٌ دلاليةٌ.pdf
f2f312a7ab3033b0	تأملاتٌ نقديةٌ في علاقة التراث اللغوي العربي بالدرس اللساني الحديث	د. معاذ بن سليمان الدخيل	مجلة جامعة طيبة للآداب والعلوم الإنسانية (السعودية)	references	دراسات لغوية	مجلة جامعة طيبة للآداب والعلوم الإنسانية (السعودية)/42/1/11 تأملاتٌ نقديةٌ في علاقة التراث اللغوي العربي بالدرس اللساني الحديث.pdf
a85e2e47563d9983	تجليات الدلالة اللغوية لصيغة: (استفعل) في سورة: (البقرة): دراسةٌ صرفيةٌ تحليليةٌ	د. غادة بنت غنيم ذبالي	مجلة جامعة طيبة للآداب والعلوم الإنسانية (السعودية)	references	دراسات لغوية	مجلة جامعة طيبة للآداب والعلوم الإنسانية (السعودية)/43/1/8 تجليات الدلالة اللغوية لصيغة$ (استفعل) في سورة$ (البقرة)$ دراسةٌ صرفيةٌ تحليليةٌ.pdf
03b14da59dc6aa27	تجليات الرؤيا في سورة: (يوسف) وأثرها في تشكيل السرد القصصي الحديث: بحثٌ في البنية السردية	د. مريم بنت إبراهيم غبان	مجلة جامعة طيبة للآداب والعلوم الإنسانية (السعودية)	references	دراسات لغوية	مجلة جامعة طيبة للآداب والعلوم الإنسانية (السعودية)/17/6 تجليات الرؤيا في سورة$ (يوسف) وأثرها ... القصصي الحديث$ بحثٌ في البنية السردية.pdf
ad8f8d23c57a062c	تحليل الأخطاء الصوتية الشائعة في التعبير الشفوي لدى متعلمي اللغة العربية لغةً ثانيةً بجامعة القصيم	د. عبد الحكيم بن عبد الخالق الحسن، د. محمد بن سلطان السلطان	مجلة جامعة طيبة للآداب والعلوم الإنسانية (السعودية)	references	دراسات لغوية	مجلة جامعة طيبة للآداب والعلوم الإنسانية (السعودية)/41/2/13 تحليل الأخطاء الصوتية الشائعة في التعبير ... اللغة العربية لغةً ثانيةً بجامعة القصيم.pdf
c70e17e3d9eaf74e	تحليل المظاهر الفونويتيكية في الكتابة العربية: دراسةٌ في ضوء علم اللغة الحديث	د. محمد بن أحمد أبو عيد	مجلة جامعة طيبة للآداب والعلوم الإنسانية (السعودية)	references	دراسات لغوية	مجلة جامعة طيبة للآداب والعلوم الإنسانية (السعودية)/5/8 تحليل المظاهر الفونويتيكية في الكتابة العربية$ دراسةٌ في ضوء علم اللغة الحديث.pdf
ea1f66d424d59b27	تداولية الإشارة الشخصية في ديوان: (غناء الجرح)، للخطراوي	د. علي بن ناصر السهلي	مجلة جامعة طيبة للآداب والعلوم الإنسانية (السعودية)	diwans	ديوان شعري | شعر وأدب	مجلة جامعة طيبة للآداب والعلوم الإنسانية (السعودية)/43/1/12 تداولية الإشارة الشخصية في ديوان$ (غناء الجرح)، للخطراوي.pdf
61f05e8f171ce57a	تدريس مهارات اللغة العربية للناطقين بغيرها	د. عمر حسب الرسول عثمان	مجلة جامعة طيبة للآداب والعلوم الإنسانية (السعودية)	references	دراسات لغوية	مجلة جامعة طيبة للآداب والعلوم الإنسانية (السعودية)/23/8 تدريس مهارات اللغة العربية للناطقين بغيرها.pdf
e1e097a7a6b73051	تصورٌ مقترحٌ لتضمين مهارات القرن الحادي والعشرين في مقررات تعليم مهارات اللغة العربية لمتعلمي العربية الناطقين بلغاتٍ أخرى	أ. د. أبو بكر بن عبد الله علي	مجلة جامعة طيبة للآداب والعلوم الإنسانية (السعودية)	references	دراسات لغوية	مجلة جامعة طيبة للآداب والعلوم الإنسانية (السعودية)/38/1/10 تصورٌ مقترحٌ لتضمين مهارات القرن الحادي ... العربية لمتعلمي العربية الناطقين بلغاتٍ أخرى.pdf
20494fa31687bb48	تعدد الصيغ الصرفية للدلالة على المعنى الواحد: آثاره، وأسبابه (الفاعلية والمفعولية أنموذجاً)	د. عمر بن عواد الحربي	مجلة جامعة طيبة للآداب والعلوم الإنسانية (السعودية)	references	دراسات لغوية	مجلة جامعة طيبة للآداب والعلوم الإنسانية (السعودية)/29/5 تعدد الصيغ الصرفية للدلالة على المعنى الواحد$ آثاره، وأسبابه (الفاعلية والمفعولية أنموذجاً).pdf
23fc93d1217926a5	تقويم تطبيقات الهواتف الذكية على ضوء معايير توظيفها في تعليم اللغة العربية للناطقين بلغاتٍ أخرى: دراسةٌ تحليليةٌ	د. أيمن بن سويلم الجريشي	مجلة جامعة طيبة للآداب والعلوم الإنسانية (السعودية)	references	دراسات لغوية	مجلة جامعة طيبة للآداب والعلوم الإنسانية (السعودية)/33/10 تقويم تطبيقات الهواتف الذكية على ضوء ... العربية للناطقين بلغاتٍ أخرى$ دراسةٌ تحليليةٌ.pdf
a249aa547b9e82de	تمظهرات الرؤية السردية في ديوان: (شجن الجماد)، للشاعرة/ فوزية أبو خالد	د. ولاء قسم السيد بشير	مجلة جامعة طيبة للآداب والعلوم الإنسانية (السعودية)	diwans	ديوان شعري | شعر وأدب	مجلة جامعة طيبة للآداب والعلوم الإنسانية (السعودية)/40/2/11 تمظهرات الرؤية السردية في ديوان$ (شجن الجماد)، للشاعرة& فوزية أبو خالد.pdf
24eb00a2b029f4cb	تمكن متعلمي اللغة العربية الناطقين بلغاتٍ أخرى من المفاهيم الدينية: دراسةٌ ميدانيةٌ	د. أيمن بن سويلم الجريشي	مجلة جامعة طيبة للآداب والعلوم الإنسانية (السعودية)	references	دراسات لغوية	مجلة جامعة طيبة للآداب والعلوم الإنسانية (السعودية)/31/6 تمكن متعلمي اللغة العربية الناطقين بلغاتٍ أخرى من المفاهيم الدينية$ دراسةٌ ميدانيةٌ.pdf
1da4a12a0e8d9b06	تيسير النحو عند العثيمين في شرحه لألفية ابن مالكٍ	د. الوليد بن حسن مسلم	مجلة جامعة طيبة للآداب والعلوم الإنسانية (السعودية)	references	نحو	مجلة جامعة طيبة للآداب والعلوم الإنسانية (السعودية)/19/5 تيسير النحو عند العثيمين في شرحه لألفية ابن مالكٍ.pdf
dd7ce1433ac8527b	ثنائية سلطة النص ونص السلطة في الشعر العربي (دالية دريد بن الصمة أنموذجاً)	أ. د. قاسم بن أحمد آل قاسم	مجلة جامعة طيبة للآداب والعلوم الإنسانية (السعودية)	references	شعر وأدب	مجلة جامعة طيبة للآداب والعلوم الإنسانية (السعودية)/15/6 ثنائية سلطة النص ونص السلطة في ... العربي (دالية دريد بن الصمة أنموذجاً).pdf
c654a76c6f2ec1b3	جماليات الاستعارة في ديوان/ العباس بن مرداس: دراسةٌ مضمونيةٌ	د. أحلام بنت عبد الوهاب الجعافرة	مجلة جامعة طيبة للآداب والعلوم الإنسانية (السعودية)	diwans	ديوان شعري | شعر وأدب	مجلة جامعة طيبة للآداب والعلوم الإنسانية (السعودية)/43/2/12 جماليات الاستعارة في ديوان& العباس بن مرداس$ دراسةٌ مضمونيةٌ.pdf
95b86ec3dd7db259	دراسات صورة الآخر في الأدب العربي، وأثر إدوارد سعيد: دراسةٌ مقارنةٌ	أ. د. صالح بن عويد الحربي	مجلة جامعة طيبة للآداب والعلوم الإنسانية (السعودية)	references	دراسات لغوية	مجلة جامعة طيبة للآداب والعلوم الإنسانية (السعودية)/20/4 دراسات صورة الآخر في الأدب العربي، وأثر إدوارد سعيد$ دراسةٌ مقارنةٌ.pdf
29d7647a82785efb	دلالة القراءات الشاذة على الجائزات اللغوية في كتاب: (المحتسب) (سورة: (الفاتحة) و(البقرة) أنموذجاً)	أ. د. أحمد بن محمد الأمين الشنقيطي	مجلة جامعة طيبة للآداب والعلوم الإنسانية (السعودية)	references	دراسات لغوية	مجلة جامعة طيبة للآداب والعلوم الإنسانية (السعودية)/27/5 دلالة القراءات الشاذة على الجائزات اللغوية ... كتاب$ (المحتسب) (سورة$ (الفاتحة) و(البقرة) أنموذجاً).pdf
12ac0dd5885a2b70	رومانسية العنوان في ديوان/ حمد الحجي: دراسةٌ تحليليةٌ نقديةٌ	أ. د. فلاح بن مرشد العتيبي	مجلة جامعة طيبة للآداب والعلوم الإنسانية (السعودية)	diwans	ديوان شعري | شعر وأدب	مجلة جامعة طيبة للآداب والعلوم الإنسانية (السعودية)/37/2/12 رومانسية العنوان في ديوان& حمد الحجي$ دراسةٌ تحليليةٌ نقديةٌ.pdf
898e10ba5f29b993	رؤية الآخر في الشعر المهجري: مقاربةٌ أسلوبيةٌ	أ. د. عبد الله بن محمد الغفيص، مبارك بن محمد الغفيص	مجلة جامعة طيبة للآداب والعلوم الإنسانية (السعودية)	references	شعر وأدب	مجلة جامعة طيبة للآداب والعلوم الإنسانية (السعودية)/44/1/14 رؤية الآخر في الشعر المهجري$ مقاربةٌ أسلوبيةٌ.pdf
40509097944f1a54	شعرية التناول في القصة القصيرة جداً (مجموعة: (متظاهراً بالصمت)، ليحيى العلكمي أنموذجاً)	أ. د. محمد بن يحيى آل عجيم	مجلة جامعة طيبة للآداب والعلوم الإنسانية (السعودية)	references	دراسات لغوية	مجلة جامعة طيبة للآداب والعلوم الإنسانية (السعودية)/23/7 شعرية التناول في القصة القصيرة جداً (مجموعة$ (متظاهراً بالصمت)، ليحيى العلكمي أنموذجاً).pdf
ae4bc23974afa367	شعرية المكان في أعمال القصيبي الشعرية	أ. د. عبد الله بن محمد القرني	مجلة جامعة طيبة للآداب والعلوم الإنسانية (السعودية)	references	شعر وأدب	مجلة جامعة طيبة للآداب والعلوم الإنسانية (السعودية)/5/7 شعرية المكان في أعمال القصيبي الشعرية.pdf
cc7882722e9fa031	صورة الهامش في الرواية السعودية وفق منظور البنيوية التكوينية	د. بدرية بن عبد الله الفريدي	مجلة جامعة طيبة للآداب والعلوم الإنسانية (السعودية)	references	دراسات لغوية	مجلة جامعة طيبة للآداب والعلوم الإنسانية (السعودية)/29/8 صورة الهامش في الرواية السعودية وفق منظور البنيوية التكوينية.pdf
e5099c1b1c495bdf	صورة اليتيم في الشعر السعودي	د. مفرح بن إدريس أحمد	مجلة جامعة طيبة للآداب والعلوم الإنسانية (السعودية)	references	شعر وأدب	مجلة جامعة طيبة للآداب والعلوم الإنسانية (السعودية)/1/4 صورة اليتيم في الشعر السعودي.pdf
5a10b126b9d4877b	طرق التقوية اللغوية والسياقية للقراءات القرآنية الصحيحية (حجة القراءات لابن زنجلة نموذجاً)	د. رياض بن رزق الله أبو هولا	مجلة جامعة طيبة للآداب والعلوم الإنسانية (السعودية)	references	دراسات لغوية	مجلة جامعة طيبة للآداب والعلوم الإنسانية (السعودية)/44/1/13 طرق التقوية اللغوية والسياقية للقراءات القرآنية الصحيحية (حجة القراءات لابن زنجلة نموذجاً).pdf
3d202bf40ea3549a	ظاهرة التأويل في إعراب الشواهد الشعرية النحوية في باب: (إن وأخواتها)	د. محمد بن عبد القادر هنادي	مجلة جامعة طيبة للآداب والعلوم الإنسانية (السعودية)	references	شعر وأدب	مجلة جامعة طيبة للآداب والعلوم الإنسانية (السعودية)/8/9 ظاهرة التأويل في إعراب الشواهد الشعرية النحوية في باب$ (إن وأخواتها).pdf
a5b207359c711cfd	فكرة الأبعاد التصويرية في الصورة البلاغية ودورها في تنمية خيال المتلقي وذوقه	أ. د. نجاح بنت أحمد الظهار	مجلة جامعة طيبة للآداب والعلوم الإنسانية (السعودية)	references	دراسات لغوية	مجلة جامعة طيبة للآداب والعلوم الإنسانية (السعودية)/6/7 فكرة الأبعاد التصويرية في الصورة البلاغية ودورها في تنمية خيال المتلقي وذوقه.pdf
7bb2beabc82e0589	فلسفة/ تأبط شراً الاجتماعية (قصيدة: (يا عيد) نموذجاً)	د. ماجد بن ناصر الفهيد	مجلة جامعة طيبة للآداب والعلوم الإنسانية (السعودية)	references	دراسات لغوية	مجلة جامعة طيبة للآداب والعلوم الإنسانية (السعودية)/37/2/8 فلسفة& تأبط شراً الاجتماعية (قصيدة$ (يا عيد) نموذجاً).pdf
c2e2b3c36f67aea4	في البلاغة القرآنية: الألوان البديعية والإعجاز القرآني	د. بدر بن عبد العال حسين	مجلة جامعة طيبة للآداب والعلوم الإنسانية (السعودية)	references	دراسات لغوية	مجلة جامعة طيبة للآداب والعلوم الإنسانية (السعودية)/10/11 في البلاغة القرآنية$ الألوان البديعية والإعجاز القرآني.pdf
38f0a107bb158c82	قداسة المرأة في الشعر الجاهلي	د. مريم بنت محمد الأمين الشنقيطي	مجلة جامعة طيبة للآداب والعلوم الإنسانية (السعودية)	references	شعر وأدب	مجلة جامعة طيبة للآداب والعلوم الإنسانية (السعودية)/35/9 قداسة المرأة في الشعر الجاهلي.pdf
12d37d9b573262cb	قراءةٌ أسلوبيةٌ في قصيدة حسان بن ثابتٍ (هل المجد إلا السؤدد العود والندى) أنموذجاً	د. فاطمة بنت صالح البرادي	مجلة جامعة طيبة للآداب والعلوم الإنسانية (السعودية)	references	دراسات لغوية	مجلة جامعة طيبة للآداب والعلوم الإنسانية (السعودية)/39/1/9 قراءةٌ أسلوبيةٌ في قصيدة حسان بن ... المجد إلا السؤدد العود والندى) أنموذجاً.pdf
355a9fb28b74635e	قصيدة: (الجبل)، لابن خفاجة: دراسةٌ أسلوبيةٌ	أ. د. أنور بن يعقوب زمان	مجلة جامعة طيبة للآداب والعلوم الإنسانية (السعودية)	references	دراسات لغوية	مجلة جامعة طيبة للآداب والعلوم الإنسانية (السعودية)/14/16 قصيدة$ (الجبل)، لابن خفاجة$ دراسةٌ أسلوبيةٌ.pdf
405f67c6ef88f718	قصيدة: (طابة .. حديث الغيب والشهادة)، ليوسف الرحيلي: دراسةٌ أسلوبيةٌ	د. سعيد بن يحيى عواجي	مجلة جامعة طيبة للآداب والعلوم الإنسانية (السعودية)	references	دراسات لغوية	مجلة جامعة طيبة للآداب والعلوم الإنسانية (السعودية)/32/6 قصيدة$ (طابة .. حديث الغيب والشهادة)، ليوسف الرحيلي$ دراسةٌ أسلوبيةٌ.pdf
5c6926ff1648a8a1	لغة الخطاب في عامريات ابن دراجٍ القسطلي (قصيدة: (دعي عزمات المستضام تسير) أنموذجاً): دراسةٌ في التشكيل اللغوي	د. إبراهيم بن مصطفى الدلاهمة، د. زياد بن محمد أبو سمور	مجلة جامعة طيبة للآداب والعلوم الإنسانية (السعودية)	references	دراسات لغوية	مجلة جامعة طيبة للآداب والعلوم الإنسانية (السعودية)/13/13 لغة الخطاب في عامريات ابن دراجٍ ... تسير) أنموذجاً)$ دراسةٌ في التشكيل اللغوي.pdf
461f9c2c77ab9046	مدى توظيف الذكاء الاصطناعي بمعهد تعليم اللغة العربية بالجامعة الإسلامية بالمدينة المنورة من وجهة نظر أعضاء هيئة التدريس	د. أنس بن حسين آل علي	مجلة جامعة طيبة للآداب والعلوم الإنسانية (السعودية)	references	دراسات لغوية	مجلة جامعة طيبة للآداب والعلوم الإنسانية (السعودية)/40/2/12 مدى توظيف الذكاء الاصطناعي بمعهد تعليم ... من وجهة نظر أعضاء هيئة التدريس.pdf
f39851f40d378cd3	مفهوم الخطاب: بين مرجعه الأصلي وتأصيله في اللغة العربية	د. مختار الفجاري	مجلة جامعة طيبة للآداب والعلوم الإنسانية (السعودية)	references	دراسات لغوية	مجلة جامعة طيبة للآداب والعلوم الإنسانية (السعودية)/3/10 مفهوم الخطاب$ بين مرجعه الأصلي وتأصيله في اللغة العربية.pdf
2ee174737cb3b8c1	ملامح الإبداع في الشعر الأندلسي (قصيدة ابن زيدون: (أضحى التنائي بديلاً من تدانيا) نموذجاً)	أ. د. أحمد بن محمد محمود	مجلة جامعة طيبة للآداب والعلوم الإنسانية (السعودية)	references	شعر وأدب	مجلة جامعة طيبة للآداب والعلوم الإنسانية (السعودية)/9/10 ملامح الإبداع في الشعر الأندلسي (قصيدة ... (أضحى التنائي بديلاً من تدانيا) نموذجاً).pdf
88df05ddbda53311	من الأسس الصرفية عند تمام حسان (أقسام الكلم، الجمود والاشتقاق، صيغ الاشتقاق) وأهميتها في تعليم اللغة العربية للناطقين بغيرها: دراسةٌ صرفيةٌ تحليليةٌ	د. محمد بن عبده حامظي	مجلة جامعة طيبة للآداب والعلوم الإنسانية (السعودية)	references	دراسات لغوية	مجلة جامعة طيبة للآداب والعلوم الإنسانية (السعودية)/38/1/11 من الأسس الصرفية عند تمام حسان ... العربية للناطقين بغيرها$ دراسةٌ صرفيةٌ تحليليةٌ.pdf
2743d481b973cb87	منطقة الجبلين في الشعر العربي القديم: مقاربةٌ أدبيةٌ تاريخيةٌ جغرافيةٌ	د. فهد بن إبراهيم البكر	مجلة جامعة طيبة للآداب والعلوم الإنسانية (السعودية)	references	شعر وأدب	مجلة جامعة طيبة للآداب والعلوم الإنسانية (السعودية)/17/7 منطقة الجبلين في الشعر العربي القديم$ مقاربةٌ أدبيةٌ تاريخيةٌ جغرافيةٌ.pdf
79470113f0c36019	واقع تعليم اللغة العربية للناطقين بغيرها ومتطلبات تعليمها واستشراف مستقبلها من وجهة نظر مدرسيها في الجامعات السعودية	د. إبراهيم بن صالح العبود	مجلة جامعة طيبة للآداب والعلوم الإنسانية (السعودية)	references	دراسات لغوية	مجلة جامعة طيبة للآداب والعلوم الإنسانية (السعودية)/34/9 واقع تعليم اللغة العربية للناطقين بغيرها ... وجهة نظر مدرسيها في الجامعات السعودية.pdf
0b5e323dbdd4ea9f	وصف المقبرة من النص إلى اللانص: مقاربةٌ شعريةٌ لنماذج من الرواية العربية	أ. د. منال بنت عبد العزيز العيسى	مجلة جامعة طيبة للآداب والعلوم الإنسانية (السعودية)	references	دراسات لغوية	مجلة جامعة طيبة للآداب والعلوم الإنسانية (السعودية)/19/4 وصف المقبرة من النص إلى اللانص$ مقاربةٌ شعريةٌ لنماذج من الرواية العربية.pdf
5ffe4c6d2220b34d	وهم المصطلح: بين النقد والتوظيف (المنبوذ في السرد أنموذجاً)	د. نهى بنت محمد الشايقي	مجلة جامعة طيبة للآداب والعلوم الإنسانية (السعودية)	references	دراسات لغوية	مجلة جامعة طيبة للآداب والعلوم الإنسانية (السعودية)/36/1/8 وهم المصطلح$ بين النقد والتوظيف (المنبوذ في السرد أنموذجاً).pdf
8da8cdbf0fa85010	مغالطات المستشرقين من خلال الإشكالات المنهجية في كتاب: (قواعد اللغة العربية) لرايت	د. عبد الله بن هادي القحطاني	مجلة دراسات إسلامية (السعودية)	references	دراسات لغوية	مجلة دراسات إسلامية (السعودية)/1/4 مغالطات المستشرقين من خلال الإشكالات المنهجية في كتاب$ (قواعد اللغة العربية) لرايت.pdf
f0dd0dba1bdbcd78	أثر المعجم العربي في تفسير القرآن الكريم: قراءةٌ في بعض النماذج	د. واسيني بن عبد الله بوزيان	مجلة معهد الإمام الشاطبي للدراسات القرآنية (السعودية)	dictionaries	معجم لغوي	مجلة معهد الإمام الشاطبي للدراسات القرآنية (السعودية)/26/2 أثر المعجم العربي في تفسير القرآن الكريم$ قراءةٌ في بعض النماذج.pdf
63870dfe2afe6ee4	الأساليب البلاغية في: (سورة الجن): دراسةٌ تفسيريةٌ	د. تهاني بنت سالم باحويرث	مجلة معهد الإمام الشاطبي للدراسات القرآنية (السعودية)	references	دراسات لغوية	مجلة معهد الإمام الشاطبي للدراسات القرآنية (السعودية)/34/3 الأساليب البلاغية في$ (سورة الجن)$ دراسةٌ تفسيريةٌ.pdf
374e6d088a60aced	الاستدلال بالأثر على الحجّة اللّغويّة للقراءة القرآنيّة عند ابن خالويه	د. محمد بن صالح برناوي	مجلة معهد الإمام الشاطبي للدراسات القرآنية (السعودية)	references	دراسات لغوية	مجلة معهد الإمام الشاطبي للدراسات القرآنية (السعودية)/34/6 الاستدلال بالأثر على الحجّة اللّغويّة للقراءة القرآنيّة عند ابن خالويه.pdf
df54f3cc6baa92b8	التوجيهات النحوية لقراءة أبي السمال العدوي	أ. د. عبد الله بن عويقل السلمي	مجلة معهد الإمام الشاطبي للدراسات القرآنية (السعودية)	references	دراسات لغوية	مجلة معهد الإمام الشاطبي للدراسات القرآنية (السعودية)/2/3 التوجيهات النحوية لقراءة أبي السمال العدوي.pdf
134480ad4b04b8e7	التوجيهات النحوية لقراءة يزيد بن قطيب الشامي	أ. د. سعيد بن علي الغامدي	مجلة معهد الإمام الشاطبي للدراسات القرآنية (السعودية)	references	دراسات لغوية	مجلة معهد الإمام الشاطبي للدراسات القرآنية (السعودية)/11/5 التوجيهات النحوية لقراءة يزيد بن قطيب الشامي.pdf
ec4fcc81a1759901	الشّواهد الشّعريّة على غريب القرآن من معلّقة لبيد بن ربيعة	أ. د. ماجد بن عبد الرحمن الصمعان	مجلة معهد الإمام الشاطبي للدراسات القرآنية (السعودية)	references	شعر وأدب	مجلة معهد الإمام الشاطبي للدراسات القرآنية (السعودية)/37/4 الشّواهد الشّعريّة على غريب القرآن من معلّقة لبيد بن ربيعة.pdf
bb98bc6da2c69b02	الفروق اللغوية بين ألفاظ العلم ومراتبه ووسائله في القرآن الكريم	د. محمود بن أحمد الأطرش	مجلة معهد الإمام الشاطبي للدراسات القرآنية (السعودية)	references	دراسات لغوية	مجلة معهد الإمام الشاطبي للدراسات القرآنية (السعودية)/3/5 الفروق اللغوية بين ألفاظ العلم ومراتبه ووسائله في القرآن الكريم.pdf
7558eaca47dd3349	(كيف) الاستفهامية في الدراسات النحوية وأوجه إعرابها في القرآن الكريم	أ. د. أحمد بن محمد القرشي	مجلة معهد الإمام الشاطبي للدراسات القرآنية (السعودية)	references	دراسات لغوية	مجلة معهد الإمام الشاطبي للدراسات القرآنية (السعودية)/1/6 (كيف) الاستفهامية في الدراسات النحوية وأوجه إعرابها في القرآن الكريم.pdf
76b1142c86213eef	مقامات مادة البيع في القرآن الكريم وأسرارها البلاغية	أ. د. عبد الرحمن بن رجاء الله السلمي	مجلة معهد الإمام الشاطبي للدراسات القرآنية (السعودية)	references	دراسات لغوية	مجلة معهد الإمام الشاطبي للدراسات القرآنية (السعودية)/21/5 مقامات مادة البيع في القرآن الكريم وأسرارها البلاغية.pdf
5379f85c351051c2	(هيهات): أحكامها النحوية وتوجيه قراءاتها	د. مصطفى بن فؤاد أحمد	مجلة معهد الإمام الشاطبي للدراسات القرآنية (السعودية)	references	دراسات لغوية	مجلة معهد الإمام الشاطبي للدراسات القرآنية (السعودية)/8/4 (هيهات)$ أحكامها النحوية وتوجيه قراءاتها.pdf
